player,team,league,season,position_group,position_full,minutes,archetype,archetype_name
Alfreð Finnbogason,Augsburg,Bundesliga,2018,FW,FW,1814.0,FW-0,Low involvement centre forwards
Caiuby,Augsburg,Bundesliga,2018,MF,"MF,FW",2855.0,MF-1,Advanced attacking midfielders
Daniel Baier,Augsburg,Bundesliga,2018,MF,MF,2538.0,MF-0,Deep ball winning midfielders
Daniel Opare,Augsburg,Bundesliga,2018,DF,DF,1417.0,DF-1,Wide attacking defenders
Jan Morávek,Augsburg,Bundesliga,2018,MF,MF,702.0,MF-0,Deep ball winning midfielders
Jeffrey Gouweleeuw,Augsburg,Bundesliga,2018,DF,DF,2385.0,DF-0,Deep central defenders
Jonathan Schmid,Augsburg,Bundesliga,2018,DF,"DF,MF",1473.0,DF-1,Wide attacking defenders
Kevin Danso,Augsburg,Bundesliga,2018,DF,DF,1105.0,DF-0,Deep central defenders
Koo Ja-cheol,Augsburg,Bundesliga,2018,MF,MF,2046.0,MF-0,Deep ball winning midfielders
Marcel Heller,Augsburg,Bundesliga,2018,MF,MF,1299.0,MF-1,Advanced attacking midfielders
Marco Richter,Augsburg,Bundesliga,2018,MF,"MF,FW",644.0,MF-1,Advanced attacking midfielders
Martin Hinteregger,Augsburg,Bundesliga,2018,DF,DF,2655.0,DF-0,Deep central defenders
Michael Gregoritsch,Augsburg,Bundesliga,2018,MF,"MF,FW",2527.0,MF-1,Advanced attacking midfielders
Philipp Max,Augsburg,Bundesliga,2018,DF,DF,2959.0,DF-1,Wide attacking defenders
Rani Khedira,Augsburg,Bundesliga,2018,MF,"MF,DF",2275.0,MF-0,Deep ball winning midfielders
Raphael Framberger,Augsburg,Bundesliga,2018,DF,DF,696.0,DF-1,Wide attacking defenders
Sergio Córdova,Augsburg,Bundesliga,2018,FW,"FW,MF",586.0,FW-0,Low involvement centre forwards
Arjen Robben,Bayern Munich,Bundesliga,2018,FW,"FW,MF",1507.0,FW-1,Creating and carrying forwards
Arturo Vidal,Bayern Munich,Bundesliga,2018,MF,MF,1456.0,MF-0,Deep ball winning midfielders
Corentin Tolisso,Bayern Munich,Bundesliga,2018,MF,MF,1575.0,MF-1,Advanced attacking midfielders
David Alaba,Bayern Munich,Bundesliga,2018,DF,DF,1551.0,DF-1,Wide attacking defenders
Franck Ribéry,Bayern Munich,Bundesliga,2018,FW,"FW,MF",1203.0,FW-1,Creating and carrying forwards
James Rodríguez,Bayern Munich,Bundesliga,2018,MF,MF,1621.0,MF-1,Advanced attacking midfielders
Javi Martínez,Bayern Munich,Bundesliga,2018,MF,"MF,DF",1609.0,MF-0,Deep ball winning midfielders
Joshua Kimmich,Bayern Munich,Bundesliga,2018,DF,DF,2329.0,DF-1,Wide attacking defenders
Juan Bernat,Bayern Munich,Bundesliga,2018,DF,"DF,FW",888.0,DF-1,Wide attacking defenders
Jérôme Boateng,Bayern Munich,Bundesliga,2018,DF,DF,1640.0,DF-0,Deep central defenders
Kingsley Coman,Bayern Munich,Bundesliga,2018,MF,"MF,FW",1153.0,MF-1,Advanced attacking midfielders
Mats Hummels,Bayern Munich,Bundesliga,2018,DF,DF,2213.0,DF-0,Deep central defenders
Niklas Süle,Bayern Munich,Bundesliga,2018,DF,DF,1926.0,DF-0,Deep central defenders
Rafinha,Bayern Munich,Bundesliga,2018,DF,DF,1851.0,DF-1,Wide attacking defenders
Robert Lewandowski,Bayern Munich,Bundesliga,2018,FW,FW,2172.0,FW-0,Low involvement centre forwards
Sandro Wagner,Bayern Munich,Bundesliga,2018,FW,FW,726.0,FW-0,Low involvement centre forwards
Sebastian Rudy,Bayern Munich,Bundesliga,2018,MF,MF,1515.0,MF-0,Deep ball winning midfielders
Thiago Alcántara,Bayern Munich,Bundesliga,2018,MF,"MF,FW",1247.0,MF-0,Deep ball winning midfielders
Thomas Müller,Bayern Munich,Bundesliga,2018,MF,"MF,FW",2005.0,MF-1,Advanced attacking midfielders
Andriy Yarmolenko,Dortmund,Bundesliga,2018,FW,"FW,MF",1039.0,FW-1,Creating and carrying forwards
André Schürrle,Dortmund,Bundesliga,2018,MF,"MF,FW",1236.0,MF-1,Advanced attacking midfielders
Christian Pulisic,Dortmund,Bundesliga,2018,FW,"FW,MF",2302.0,FW-1,Creating and carrying forwards
Dan-Axel Zagadou,Dortmund,Bundesliga,2018,DF,DF,657.0,DF-1,Wide attacking defenders
Gonzalo Castro,Dortmund,Bundesliga,2018,MF,MF,1206.0,MF-1,Advanced attacking midfielders
Jadon Sancho,Dortmund,Bundesliga,2018,FW,FW,690.0,FW-1,Creating and carrying forwards
Jeremy Toljan,Dortmund,Bundesliga,2018,DF,DF,1211.0,DF-1,Wide attacking defenders
Julian Weigl,Dortmund,Bundesliga,2018,MF,MF,1944.0,MF-0,Deep ball winning midfielders
Mahmoud Dahoud,Dortmund,Bundesliga,2018,MF,MF,1146.0,MF-1,Advanced attacking midfielders
Manuel Akanji,Dortmund,Bundesliga,2018,DF,DF,904.0,DF-0,Deep central defenders
Marc Bartra,Dortmund,Bundesliga,2018,DF,DF,807.0,DF-1,Wide attacking defenders
Marcel Schmelzer,Dortmund,Bundesliga,2018,DF,DF,1491.0,DF-1,Wide attacking defenders
Marco Reus,Dortmund,Bundesliga,2018,MF,MF,928.0,MF-1,Advanced attacking midfielders
Mario Götze,Dortmund,Bundesliga,2018,MF,MF,1601.0,MF-1,Advanced attacking midfielders
Maximilian Philipp,Dortmund,Bundesliga,2018,FW,"FW,MF",1203.0,FW-0,Low involvement centre forwards
Michy Batshuayi,Dortmund,Bundesliga,2018,FW,FW,839.0,FW-0,Low involvement centre forwards
Nuri Şahin,Dortmund,Bundesliga,2018,MF,MF,1225.0,MF-0,Deep ball winning midfielders
Pierre-Emerick Aubameyang,Dortmund,Bundesliga,2018,FW,FW,1416.0,FW-0,Low involvement centre forwards
Raphaël Guerreiro,Dortmund,Bundesliga,2018,DF,"DF,MF",547.0,DF-1,Wide attacking defenders
Shinji Kagawa,Dortmund,Bundesliga,2018,MF,MF,1166.0,MF-1,Advanced attacking midfielders
Sokratis Papastathopoulos,Dortmund,Bundesliga,2018,DF,DF,2373.0,DF-0,Deep central defenders
Ömer Toprak,Dortmund,Bundesliga,2018,DF,DF,2020.0,DF-0,Deep central defenders
Łukasz Piszczek,Dortmund,Bundesliga,2018,DF,DF,2138.0,DF-1,Wide attacking defenders
Ante Rebić,Eint Frankfurt,Bundesliga,2018,FW,"FW,MF",1751.0,FW-1,Creating and carrying forwards
Carlos Salcedo,Eint Frankfurt,Bundesliga,2018,DF,DF,1607.0,DF-0,Deep central defenders
Danny da Costa,Eint Frankfurt,Bundesliga,2018,DF,"DF,FW",1202.0,DF-1,Wide attacking defenders
David Abraham,Eint Frankfurt,Bundesliga,2018,DF,DF,2302.0,DF-0,Deep central defenders
Gelson Fernandes,Eint Frankfurt,Bundesliga,2018,MF,MF,1036.0,MF-0,Deep ball winning midfielders
Jetro Willems,Eint Frankfurt,Bundesliga,2018,FW,"FW,DF",1664.0,FW-1,Creating and carrying forwards
Jonathan de Guzmán,Eint Frankfurt,Bundesliga,2018,MF,MF,1092.0,MF-0,Deep ball winning midfielders
Kevin-Prince Boateng,Eint Frankfurt,Bundesliga,2018,MF,"MF,FW",2357.0,MF-0,Deep ball winning midfielders
Luka Jović,Eint Frankfurt,Bundesliga,2018,FW,FW,936.0,FW-0,Low involvement centre forwards
Makoto Hasebe,Eint Frankfurt,Bundesliga,2018,DF,"DF,MF",2090.0,DF-0,Deep central defenders
Marco Russ,Eint Frankfurt,Bundesliga,2018,DF,DF,1145.0,DF-0,Deep central defenders
Marius Wolf,Eint Frankfurt,Bundesliga,2018,MF,"MF,FW",2363.0,MF-1,Advanced attacking midfielders
Mijat Gaćinović,Eint Frankfurt,Bundesliga,2018,MF,MF,1815.0,MF-1,Advanced attacking midfielders
Omar Mascarell,Eint Frankfurt,Bundesliga,2018,MF,MF,771.0,MF-0,Deep ball winning midfielders
Simon Falette,Eint Frankfurt,Bundesliga,2018,DF,DF,2211.0,DF-0,Deep central defenders
Sébastien Haller,Eint Frankfurt,Bundesliga,2018,FW,FW,2347.0,FW-0,Low involvement centre forwards
Timothy Chandler,Eint Frankfurt,Bundesliga,2018,DF,"DF,FW",1892.0,DF-1,Wide attacking defenders
Amir Abrashi,Freiburg,Bundesliga,2018,MF,MF,850.0,MF-0,Deep ball winning midfielders
Christian Günter,Freiburg,Bundesliga,2018,DF,"DF,MF",3060.0,DF-1,Wide attacking defenders
Florian Kath,Freiburg,Bundesliga,2018,FW,"FW,MF",674.0,FW-1,Creating and carrying forwards
Florian Niederlechner,Freiburg,Bundesliga,2018,FW,"FW,MF",697.0,FW-0,Low involvement centre forwards
Janik Haberer,Freiburg,Bundesliga,2018,MF,"MF,FW",2748.0,MF-0,Deep ball winning midfielders
Julian Schuster,Freiburg,Bundesliga,2018,DF,"DF,MF",1308.0,DF-0,Deep central defenders
Lucas Höler,Freiburg,Bundesliga,2018,FW,"FW,MF",906.0,FW-0,Low involvement centre forwards
Lukas Kübler,Freiburg,Bundesliga,2018,DF,"DF,MF",1151.0,DF-0,Deep central defenders
Manuel Gulde,Freiburg,Bundesliga,2018,DF,DF,1530.0,DF-0,Deep central defenders
Marc-Oliver Kempf,Freiburg,Bundesliga,2018,DF,DF,901.0,DF-0,Deep central defenders
Marco Terrazzino,Freiburg,Bundesliga,2018,MF,"MF,FW",1489.0,MF-1,Advanced attacking midfielders
Mike Frantz,Freiburg,Bundesliga,2018,MF,MF,1041.0,MF-0,Deep ball winning midfielders
Nicolas Höfler,Freiburg,Bundesliga,2018,MF,MF,2259.0,MF-0,Deep ball winning midfielders
Nils Petersen,Freiburg,Bundesliga,2018,FW,FW,2244.0,FW-0,Low involvement centre forwards
Pascal Stenzel,Freiburg,Bundesliga,2018,MF,"MF,DF",1941.0,MF-0,Deep ball winning midfielders
Philipp Lienhart,Freiburg,Bundesliga,2018,DF,DF,865.0,DF-0,Deep central defenders
Robin Koch,Freiburg,Bundesliga,2018,MF,"MF,DF",1919.0,MF-0,Deep ball winning midfielders
Tim Kleindienst,Freiburg,Bundesliga,2018,FW,"FW,DF",1138.0,FW-0,Low involvement centre forwards
Yoric Ravet,Freiburg,Bundesliga,2018,FW,"FW,MF",498.0,FW-1,Creating and carrying forwards
Çağlar Söyüncü,Freiburg,Bundesliga,2018,DF,DF,2153.0,DF-0,Deep central defenders
Aaron Hunt,Hamburger SV,Bundesliga,2018,MF,"MF,FW",2081.0,MF-1,Advanced attacking midfielders
Albin Ekdal,Hamburger SV,Bundesliga,2018,MF,MF,1108.0,MF-0,Deep ball winning midfielders
André Hahn,Hamburger SV,Bundesliga,2018,FW,"FW,MF",1358.0,FW-0,Low involvement centre forwards
Bobby Wood,Hamburger SV,Bundesliga,2018,FW,"FW,MF",1609.0,FW-0,Low involvement centre forwards
Dennis Diekmeier,Hamburger SV,Bundesliga,2018,DF,DF,1868.0,DF-1,Wide attacking defenders
Douglas Santos,Hamburger SV,Bundesliga,2018,DF,DF,2378.0,DF-1,Wide attacking defenders
Filip Kostić,Hamburger SV,Bundesliga,2018,MF,"MF,FW",2438.0,MF-1,Advanced attacking midfielders
Gideon Jung,Hamburger SV,Bundesliga,2018,MF,"MF,DF",2570.0,MF-0,Deep ball winning midfielders
Gōtoku Sakai,Hamburger SV,Bundesliga,2018,DF,"DF,MF",2289.0,DF-1,Wide attacking defenders
Jann-Fiete Arp,Hamburger SV,Bundesliga,2018,FW,"FW,MF",850.0,FW-0,Low involvement centre forwards
Kyriakos Papadopoulos,Hamburger SV,Bundesliga,2018,DF,DF,2610.0,DF-0,Deep central defenders
Lewis Holtby,Hamburger SV,Bundesliga,2018,MF,"MF,FW",1196.0,MF-1,Advanced attacking midfielders
Luca Waldschmidt,Hamburger SV,Bundesliga,2018,MF,"MF,FW",794.0,MF-1,Advanced attacking midfielders
Mërgim Mavraj,Hamburger SV,Bundesliga,2018,DF,DF,1445.0,DF-0,Deep central defenders
Rick van Drongelen,Hamburger SV,Bundesliga,2018,DF,DF,1440.0,DF-0,Deep central defenders
Tatsuya Ito,Hamburger SV,Bundesliga,2018,MF,"MF,FW",1012.0,MF-1,Advanced attacking midfielders
Ville Matti Steinmann,Hamburger SV,Bundesliga,2018,MF,MF,595.0,MF-0,Deep ball winning midfielders
Walace,Hamburger SV,Bundesliga,2018,MF,MF,1318.0,MF-0,Deep ball winning midfielders
Felipe,Hannover 96,Bundesliga,2018,DF,DF,457.0,DF-0,Deep central defenders
Felix Klaus,Hannover 96,Bundesliga,2018,MF,"MF,FW",1981.0,MF-1,Advanced attacking midfielders
Ihlas Bebou,Hannover 96,Bundesliga,2018,MF,"MF,FW",2140.0,MF-1,Advanced attacking midfielders
Iver Fossum,Hannover 96,Bundesliga,2018,MF,MF,1306.0,MF-0,Deep ball winning midfielders
Jonathas,Hannover 96,Bundesliga,2018,FW,FW,634.0,FW-0,Low involvement centre forwards
Josip Elez,Hannover 96,Bundesliga,2018,DF,DF,774.0,DF-0,Deep central defenders
Julian Korb,Hannover 96,Bundesliga,2018,DF,"DF,MF",2336.0,DF-1,Wide attacking defenders
Kenan Karaman,Hannover 96,Bundesliga,2018,MF,"MF,FW",855.0,MF-1,Advanced attacking midfielders
Martin Harnik,Hannover 96,Bundesliga,2018,FW,"FW,MF",1888.0,FW-0,Low involvement centre forwards
Marvin Bakalorz,Hannover 96,Bundesliga,2018,MF,MF,2055.0,MF-0,Deep ball winning midfielders
Matthias Ostrzolek,Hannover 96,Bundesliga,2018,DF,"DF,MF",2379.0,DF-1,Wide attacking defenders
Miiko Albornoz,Hannover 96,Bundesliga,2018,DF,"DF,MF",703.0,DF-1,Wide attacking defenders
Niclas Füllkrug,Hannover 96,Bundesliga,2018,FW,FW,2387.0,FW-0,Low involvement centre forwards
Oliver Sorg,Hannover 96,Bundesliga,2018,DF,"DF,MF",1687.0,DF-0,Deep central defenders
Pirmin Schwegler,Hannover 96,Bundesliga,2018,MF,MF,2319.0,MF-0,Deep ball winning midfielders
Salif Sané,Hannover 96,Bundesliga,2018,DF,DF,2879.0,DF-0,Deep central defenders
Timo Hübers,Hannover 96,Bundesliga,2018,DF,DF,450.0,DF-0,Deep central defenders
Waldemar Anton,Hannover 96,Bundesliga,2018,DF,"DF,MF",2278.0,DF-0,Deep central defenders
Alexander Esswein,Hertha BSC,Bundesliga,2018,MF,"MF,FW",617.0,MF-1,Advanced attacking midfielders
Arne Maier,Hertha BSC,Bundesliga,2018,MF,MF,1223.0,MF-0,Deep ball winning midfielders
Davie Selke,Hertha BSC,Bundesliga,2018,FW,FW,1886.0,FW-0,Low involvement centre forwards
Fabian Lustenberger,Hertha BSC,Bundesliga,2018,MF,"MF,DF",1583.0,MF-0,Deep ball winning midfielders
Jordan Torunarigha,Hertha BSC,Bundesliga,2018,DF,DF,663.0,DF-0,Deep central defenders
Karim Rekik,Hertha BSC,Bundesliga,2018,DF,DF,2302.0,DF-0,Deep central defenders
Marvin Plattenhardt,Hertha BSC,Bundesliga,2018,DF,DF,2970.0,DF-1,Wide attacking defenders
Mathew Leckie,Hertha BSC,Bundesliga,2018,MF,MF,1853.0,MF-1,Advanced attacking midfielders
Mitchell Weiser,Hertha BSC,Bundesliga,2018,DF,"DF,MF",1979.0,DF-1,Wide attacking defenders
Niklas Stark,Hertha BSC,Bundesliga,2018,DF,"DF,MF",2210.0,DF-0,Deep central defenders
Ondrej Duda,Hertha BSC,Bundesliga,2018,MF,MF,744.0,MF-0,Deep ball winning midfielders
Per Ciljan Skjelbred,Hertha BSC,Bundesliga,2018,MF,MF,2183.0,MF-0,Deep ball winning midfielders
Peter Pekarík,Hertha BSC,Bundesliga,2018,DF,DF,1375.0,DF-1,Wide attacking defenders
Salomon Kalou,Hertha BSC,Bundesliga,2018,MF,MF,2207.0,MF-1,Advanced attacking midfielders
Sebastian Langkamp,Hertha BSC,Bundesliga,2018,DF,DF,955.0,DF-0,Deep central defenders
Valentino Lazaro,Hertha BSC,Bundesliga,2018,MF,MF,1864.0,MF-1,Advanced attacking midfielders
Vedad Ibišević,Hertha BSC,Bundesliga,2018,FW,FW,1452.0,FW-0,Low involvement centre forwards
Vladimír Darida,Hertha BSC,Bundesliga,2018,MF,MF,1635.0,MF-0,Deep ball winning midfielders
Andrej Kramarić,Hoffenheim,Bundesliga,2018,FW,"FW,MF",2228.0,FW-1,Creating and carrying forwards
Benjamin Hübner,Hoffenheim,Bundesliga,2018,DF,DF,2315.0,DF-0,Deep central defenders
Dennis Geiger,Hoffenheim,Bundesliga,2018,MF,MF,1588.0,MF-0,Deep ball winning midfielders
Ermin Bičakčić,Hoffenheim,Bundesliga,2018,DF,DF,548.0,DF-0,Deep central defenders
Florian Grillitsch,Hoffenheim,Bundesliga,2018,MF,MF,1888.0,MF-0,Deep ball winning midfielders
Håvard Nordtveit,Hoffenheim,Bundesliga,2018,DF,DF,969.0,DF-0,Deep central defenders
Kerem Demirbay,Hoffenheim,Bundesliga,2018,MF,MF,1211.0,MF-1,Advanced attacking midfielders
Kevin Akpoguma,Hoffenheim,Bundesliga,2018,DF,DF,1690.0,DF-0,Deep central defenders
Kevin Vogt,Hoffenheim,Bundesliga,2018,DF,DF,2790.0,DF-0,Deep central defenders
Lukas Rupp,Hoffenheim,Bundesliga,2018,MF,"MF,FW",1160.0,MF-1,Advanced attacking midfielders
Mark Uth,Hoffenheim,Bundesliga,2018,FW,FW,2177.0,FW-0,Low involvement centre forwards
Nadiem Amiri,Hoffenheim,Bundesliga,2018,MF,MF,1744.0,MF-1,Advanced attacking midfielders
Nico Schulz,Hoffenheim,Bundesliga,2018,FW,"FW,MF",1780.0,FW-1,Creating and carrying forwards
Pavel Kadeřábek,Hoffenheim,Bundesliga,2018,FW,"FW,DF",2199.0,FW-1,Creating and carrying forwards
Sandro Wagner,Hoffenheim,Bundesliga,2018,FW,FW,870.0,FW-0,Low involvement centre forwards
Serge Gnabry,Hoffenheim,Bundesliga,2018,FW,FW,1507.0,FW-1,Creating and carrying forwards
Stefan Posch,Hoffenheim,Bundesliga,2018,DF,DF,756.0,DF-0,Deep central defenders
Steven Zuber,Hoffenheim,Bundesliga,2018,FW,"FW,DF",1431.0,FW-1,Creating and carrying forwards
Ádám Szalai,Hoffenheim,Bundesliga,2018,FW,FW,896.0,FW-0,Low involvement centre forwards
Christian Clemens,Köln,Bundesliga,2018,MF,"MF,FW",646.0,MF-1,Advanced attacking midfielders
Claudio Pizarro,Köln,Bundesliga,2018,FW,"FW,MF",579.0,FW-1,Creating and carrying forwards
Dominic Maroh,Köln,Bundesliga,2018,DF,DF,914.0,DF-0,Deep central defenders
Dominique Heintz,Köln,Bundesliga,2018,DF,DF,2790.0,DF-0,Deep central defenders
Frederik Sørensen,Köln,Bundesliga,2018,DF,DF,2001.0,DF-0,Deep central defenders
Jannes Horn,Köln,Bundesliga,2018,DF,DF,825.0,DF-1,Wide attacking defenders
Jhon Córdoba,Köln,Bundesliga,2018,FW,FW,957.0,FW-0,Low involvement centre forwards
Jonas Hector,Köln,Bundesliga,2018,DF,"DF,MF",1759.0,DF-1,Wide attacking defenders
Jorge Meré,Köln,Bundesliga,2018,DF,DF,1890.0,DF-0,Deep central defenders
Konstantin Rausch,Köln,Bundesliga,2018,DF,DF,925.0,DF-1,Wide attacking defenders
Leonardo Bittencourt,Köln,Bundesliga,2018,MF,MF,1613.0,MF-1,Advanced attacking midfielders
Lukas Klünter,Köln,Bundesliga,2018,DF,"DF,FW",1336.0,DF-1,Wide attacking defenders
Marcel Risse,Köln,Bundesliga,2018,DF,"DF,MF",1169.0,DF-1,Wide attacking defenders
Marco Höger,Köln,Bundesliga,2018,MF,MF,1674.0,MF-0,Deep ball winning midfielders
Matthias Lehmann,Köln,Bundesliga,2018,MF,MF,1515.0,MF-0,Deep ball winning midfielders
Miloš Jojić,Köln,Bundesliga,2018,MF,MF,1459.0,MF-1,Advanced attacking midfielders
Paweł Olkowski,Köln,Bundesliga,2018,DF,DF,450.0,DF-1,Wide attacking defenders
Salih Özcan,Köln,Bundesliga,2018,MF,MF,1670.0,MF-0,Deep ball winning midfielders
Sehrou Guirassy,Köln,Bundesliga,2018,FW,FW,851.0,FW-0,Low involvement centre forwards
Simon Terodde,Köln,Bundesliga,2018,FW,FW,1160.0,FW-0,Low involvement centre forwards
Simon Zoller,Köln,Bundesliga,2018,MF,"MF,FW",963.0,MF-1,Advanced attacking midfielders
Vincent Koziello,Köln,Bundesliga,2018,MF,MF,789.0,MF-0,Deep ball winning midfielders
Yuya Osako,Köln,Bundesliga,2018,FW,"FW,MF",1896.0,FW-0,Low involvement centre forwards
Admir Mehmedi,Leverkusen,Bundesliga,2018,DF,"DF,MF",700.0,DF-1,Wide attacking defenders
Benjamin Henrichs,Leverkusen,Bundesliga,2018,DF,DF,1268.0,DF-1,Wide attacking defenders
Charles Aránguiz,Leverkusen,Bundesliga,2018,MF,MF,2302.0,MF-0,Deep ball winning midfielders
Dominik Kohr,Leverkusen,Bundesliga,2018,MF,MF,1664.0,MF-0,Deep ball winning midfielders
Jonathan Tah,Leverkusen,Bundesliga,2018,DF,DF,2427.0,DF-0,Deep central defenders
Julian Baumgartlinger,Leverkusen,Bundesliga,2018,MF,"MF,DF",1393.0,MF-0,Deep ball winning midfielders
Julian Brandt,Leverkusen,Bundesliga,2018,MF,"MF,FW",2326.0,MF-1,Advanced attacking midfielders
Kai Havertz,Leverkusen,Bundesliga,2018,MF,"MF,FW",2144.0,MF-1,Advanced attacking midfielders
Karim Bellarabi,Leverkusen,Bundesliga,2018,MF,MF,1146.0,MF-1,Advanced attacking midfielders
Kevin Volland,Leverkusen,Bundesliga,2018,FW,"FW,MF",2591.0,FW-0,Low involvement centre forwards
Lars Bender,Leverkusen,Bundesliga,2018,DF,"DF,MF",1595.0,DF-1,Wide attacking defenders
Leon Bailey,Leverkusen,Bundesliga,2018,MF,"MF,DF",2215.0,MF-1,Advanced attacking midfielders
Lucas Alario,Leverkusen,Bundesliga,2018,FW,FW,1550.0,FW-0,Low involvement centre forwards
Panagiotis Retsos,Leverkusen,Bundesliga,2018,DF,DF,1716.0,DF-1,Wide attacking defenders
Sven Bender,Leverkusen,Bundesliga,2018,DF,DF,2345.0,DF-0,Deep central defenders
Tin Jedvaj,Leverkusen,Bundesliga,2018,DF,DF,599.0,DF-1,Wide attacking defenders
Wendell,Leverkusen,Bundesliga,2018,DF,DF,2115.0,DF-1,Wide attacking defenders
Christoph Kramer,M'Gladbach,Bundesliga,2018,MF,MF,2151.0,MF-0,Deep ball winning midfielders
Denis Zakaria,M'Gladbach,Bundesliga,2018,MF,MF,2296.0,MF-0,Deep ball winning midfielders
Fabian Johnson,M'Gladbach,Bundesliga,2018,MF,"MF,DF",465.0,MF-1,Advanced attacking midfielders
Jannik Vestergaard,M'Gladbach,Bundesliga,2018,DF,DF,2880.0,DF-0,Deep central defenders
Jonas Hofmann,M'Gladbach,Bundesliga,2018,MF,MF,1033.0,MF-1,Advanced attacking midfielders
Josip Drmić,M'Gladbach,Bundesliga,2018,FW,"FW,MF",467.0,FW-0,Low involvement centre forwards
Lars Stindl,M'Gladbach,Bundesliga,2018,FW,"FW,MF",2727.0,FW-1,Creating and carrying forwards
Matthias Ginter,M'Gladbach,Bundesliga,2018,DF,DF,3060.0,DF-0,Deep central defenders
Mickaël Cuisance,M'Gladbach,Bundesliga,2018,MF,"MF,FW",1207.0,MF-1,Advanced attacking midfielders
Nico Elvedi,M'Gladbach,Bundesliga,2018,DF,DF,2914.0,DF-1,Wide attacking defenders
Oscar Wendt,M'Gladbach,Bundesliga,2018,DF,DF,2457.0,DF-1,Wide attacking defenders
Patrick Herrmann,M'Gladbach,Bundesliga,2018,MF,"MF,FW",1124.0,MF-1,Advanced attacking midfielders
Raffael,M'Gladbach,Bundesliga,2018,FW,FW,2071.0,FW-1,Creating and carrying forwards
Reece Oxford,M'Gladbach,Bundesliga,2018,DF,"DF,MF",463.0,DF-0,Deep central defenders
Thorgan Hazard,M'Gladbach,Bundesliga,2018,MF,"MF,FW",2939.0,MF-1,Advanced attacking midfielders
Tony Jantschke,M'Gladbach,Bundesliga,2018,DF,DF,727.0,DF-1,Wide attacking defenders
Vincenzo Grifo,M'Gladbach,Bundesliga,2018,MF,MF,786.0,MF-1,Advanced attacking midfielders
Abdou Diallo,Mainz 05,Bundesliga,2018,DF,DF,2415.0,DF-0,Deep central defenders
Alexander Hack,Mainz 05,Bundesliga,2018,DF,DF,1287.0,DF-0,Deep central defenders
Alexandru Maxim,Mainz 05,Bundesliga,2018,MF,MF,957.0,MF-1,Advanced attacking midfielders
Daniel Brosinski,Mainz 05,Bundesliga,2018,DF,"DF,FW",2500.0,DF-1,Wide attacking defenders
Danny Latza,Mainz 05,Bundesliga,2018,MF,MF,2352.0,MF-0,Deep ball winning midfielders
Emil Berggreen,Mainz 05,Bundesliga,2018,FW,FW,669.0,FW-0,Low involvement centre forwards
Fabian Frei,Mainz 05,Bundesliga,2018,MF,MF,802.0,MF-0,Deep ball winning midfielders
Gerrit Holtmann,Mainz 05,Bundesliga,2018,FW,"FW,MF",901.0,FW-1,Creating and carrying forwards
Giulio Donati,Mainz 05,Bundesliga,2018,DF,"DF,FW",2284.0,DF-1,Wide attacking defenders
Jean-Philippe Gbamin,Mainz 05,Bundesliga,2018,MF,"MF,DF",2591.0,MF-0,Deep ball winning midfielders
Leon Balogun,Mainz 05,Bundesliga,2018,DF,DF,1173.0,DF-0,Deep central defenders
Levin Öztunalı,Mainz 05,Bundesliga,2018,FW,"FW,MF",1741.0,FW-0,Low involvement centre forwards
Nigel de Jong,Mainz 05,Bundesliga,2018,MF,MF,737.0,MF-0,Deep ball winning midfielders
Pablo de Blasis,Mainz 05,Bundesliga,2018,FW,"FW,MF",1652.0,FW-1,Creating and carrying forwards
Robin Quaison,Mainz 05,Bundesliga,2018,FW,"FW,MF",1409.0,FW-0,Low involvement centre forwards
Stefan Bell,Mainz 05,Bundesliga,2018,DF,DF,2177.0,DF-0,Deep central defenders
Suat Serdar,Mainz 05,Bundesliga,2018,MF,MF,1703.0,MF-0,Deep ball winning midfielders
Yoshinori Mutō,Mainz 05,Bundesliga,2018,FW,FW,1904.0,FW-0,Low involvement centre forwards
Ademola Lookman,RB Leipzig,Bundesliga,2018,MF,"MF,FW",574.0,MF-1,Advanced attacking midfielders
Bernardo,RB Leipzig,Bundesliga,2018,DF,DF,1350.0,DF-1,Wide attacking defenders
Bruma,RB Leipzig,Bundesliga,2018,MF,"MF,FW",1611.0,MF-1,Advanced attacking midfielders
Dayot Upamecano,RB Leipzig,Bundesliga,2018,DF,DF,2268.0,DF-0,Deep central defenders
Diego Demme,RB Leipzig,Bundesliga,2018,MF,MF,2284.0,MF-0,Deep ball winning midfielders
Emil Forsberg,RB Leipzig,Bundesliga,2018,MF,MF,1370.0,MF-1,Advanced attacking midfielders
Ibrahima Konaté,RB Leipzig,Bundesliga,2018,DF,DF,1228.0,DF-0,Deep central defenders
Jean-Kévin Augustin,RB Leipzig,Bundesliga,2018,FW,FW,1266.0,FW-0,Low involvement centre forwards
Kevin Kampl,RB Leipzig,Bundesliga,2018,MF,MF,2019.0,MF-1,Advanced attacking midfielders
Konrad Laimer,RB Leipzig,Bundesliga,2018,DF,"DF,MF",1337.0,DF-1,Wide attacking defenders
Lukas Klostermann,RB Leipzig,Bundesliga,2018,DF,DF,2190.0,DF-1,Wide attacking defenders
Marcel Halstenberg,RB Leipzig,Bundesliga,2018,DF,DF,1178.0,DF-1,Wide attacking defenders
Marcel Sabitzer,RB Leipzig,Bundesliga,2018,MF,"MF,FW",1790.0,MF-1,Advanced attacking midfielders
Naby Keïta,RB Leipzig,Bundesliga,2018,MF,MF,1962.0,MF-1,Advanced attacking midfielders
Stefan Ilsanker,RB Leipzig,Bundesliga,2018,DF,"DF,MF",1289.0,DF-1,Wide attacking defenders
Timo Werner,RB Leipzig,Bundesliga,2018,FW,FW,2494.0,FW-0,Low involvement centre forwards
Willi Orban,RB Leipzig,Bundesliga,2018,DF,DF,2126.0,DF-0,Deep central defenders
Yussuf Poulsen,RB Leipzig,Bundesliga,2018,FW,FW,1664.0,FW-0,Low involvement centre forwards
Alessandro Schöpf,Schalke 04,Bundesliga,2018,DF,"DF,FW",808.0,DF-1,Wide attacking defenders
Amine Harit,Schalke 04,Bundesliga,2018,MF,"MF,FW",2043.0,MF-1,Advanced attacking midfielders
Bastian Oczipka,Schalke 04,Bundesliga,2018,DF,"DF,MF",2320.0,DF-1,Wide attacking defenders
Benjamin Stambouli,Schalke 04,Bundesliga,2018,DF,"DF,MF",2197.0,DF-0,Deep central defenders
Breel Embolo,Schalke 04,Bundesliga,2018,FW,"FW,MF",919.0,FW-0,Low involvement centre forwards
Daniel Caligiuri,Schalke 04,Bundesliga,2018,DF,"DF,MF",2917.0,DF-1,Wide attacking defenders
Franco Di Santo,Schalke 04,Bundesliga,2018,FW,"FW,MF",1654.0,FW-0,Low involvement centre forwards
Guido Burgstaller,Schalke 04,Bundesliga,2018,FW,FW,2324.0,FW-0,Low involvement centre forwards
Leon Goretzka,Schalke 04,Bundesliga,2018,MF,MF,1982.0,MF-0,Deep ball winning midfielders
Matija Nastasić,Schalke 04,Bundesliga,2018,DF,DF,1989.0,DF-0,Deep central defenders
Max Meyer,Schalke 04,Bundesliga,2018,MF,MF,1727.0,MF-0,Deep ball winning midfielders
Nabil Bentaleb,Schalke 04,Bundesliga,2018,MF,MF,1011.0,MF-0,Deep ball winning midfielders
Naldo,Schalke 04,Bundesliga,2018,DF,DF,3060.0,DF-0,Deep central defenders
Thilo Kehrer,Schalke 04,Bundesliga,2018,DF,DF,2365.0,DF-0,Deep central defenders
Weston McKennie,Schalke 04,Bundesliga,2018,MF,MF,1263.0,MF-0,Deep ball winning midfielders
Yevhen Konoplyanka,Schalke 04,Bundesliga,2018,FW,"FW,MF",1562.0,FW-1,Creating and carrying forwards
Anastasios Donis,Stuttgart,Bundesliga,2018,MF,"MF,FW",949.0,MF-1,Advanced attacking midfielders
Andreas Beck,Stuttgart,Bundesliga,2018,DF,DF,1927.0,DF-1,Wide attacking defenders
Benjamin Pavard,Stuttgart,Bundesliga,2018,DF,DF,3060.0,DF-0,Deep central defenders
Berkay Özcan,Stuttgart,Bundesliga,2018,MF,MF,1002.0,MF-1,Advanced attacking midfielders
Chadrac Akolo,Stuttgart,Bundesliga,2018,MF,"MF,FW",1102.0,MF-1,Advanced attacking midfielders
Christian Gentner,Stuttgart,Bundesliga,2018,MF,MF,2412.0,MF-0,Deep ball winning midfielders
Daniel Ginczek,Stuttgart,Bundesliga,2018,FW,"FW,MF",1523.0,FW-0,Low involvement centre forwards
Dennis Aogo,Stuttgart,Bundesliga,2018,MF,"MF,DF",1954.0,MF-0,Deep ball winning midfielders
Emiliano Insúa,Stuttgart,Bundesliga,2018,DF,DF,2106.0,DF-1,Wide attacking defenders
Erik Thommy,Stuttgart,Bundesliga,2018,MF,MF,980.0,MF-1,Advanced attacking midfielders
Holger Badstuber,Stuttgart,Bundesliga,2018,DF,"DF,MF",2173.0,DF-0,Deep central defenders
Josip Brekalo,Stuttgart,Bundesliga,2018,MF,"MF,FW",726.0,MF-1,Advanced attacking midfielders
Marcin Kamiński,Stuttgart,Bundesliga,2018,DF,DF,1138.0,DF-0,Deep central defenders
Mario Gómez,Stuttgart,Bundesliga,2018,FW,FW,1385.0,FW-0,Low involvement centre forwards
Orel Mangala,Stuttgart,Bundesliga,2018,MF,MF,779.0,MF-0,Deep ball winning midfielders
Santiago Ascacíbar,Stuttgart,Bundesliga,2018,MF,MF,2381.0,MF-0,Deep ball winning midfielders
Simon Terodde,Stuttgart,Bundesliga,2018,FW,FW,955.0,FW-0,Low involvement centre forwards
Takuma Asano,Stuttgart,Bundesliga,2018,FW,"FW,MF",721.0,FW-0,Low involvement centre forwards
Timo Baumgartl,Stuttgart,Bundesliga,2018,DF,DF,2610.0,DF-0,Deep central defenders
Fin Bartels,Werder Bremen,Bundesliga,2018,FW,FW,1121.0,FW-1,Creating and carrying forwards
Florian Kainz,Werder Bremen,Bundesliga,2018,MF,"MF,FW",1712.0,MF-1,Advanced attacking midfielders
Ishak Belfodil,Werder Bremen,Bundesliga,2018,FW,"FW,MF",1350.0,FW-0,Low involvement centre forwards
Jérôme Gondorf,Werder Bremen,Bundesliga,2018,MF,"MF,FW",797.0,MF-1,Advanced attacking midfielders
Lamine Sané,Werder Bremen,Bundesliga,2018,DF,DF,786.0,DF-0,Deep central defenders
Ludwig Augustinsson,Werder Bremen,Bundesliga,2018,DF,"DF,FW",2532.0,DF-1,Wide attacking defenders
Marco Friedl,Werder Bremen,Bundesliga,2018,DF,"DF,MF",600.0,DF-1,Wide attacking defenders
Max Kruse,Werder Bremen,Bundesliga,2018,FW,FW,2453.0,FW-1,Creating and carrying forwards
Maximilian Eggestein,Werder Bremen,Bundesliga,2018,MF,MF,2692.0,MF-0,Deep ball winning midfielders
Miloš Veljković,Werder Bremen,Bundesliga,2018,DF,DF,2655.0,DF-0,Deep central defenders
Niklas Moisander,Werder Bremen,Bundesliga,2018,DF,DF,2250.0,DF-0,Deep central defenders
Philipp Bargfrede,Werder Bremen,Bundesliga,2018,MF,MF,1859.0,MF-0,Deep ball winning midfielders
Robert Bauer,Werder Bremen,Bundesliga,2018,DF,"DF,FW",956.0,DF-0,Deep central defenders
Theodor Gebre Selassie,Werder Bremen,Bundesliga,2018,DF,"DF,FW",2828.0,DF-1,Wide attacking defenders
Thomas Delaney,Werder Bremen,Bundesliga,2018,MF,MF,2796.0,MF-0,Deep ball winning midfielders
Zlatko Junuzović,Werder Bremen,Bundesliga,2018,MF,"MF,FW",1633.0,MF-1,Advanced attacking midfielders
Daniel Didavi,Wolfsburg,Bundesliga,2018,MF,MF,2237.0,MF-1,Advanced attacking midfielders
Divock Origi,Wolfsburg,Bundesliga,2018,FW,"FW,MF",1967.0,FW-0,Low involvement centre forwards
Ignacio Camacho,Wolfsburg,Bundesliga,2018,MF,"MF,DF",951.0,MF-0,Deep ball winning midfielders
Jakub Błaszczykowski,Wolfsburg,Bundesliga,2018,MF,"MF,FW",520.0,MF-1,Advanced attacking midfielders
Jeffrey Bruma,Wolfsburg,Bundesliga,2018,DF,DF,990.0,DF-0,Deep central defenders
John Brooks,Wolfsburg,Bundesliga,2018,DF,DF,727.0,DF-0,Deep central defenders
Josip Brekalo,Wolfsburg,Bundesliga,2018,MF,"MF,FW",869.0,MF-1,Advanced attacking midfielders
Josuha Guilavogui,Wolfsburg,Bundesliga,2018,MF,MF,2404.0,MF-0,Deep ball winning midfielders
Landry Dimata,Wolfsburg,Bundesliga,2018,FW,"FW,MF",902.0,FW-0,Low involvement centre forwards
Marcel Tisserand,Wolfsburg,Bundesliga,2018,DF,DF,1247.0,DF-0,Deep central defenders
Mario Gómez,Wolfsburg,Bundesliga,2018,FW,FW,936.0,FW-0,Low involvement centre forwards
Maximilian Arnold,Wolfsburg,Bundesliga,2018,MF,MF,2454.0,MF-0,Deep ball winning midfielders
Ohis Felix Uduokhai,Wolfsburg,Bundesliga,2018,DF,DF,1560.0,DF-0,Deep central defenders
Paul Verhaegh,Wolfsburg,Bundesliga,2018,DF,DF,2614.0,DF-1,Wide attacking defenders
Renato Steffen,Wolfsburg,Bundesliga,2018,MF,"MF,FW",659.0,MF-1,Advanced attacking midfielders
Riechedly Bazoer,Wolfsburg,Bundesliga,2018,MF,MF,592.0,MF-0,Deep ball winning midfielders
Robin Knoche,Wolfsburg,Bundesliga,2018,DF,DF,2102.0,DF-0,Deep central defenders
William,Wolfsburg,Bundesliga,2018,DF,DF,1612.0,DF-1,Wide attacking defenders
Yannick Gerhardt,Wolfsburg,Bundesliga,2018,DF,"DF,MF",1228.0,DF-1,Wide attacking defenders
Yunus Mallı,Wolfsburg,Bundesliga,2018,MF,"MF,FW",2242.0,MF-1,Advanced attacking midfielders
Alexis,Alavés,La Liga,2018,DF,DF,2184.0,DF-0,Deep central defenders
Alfonso Pedraza,Alavés,La Liga,2018,MF,"MF,DF",2440.0,MF-1,Advanced attacking midfielders
Burgui,Alavés,La Liga,2018,MF,"MF,FW",1034.0,MF-1,Advanced attacking midfielders
Carlos Vigaray,Alavés,La Liga,2018,DF,DF,895.0,DF-1,Wide attacking defenders
Daniel Torres,Alavés,La Liga,2018,MF,MF,1217.0,MF-0,Deep ball winning midfielders
Guillermo Maripán,Alavés,La Liga,2018,DF,DF,1528.0,DF-0,Deep central defenders
Ibai Gómez,Alavés,La Liga,2018,MF,MF,2319.0,MF-1,Advanced attacking midfielders
John Guidetti,Alavés,La Liga,2018,FW,FW,1222.0,FW-0,Low involvement centre forwards
Manu García,Alavés,La Liga,2018,MF,MF,2439.0,MF-0,Deep ball winning midfielders
Martin Agirregabiria,Alavés,La Liga,2018,DF,DF,1828.0,DF-1,Wide attacking defenders
Munir El Haddadi,Alavés,La Liga,2018,FW,FW,2444.0,FW-0,Low involvement centre forwards
Rodrigo Ely,Alavés,La Liga,2018,DF,DF,2691.0,DF-0,Deep central defenders
Rubén Duarte,Alavés,La Liga,2018,DF,DF,2138.0,DF-1,Wide attacking defenders
Rubén Sobrino,Alavés,La Liga,2018,FW,"FW,MF",1466.0,FW-0,Low involvement centre forwards
Tomás Pina Isla,Alavés,La Liga,2018,MF,MF,2387.0,MF-0,Deep ball winning midfielders
Víctor Laguardia,Alavés,La Liga,2018,DF,DF,1530.0,DF-0,Deep central defenders
Wakaso,Alavés,La Liga,2018,MF,MF,1098.0,MF-0,Deep ball winning midfielders
Álvaro Medrán,Alavés,La Liga,2018,MF,MF,947.0,MF-0,Deep ball winning midfielders
Ander Iturraspe,Athletic Club,La Liga,2018,MF,MF,1904.0,MF-0,Deep ball winning midfielders
Aritz Aduriz,Athletic Club,La Liga,2018,FW,FW,2152.0,FW-0,Low involvement centre forwards
Aymeric Laporte,Athletic Club,La Liga,2018,DF,DF,1710.0,DF-0,Deep central defenders
Beñat Etxebarria,Athletic Club,La Liga,2018,MF,MF,1120.0,MF-0,Deep ball winning midfielders
Eneko Bóveda,Athletic Club,La Liga,2018,DF,DF,522.0,DF-1,Wide attacking defenders
Enric Saborit,Athletic Club,La Liga,2018,DF,DF,1428.0,DF-1,Wide attacking defenders
Iker Muniain,Athletic Club,La Liga,2018,MF,MF,780.0,MF-1,Advanced attacking midfielders
Iñaki Williams,Athletic Club,La Liga,2018,MF,"MF,FW",2851.0,MF-1,Advanced attacking midfielders
Iñigo Córdoba,Athletic Club,La Liga,2018,MF,MF,1459.0,MF-1,Advanced attacking midfielders
Iñigo Lekue,Athletic Club,La Liga,2018,DF,"DF,MF",2111.0,DF-1,Wide attacking defenders
Iñigo Martínez,Athletic Club,La Liga,2018,DF,DF,1440.0,DF-0,Deep central defenders
Markel Susaeta,Athletic Club,La Liga,2018,MF,MF,2264.0,MF-1,Advanced attacking midfielders
Mikel Balenziaga,Athletic Club,La Liga,2018,DF,DF,1549.0,DF-1,Wide attacking defenders
Mikel Rico,Athletic Club,La Liga,2018,MF,MF,1171.0,MF-0,Deep ball winning midfielders
Mikel San José,Athletic Club,La Liga,2018,MF,MF,2155.0,MF-0,Deep ball winning midfielders
Mikel Vesga,Athletic Club,La Liga,2018,MF,MF,806.0,MF-0,Deep ball winning midfielders
Raúl García,Athletic Club,La Liga,2018,MF,MF,2627.0,MF-1,Advanced attacking midfielders
Unai Núñez,Athletic Club,La Liga,2018,DF,DF,2941.0,DF-0,Deep central defenders
Yeray Álvarez,Athletic Club,La Liga,2018,DF,DF,675.0,DF-0,Deep central defenders
Óscar de Marcos,Athletic Club,La Liga,2018,DF,"DF,MF",1658.0,DF-1,Wide attacking defenders
Antoine Griezmann,Atlético Madrid,La Liga,2018,FW,"FW,MF",2519.0,FW-1,Creating and carrying forwards
Diego Costa,Atlético Madrid,La Liga,2018,FW,FW,1041.0,FW-0,Low involvement centre forwards
Diego Godín,Atlético Madrid,La Liga,2018,DF,DF,2554.0,DF-0,Deep central defenders
Fernando Torres,Atlético Madrid,La Liga,2018,FW,FW,982.0,FW-0,Low involvement centre forwards
Filipe Luís,Atlético Madrid,La Liga,2018,DF,DF,1659.0,DF-1,Wide attacking defenders
Gabi,Atlético Madrid,La Liga,2018,MF,MF,2349.0,MF-0,Deep ball winning midfielders
José María Giménez,Atlético Madrid,La Liga,2018,DF,DF,1690.0,DF-0,Deep central defenders
Juanfran,Atlético Madrid,La Liga,2018,DF,DF,1307.0,DF-1,Wide attacking defenders
Koke,Atlético Madrid,La Liga,2018,MF,MF,2756.0,MF-0,Deep ball winning midfielders
Kévin Gameiro,Atlético Madrid,La Liga,2018,FW,FW,1125.0,FW-0,Low involvement centre forwards
Lucas Hernández,Atlético Madrid,La Liga,2018,DF,DF,2116.0,DF-0,Deep central defenders
Saúl Ñíguez,Atlético Madrid,La Liga,2018,MF,MF,3155.0,MF-0,Deep ball winning midfielders
Stefan Savić,Atlético Madrid,La Liga,2018,DF,DF,2299.0,DF-0,Deep central defenders
Thomas Partey,Atlético Madrid,La Liga,2018,MF,"MF,DF",2377.0,MF-0,Deep ball winning midfielders
Vitolo,Atlético Madrid,La Liga,2018,MF,MF,618.0,MF-1,Advanced attacking midfielders
Yannick Carrasco,Atlético Madrid,La Liga,2018,MF,"MF,FW",901.0,MF-1,Advanced attacking midfielders
Ángel Correa,Atlético Madrid,La Liga,2018,MF,"MF,FW",2253.0,MF-1,Advanced attacking midfielders
Šime Vrsaljko,Atlético Madrid,La Liga,2018,DF,DF,1696.0,DF-1,Wide attacking defenders
Aleix Vidal,Barcelona,La Liga,2018,MF,"MF,FW",460.0,MF-1,Advanced attacking midfielders
André Gomes,Barcelona,La Liga,2018,MF,MF,635.0,MF-0,Deep ball winning midfielders
Andrés Iniesta,Barcelona,La Liga,2018,MF,MF,1824.0,MF-1,Advanced attacking midfielders
Denis Suárez,Barcelona,La Liga,2018,MF,"MF,FW",595.0,MF-1,Advanced attacking midfielders
Gerard Deulofeu,Barcelona,La Liga,2018,MF,"MF,FW",503.0,MF-1,Advanced attacking midfielders
Gerard Piqué,Barcelona,La Liga,2018,DF,DF,2632.0,DF-0,Deep central defenders
Ivan Rakitić,Barcelona,La Liga,2018,MF,MF,2835.0,MF-0,Deep ball winning midfielders
Javier Mascherano,Barcelona,La Liga,2018,DF,DF,541.0,DF-0,Deep central defenders
Jordi Alba,Barcelona,La Liga,2018,DF,DF,2744.0,DF-1,Wide attacking defenders
Lionel Messi,Barcelona,La Liga,2018,FW,FW,3000.0,FW-1,Creating and carrying forwards
Lucas Digne,Barcelona,La Liga,2018,DF,DF,704.0,DF-1,Wide attacking defenders
Luis Suárez,Barcelona,La Liga,2018,FW,FW,2899.0,FW-1,Creating and carrying forwards
Nélson Semedo,Barcelona,La Liga,2018,DF,DF,1493.0,DF-1,Wide attacking defenders
Ousmane Dembélé,Barcelona,La Liga,2018,MF,"MF,FW",925.0,MF-1,Advanced attacking midfielders
Paco Alcácer,Barcelona,La Liga,2018,MF,"MF,FW",695.0,MF-1,Advanced attacking midfielders
Paulinho,Barcelona,La Liga,2018,MF,MF,1945.0,MF-1,Advanced attacking midfielders
Philippe Coutinho,Barcelona,La Liga,2018,MF,"MF,FW",1296.0,MF-1,Advanced attacking midfielders
Samuel Umtiti,Barcelona,La Liga,2018,DF,DF,2189.0,DF-0,Deep central defenders
Sergi Roberto,Barcelona,La Liga,2018,DF,DF,2225.0,DF-1,Wide attacking defenders
Sergio Busquets,Barcelona,La Liga,2018,MF,MF,2593.0,MF-0,Deep ball winning midfielders
Thomas Vermaelen,Barcelona,La Liga,2018,DF,DF,1018.0,DF-0,Deep central defenders
Andrés Guardado,Betis,La Liga,2018,MF,MF,2264.0,MF-0,Deep ball winning midfielders
Antonio Barragán,Betis,La Liga,2018,DF,DF,2373.0,DF-1,Wide attacking defenders
Antonio Sanabria,Betis,La Liga,2018,FW,FW,853.0,FW-0,Low involvement centre forwards
Aïssa Mandi,Betis,La Liga,2018,DF,DF,3024.0,DF-0,Deep central defenders
Cristian Tello,Betis,La Liga,2018,MF,"MF,FW",1693.0,MF-1,Advanced attacking midfielders
Fabián Ruiz Peña,Betis,La Liga,2018,MF,MF,2659.0,MF-0,Deep ball winning midfielders
Francis Guerrero,Betis,La Liga,2018,DF,"DF,MF",993.0,DF-1,Wide attacking defenders
Javi García,Betis,La Liga,2018,MF,"MF,DF",2410.0,MF-0,Deep ball winning midfielders
Joaquín,Betis,La Liga,2018,MF,"MF,FW",2479.0,MF-1,Advanced attacking midfielders
Jordi Amat,Betis,La Liga,2018,DF,"DF,MF",2045.0,DF-0,Deep central defenders
Junior Firpo,Betis,La Liga,2018,DF,DF,1189.0,DF-1,Wide attacking defenders
Loren Morón,Betis,La Liga,2018,FW,FW,1060.0,FW-0,Low involvement centre forwards
Marc Bartra,Betis,La Liga,2018,DF,DF,1420.0,DF-0,Deep central defenders
Riza Durmisi,Betis,La Liga,2018,DF,DF,2080.0,DF-1,Wide attacking defenders
Ryad Boudebouz,Betis,La Liga,2018,MF,"MF,FW",1360.0,MF-1,Advanced attacking midfielders
Sergio León,Betis,La Liga,2018,FW,FW,1978.0,FW-0,Low involvement centre forwards
Víctor Camarasa,Betis,La Liga,2018,MF,MF,1252.0,MF-0,Deep ball winning midfielders
Zouhair Feddal,Betis,La Liga,2018,DF,DF,1257.0,DF-0,Deep central defenders
Andreu Fontàs,Celta Vigo,La Liga,2018,DF,DF,885.0,DF-0,Deep central defenders
Brais Méndez,Celta Vigo,La Liga,2018,MF,"MF,FW",948.0,MF-1,Advanced attacking midfielders
Daniel Wass,Celta Vigo,La Liga,2018,MF,"MF,DF",2932.0,MF-1,Advanced attacking midfielders
Emre Mor,Celta Vigo,La Liga,2018,FW,"FW,MF",665.0,FW-1,Creating and carrying forwards
Facundo Roncaglia,Celta Vigo,La Liga,2018,DF,DF,1492.0,DF-0,Deep central defenders
Gustavo Cabral,Celta Vigo,La Liga,2018,DF,DF,1891.0,DF-0,Deep central defenders
Hugo Mallo,Celta Vigo,La Liga,2018,DF,DF,2999.0,DF-1,Wide attacking defenders
Iago Aspas,Celta Vigo,La Liga,2018,FW,FW,2936.0,FW-1,Creating and carrying forwards
Jonny Castro,Celta Vigo,La Liga,2018,DF,DF,3202.0,DF-1,Wide attacking defenders
Jozabed,Celta Vigo,La Liga,2018,MF,MF,1473.0,MF-0,Deep ball winning midfielders
Maxi Gómez,Celta Vigo,La Liga,2018,FW,FW,3068.0,FW-0,Low involvement centre forwards
Nemanja Radoja,Celta Vigo,La Liga,2018,MF,MF,1105.0,MF-0,Deep ball winning midfielders
Pablo Hernández,Celta Vigo,La Liga,2018,MF,MF,1819.0,MF-0,Deep ball winning midfielders
Pione Sisto,Celta Vigo,La Liga,2018,FW,"FW,MF",2517.0,FW-1,Creating and carrying forwards
Sergi Gómez,Celta Vigo,La Liga,2018,DF,DF,2680.0,DF-0,Deep central defenders
Stanislav Lobotka,Celta Vigo,La Liga,2018,MF,MF,3061.0,MF-0,Deep ball winning midfielders
Anaitz Arbilla,Eibar,La Liga,2018,DF,DF,2414.0,DF-0,Deep central defenders
Ander Capa,Eibar,La Liga,2018,DF,DF,2249.0,DF-1,Wide attacking defenders
Charles,Eibar,La Liga,2018,FW,FW,1582.0,FW-0,Low involvement centre forwards
Dani García,Eibar,La Liga,2018,MF,MF,2775.0,MF-0,Deep ball winning midfielders
David Juncà,Eibar,La Liga,2018,DF,DF,901.0,DF-1,Wide attacking defenders
David Lombán,Eibar,La Liga,2018,DF,DF,994.0,DF-0,Deep central defenders
Fabián Orellana,Eibar,La Liga,2018,MF,MF,1180.0,MF-1,Advanced attacking midfielders
Gonzalo Escalante,Eibar,La Liga,2018,MF,MF,1565.0,MF-0,Deep ball winning midfielders
Iván Alejo,Eibar,La Liga,2018,MF,MF,1102.0,MF-1,Advanced attacking midfielders
Iván Ramis,Eibar,La Liga,2018,DF,DF,1302.0,DF-0,Deep central defenders
Joan Jordán,Eibar,La Liga,2018,MF,MF,2427.0,MF-1,Advanced attacking midfielders
José Ángel,Eibar,La Liga,2018,DF,DF,2426.0,DF-1,Wide attacking defenders
Kike,Eibar,La Liga,2018,FW,FW,2460.0,FW-0,Low involvement centre forwards
Papakouli Diop,Eibar,La Liga,2018,MF,MF,940.0,MF-0,Deep ball winning midfielders
Paulo Oliveira,Eibar,La Liga,2018,DF,DF,2214.0,DF-0,Deep central defenders
Pedro León,Eibar,La Liga,2018,MF,"MF,FW",929.0,MF-1,Advanced attacking midfielders
Rubén Peña,Eibar,La Liga,2018,DF,"DF,MF",1732.0,DF-1,Wide attacking defenders
Sergi Enrich,Eibar,La Liga,2018,FW,FW,1330.0,FW-0,Low involvement centre forwards
Takashi Inui,Eibar,La Liga,2018,MF,MF,2631.0,MF-1,Advanced attacking midfielders
Aarón Martín,Espanyol,La Liga,2018,DF,DF,2815.0,DF-1,Wide attacking defenders
Carlos Sánchez,Espanyol,La Liga,2018,MF,MF,1122.0,MF-0,Deep ball winning midfielders
David López,Espanyol,La Liga,2018,DF,"DF,MF",3330.0,DF-0,Deep central defenders
Dídac Vilà,Espanyol,La Liga,2018,DF,"DF,MF",731.0,DF-1,Wide attacking defenders
Esteban Granero,Espanyol,La Liga,2018,MF,MF,1230.0,MF-0,Deep ball winning midfielders
Gerard Moreno,Espanyol,La Liga,2018,FW,FW,3412.0,FW-0,Low involvement centre forwards
Javi Fuego,Espanyol,La Liga,2018,MF,MF,1341.0,MF-0,Deep ball winning midfielders
Javi López,Espanyol,La Liga,2018,DF,DF,966.0,DF-1,Wide attacking defenders
José Manuel Jurado,Espanyol,La Liga,2018,MF,"MF,FW",1501.0,MF-1,Advanced attacking midfielders
Léo Baptistão,Espanyol,La Liga,2018,FW,"FW,MF",2677.0,FW-0,Low involvement centre forwards
Marc Navarro,Espanyol,La Liga,2018,DF,DF,1109.0,DF-1,Wide attacking defenders
Mario Hermoso,Espanyol,La Liga,2018,DF,DF,1928.0,DF-0,Deep central defenders
Naldo,Espanyol,La Liga,2018,DF,DF,921.0,DF-0,Deep central defenders
Pablo Piatti,Espanyol,La Liga,2018,MF,MF,1738.0,MF-1,Advanced attacking midfielders
Sergi Darder,Espanyol,La Liga,2018,MF,MF,2782.0,MF-0,Deep ball winning midfielders
Sergio García,Espanyol,La Liga,2018,FW,"FW,MF",1641.0,FW-0,Low involvement centre forwards
Víctor Sánchez,Espanyol,La Liga,2018,MF,"MF,DF",2457.0,MF-0,Deep ball winning midfielders
Óscar Duarte,Espanyol,La Liga,2018,DF,DF,990.0,DF-0,Deep central defenders
Óscar Melendo,Espanyol,La Liga,2018,MF,MF,686.0,MF-1,Advanced attacking midfielders
Amath,Getafe,La Liga,2018,MF,MF,2859.0,MF-1,Advanced attacking midfielders
Bruno González,Getafe,La Liga,2018,DF,DF,1540.0,DF-0,Deep central defenders
Cala,Getafe,La Liga,2018,DF,DF,1800.0,DF-0,Deep central defenders
Damián Suárez,Getafe,La Liga,2018,DF,DF,2877.0,DF-1,Wide attacking defenders
Djené,Getafe,La Liga,2018,DF,DF,3239.0,DF-0,Deep central defenders
Fayçal Fajr,Getafe,La Liga,2018,MF,MF,2385.0,MF-0,Deep ball winning midfielders
Francisco Molinero,Getafe,La Liga,2018,DF,DF,579.0,DF-1,Wide attacking defenders
Francisco Portillo,Getafe,La Liga,2018,MF,MF,2460.0,MF-1,Advanced attacking midfielders
Gaku Shibasaki,Getafe,La Liga,2018,MF,"MF,FW",1002.0,MF-1,Advanced attacking midfielders
Jorge Molina,Getafe,La Liga,2018,FW,FW,2786.0,FW-0,Low involvement centre forwards
Leandro Cabrera,Getafe,La Liga,2018,DF,DF,720.0,DF-1,Wide attacking defenders
Loïc Rémy,Getafe,La Liga,2018,FW,"FW,MF",457.0,FW-0,Low involvement centre forwards
Markel Bergara,Getafe,La Liga,2018,MF,MF,1463.0,MF-0,Deep ball winning midfielders
Mathieu Flamini,Getafe,La Liga,2018,MF,MF,480.0,MF-0,Deep ball winning midfielders
Mauro Arambarri,Getafe,La Liga,2018,MF,MF,2124.0,MF-0,Deep ball winning midfielders
Sergio Mora,Getafe,La Liga,2018,MF,MF,813.0,MF-0,Deep ball winning midfielders
Vitorino Antunes,Getafe,La Liga,2018,DF,DF,2799.0,DF-1,Wide attacking defenders
Álvaro Jiménez,Getafe,La Liga,2018,MF,MF,529.0,MF-1,Advanced attacking midfielders
Ángel Rodríguez,Getafe,La Liga,2018,FW,FW,2293.0,FW-0,Low involvement centre forwards
Aday,Girona,La Liga,2018,DF,DF,1835.0,DF-1,Wide attacking defenders
Aleix García,Girona,La Liga,2018,MF,MF,852.0,MF-0,Deep ball winning midfielders
Anthony Lozano,Girona,La Liga,2018,FW,"FW,MF",471.0,FW-0,Low involvement centre forwards
Bernardo Espinosa,Girona,La Liga,2018,DF,DF,2868.0,DF-0,Deep central defenders
Borja García,Girona,La Liga,2018,MF,MF,2798.0,MF-1,Advanced attacking midfielders
Cristhian Stuani,Girona,La Liga,2018,FW,FW,2710.0,FW-0,Low involvement centre forwards
David Timor,Girona,La Liga,2018,MF,"MF,DF",925.0,MF-0,Deep ball winning midfielders
Johan Mojica,Girona,La Liga,2018,DF,DF,2135.0,DF-1,Wide attacking defenders
Jonás Ramalho,Girona,La Liga,2018,DF,DF,2298.0,DF-0,Deep central defenders
Juanpe,Girona,La Liga,2018,DF,DF,3065.0,DF-0,Deep central defenders
Marc Muniesa,Girona,La Liga,2018,DF,DF,1127.0,DF-0,Deep central defenders
Pablo Maffeo,Girona,La Liga,2018,DF,DF,2642.0,DF-1,Wide attacking defenders
Pedro Alcalá,Girona,La Liga,2018,DF,DF,689.0,DF-0,Deep central defenders
Pere Pons,Girona,La Liga,2018,MF,MF,2559.0,MF-0,Deep ball winning midfielders
Portu,Girona,La Liga,2018,MF,MF,2997.0,MF-1,Advanced attacking midfielders
Álex Granell,Girona,La Liga,2018,MF,MF,2848.0,MF-0,Deep ball winning midfielders
Adrián López,La Coruña,La Liga,2018,MF,"MF,FW",2345.0,MF-1,Advanced attacking midfielders
Borja Valle,La Coruña,La Liga,2018,FW,"FW,MF",486.0,FW-0,Low involvement centre forwards
Carles Gil,La Coruña,La Liga,2018,MF,"MF,FW",476.0,MF-1,Advanced attacking midfielders
Celso Borges,La Coruña,La Liga,2018,MF,MF,2300.0,MF-0,Deep ball winning midfielders
Emre Çolak,La Coruña,La Liga,2018,MF,MF,1449.0,MF-1,Advanced attacking midfielders
Eneko Bóveda,La Coruña,La Liga,2018,DF,DF,667.0,DF-0,Deep central defenders
Fabian Schär,La Coruña,La Liga,2018,DF,DF,2219.0,DF-0,Deep central defenders
Federico Cartabia,La Coruña,La Liga,2018,MF,MF,1324.0,MF-1,Advanced attacking midfielders
Federico Valverde,La Coruña,La Liga,2018,MF,MF,1233.0,MF-0,Deep ball winning midfielders
Fernando Navarro,La Coruña,La Liga,2018,DF,DF,1046.0,DF-0,Deep central defenders
Florin Andone,La Coruña,La Liga,2018,FW,FW,1636.0,FW-0,Low involvement centre forwards
Guilherme,La Coruña,La Liga,2018,MF,MF,2639.0,MF-0,Deep ball winning midfielders
Juanfran,La Coruña,La Liga,2018,DF,DF,3057.0,DF-1,Wide attacking defenders
Lucas Pérez,La Coruña,La Liga,2018,FW,"FW,MF",2797.0,FW-1,Creating and carrying forwards
Luisinho,La Coruña,La Liga,2018,DF,DF,2622.0,DF-1,Wide attacking defenders
Michael Krohn-Dehli,La Coruña,La Liga,2018,MF,MF,728.0,MF-0,Deep ball winning midfielders
Pedro Mosquera,La Coruña,La Liga,2018,MF,MF,1396.0,MF-0,Deep ball winning midfielders
Raúl Albentosa,La Coruña,La Liga,2018,DF,DF,1748.0,DF-0,Deep central defenders
Sidnei,La Coruña,La Liga,2018,DF,DF,1778.0,DF-0,Deep central defenders
Zakaria Bakkali,La Coruña,La Liga,2018,MF,MF,909.0,MF-1,Advanced attacking midfielders
Alberto Aquilani,Las Palmas,La Liga,2018,MF,MF,1297.0,MF-0,Deep ball winning midfielders
Alen Halilović,Las Palmas,La Liga,2018,MF,MF,1304.0,MF-1,Advanced attacking midfielders
Dani Castellano,Las Palmas,La Liga,2018,DF,DF,2025.0,DF-1,Wide attacking defenders
David García,Las Palmas,La Liga,2018,DF,DF,860.0,DF-0,Deep central defenders
David Simón,Las Palmas,La Liga,2018,DF,DF,721.0,DF-1,Wide attacking defenders
Erik Expósito,Las Palmas,La Liga,2018,FW,FW,467.0,FW-0,Low involvement centre forwards
Gabriel Peñalba,Las Palmas,La Liga,2018,MF,MF,570.0,MF-0,Deep ball winning midfielders
Hernán Toledo,Las Palmas,La Liga,2018,MF,"MF,FW",624.0,MF-1,Advanced attacking midfielders
Imoh Ezekiel,Las Palmas,La Liga,2018,MF,MF,469.0,MF-1,Advanced attacking midfielders
Jairo Samperio,Las Palmas,La Liga,2018,MF,"MF,FW",556.0,MF-1,Advanced attacking midfielders
Javi Castellano,Las Palmas,La Liga,2018,MF,MF,1566.0,MF-0,Deep ball winning midfielders
Jonathan Calleri,Las Palmas,La Liga,2018,FW,FW,3109.0,FW-0,Low involvement centre forwards
Jonathan Viera,Las Palmas,La Liga,2018,MF,MF,1993.0,MF-1,Advanced attacking midfielders
Loïc Rémy,Las Palmas,La Liga,2018,FW,"FW,MF",766.0,FW-0,Low involvement centre forwards
Matías Aguirregaray,Las Palmas,La Liga,2018,DF,DF,1153.0,DF-1,Wide attacking defenders
Mauricio Lemos,Las Palmas,La Liga,2018,DF,"DF,MF",1261.0,DF-0,Deep central defenders
Michel,Las Palmas,La Liga,2018,DF,DF,2130.0,DF-1,Wide attacking defenders
Momo,Las Palmas,La Liga,2018,MF,MF,673.0,MF-1,Advanced attacking midfielders
Nacho Gil,Las Palmas,La Liga,2018,MF,"MF,FW",729.0,MF-1,Advanced attacking midfielders
Oghenekaro Etebo,Las Palmas,La Liga,2018,MF,MF,1215.0,MF-0,Deep ball winning midfielders
Oussama Tannane,Las Palmas,La Liga,2018,MF,"MF,FW",573.0,MF-1,Advanced attacking midfielders
Pedro Bigas,Las Palmas,La Liga,2018,DF,DF,894.0,DF-0,Deep central defenders
Tana,Las Palmas,La Liga,2018,MF,"MF,FW",1552.0,MF-1,Advanced attacking midfielders
Vicente Gómez,Las Palmas,La Liga,2018,MF,MF,1525.0,MF-0,Deep ball winning midfielders
Vitolo,Las Palmas,La Liga,2018,FW,"FW,MF",689.0,FW-1,Creating and carrying forwards
Ximo Navarro,Las Palmas,La Liga,2018,DF,DF,2608.0,DF-0,Deep central defenders
Álex Gálvez,Las Palmas,La Liga,2018,DF,DF,1619.0,DF-0,Deep central defenders
Alexander,Leganés,La Liga,2018,MF,MF,1060.0,MF-1,Advanced attacking midfielders
Claudio Beauvue,Leganés,La Liga,2018,FW,FW,1672.0,FW-0,Low involvement centre forwards
Darko Brašanac,Leganés,La Liga,2018,MF,MF,1203.0,MF-0,Deep ball winning midfielders
Diego Rico,Leganés,La Liga,2018,DF,DF,2228.0,DF-1,Wide attacking defenders
Dimitris Siovas,Leganés,La Liga,2018,DF,DF,2057.0,DF-0,Deep central defenders
Ezequiel Muñoz,Leganés,La Liga,2018,DF,DF,1407.0,DF-0,Deep central defenders
Gabriel,Leganés,La Liga,2018,MF,MF,2377.0,MF-0,Deep ball winning midfielders
Gerard Gumbau,Leganés,La Liga,2018,MF,MF,1434.0,MF-0,Deep ball winning midfielders
Javier Eraso,Leganés,La Liga,2018,MF,"MF,FW",2533.0,MF-1,Advanced attacking midfielders
Joseba Zaldúa,Leganés,La Liga,2018,DF,DF,2557.0,DF-1,Wide attacking defenders
Martín Mantovani,Leganés,La Liga,2018,DF,DF,1022.0,DF-0,Deep central defenders
Mauro dos Santos,Leganés,La Liga,2018,DF,DF,983.0,DF-0,Deep central defenders
Miguel Ángel Guerrero,Leganés,La Liga,2018,FW,FW,1442.0,FW-0,Low involvement centre forwards
Nabil El Zhar,Leganés,La Liga,2018,MF,MF,1981.0,MF-1,Advanced attacking midfielders
Naranjo,Leganés,La Liga,2018,MF,MF,562.0,MF-1,Advanced attacking midfielders
Nordin Amrabat,Leganés,La Liga,2018,MF,"MF,FW",1623.0,MF-1,Advanced attacking midfielders
Omar Ramos,Leganés,La Liga,2018,MF,MF,1448.0,MF-1,Advanced attacking midfielders
Raúl García,Leganés,La Liga,2018,DF,DF,1392.0,DF-1,Wide attacking defenders
Rubén Pérez,Leganés,La Liga,2018,MF,MF,2516.0,MF-0,Deep ball winning midfielders
Tito,Leganés,La Liga,2018,DF,DF,610.0,DF-1,Wide attacking defenders
Unai Bustinza,Leganés,La Liga,2018,DF,DF,1637.0,DF-0,Deep central defenders
Antonio Luna,Levante,La Liga,2018,DF,DF,2021.0,DF-1,Wide attacking defenders
Cheick Doukouré,Levante,La Liga,2018,MF,MF,1022.0,MF-0,Deep ball winning midfielders
Chema,Levante,La Liga,2018,DF,DF,2017.0,DF-0,Deep central defenders
Coke,Levante,La Liga,2018,DF,DF,1383.0,DF-1,Wide attacking defenders
Emmanuel Boateng,Levante,La Liga,2018,FW,FW,1276.0,FW-0,Low involvement centre forwards
Enes Ünal,Levante,La Liga,2018,FW,FW,596.0,FW-0,Low involvement centre forwards
Enis Bardhi,Levante,La Liga,2018,MF,MF,1580.0,MF-1,Advanced attacking midfielders
Erick Cabaco,Levante,La Liga,2018,DF,DF,1040.0,DF-0,Deep central defenders
Ivi,Levante,La Liga,2018,MF,"MF,FW",1762.0,MF-1,Advanced attacking midfielders
Jason,Levante,La Liga,2018,MF,"MF,FW",1786.0,MF-1,Advanced attacking midfielders
Jefferson Lerma,Levante,La Liga,2018,MF,MF,2135.0,MF-0,Deep ball winning midfielders
José Campaña,Levante,La Liga,2018,MF,MF,2734.0,MF-0,Deep ball winning midfielders
José Luis Morales,Levante,La Liga,2018,MF,"MF,FW",3058.0,MF-1,Advanced attacking midfielders
Pedro López Muñoz,Levante,La Liga,2018,DF,DF,1594.0,DF-1,Wide attacking defenders
Rober,Levante,La Liga,2018,DF,"DF,MF",1909.0,DF-0,Deep central defenders
Roger Martí,Levante,La Liga,2018,FW,FW,963.0,FW-0,Low involvement centre forwards
Saša Lukić,Levante,La Liga,2018,MF,MF,994.0,MF-0,Deep ball winning midfielders
Sergio Postigo,Levante,La Liga,2018,DF,DF,2425.0,DF-0,Deep central defenders
Toño,Levante,La Liga,2018,DF,DF,1080.0,DF-1,Wide attacking defenders
Álex Alegría,Levante,La Liga,2018,FW,FW,628.0,FW-0,Low involvement centre forwards
Adalberto Peñaranda,Málaga,La Liga,2018,FW,"FW,MF",802.0,FW-0,Low involvement centre forwards
Adrián González,Málaga,La Liga,2018,MF,"MF,FW",2340.0,MF-0,Deep ball winning midfielders
Borja Bastón,Málaga,La Liga,2018,FW,FW,985.0,FW-0,Low involvement centre forwards
Brown Ideye,Málaga,La Liga,2018,FW,FW,733.0,FW-0,Low involvement centre forwards
Chory Castro,Málaga,La Liga,2018,MF,MF,2061.0,MF-1,Advanced attacking midfielders
Diego González,Málaga,La Liga,2018,DF,DF,1429.0,DF-0,Deep central defenders
Diego Rolán,Málaga,La Liga,2018,FW,"FW,MF",1946.0,FW-0,Low involvement centre forwards
Federico Ricca,Málaga,La Liga,2018,DF,DF,1109.0,DF-1,Wide attacking defenders
Ignasi Miquel,Málaga,La Liga,2018,DF,DF,1773.0,DF-0,Deep central defenders
Isaac Success,Málaga,La Liga,2018,MF,"MF,FW",492.0,MF-1,Advanced attacking midfielders
Juankar,Málaga,La Liga,2018,DF,DF,784.0,DF-1,Wide attacking defenders
Juanpi,Málaga,La Liga,2018,MF,"MF,FW",610.0,MF-1,Advanced attacking midfielders
Keko,Málaga,La Liga,2018,MF,MF,1209.0,MF-1,Advanced attacking midfielders
Luis Hernández,Málaga,La Liga,2018,DF,DF,3240.0,DF-0,Deep central defenders
Manuel Iturra,Málaga,La Liga,2018,MF,MF,1583.0,MF-0,Deep ball winning midfielders
Maxime Lestienne,Málaga,La Liga,2018,MF,MF,669.0,MF-1,Advanced attacking midfielders
Mehdi Lacen,Málaga,La Liga,2018,MF,MF,1056.0,MF-0,Deep ball winning midfielders
Miguel Torres,Málaga,La Liga,2018,DF,DF,673.0,DF-0,Deep central defenders
Paul Baysse,Málaga,La Liga,2018,DF,DF,1239.0,DF-0,Deep central defenders
Recio,Málaga,La Liga,2018,MF,MF,1837.0,MF-0,Deep ball winning midfielders
Roberto Rosales,Málaga,La Liga,2018,DF,DF,3123.0,DF-1,Wide attacking defenders
Youssef En-Nesyri,Málaga,La Liga,2018,FW,FW,1596.0,FW-0,Low involvement centre forwards
Zdravko Kuzmanović,Málaga,La Liga,2018,MF,MF,480.0,MF-0,Deep ball winning midfielders
Álex Mula,Málaga,La Liga,2018,MF,"MF,FW",561.0,MF-1,Advanced attacking midfielders
Achraf Hakimi,Real Madrid,La Liga,2018,DF,DF,757.0,DF-1,Wide attacking defenders
Casemiro,Real Madrid,La Liga,2018,MF,MF,2595.0,MF-0,Deep ball winning midfielders
Cristiano Ronaldo,Real Madrid,La Liga,2018,FW,FW,2285.0,FW-1,Creating and carrying forwards
Dani Carvajal,Real Madrid,La Liga,2018,DF,DF,2222.0,DF-1,Wide attacking defenders
Gareth Bale,Real Madrid,La Liga,2018,FW,"FW,MF",1799.0,FW-1,Creating and carrying forwards
Isco,Real Madrid,La Liga,2018,MF,MF,1774.0,MF-1,Advanced attacking midfielders
Jesús Vallejo,Real Madrid,La Liga,2018,DF,DF,630.0,DF-0,Deep central defenders
Karim Benzema,Real Madrid,La Liga,2018,FW,FW,2150.0,FW-1,Creating and carrying forwards
Lucas Vázquez,Real Madrid,La Liga,2018,MF,"MF,FW",1679.0,MF-1,Advanced attacking midfielders
Luka Modrić,Real Madrid,La Liga,2018,MF,MF,1970.0,MF-1,Advanced attacking midfielders
Marcelo,Real Madrid,La Liga,2018,DF,DF,2260.0,DF-1,Wide attacking defenders
Marco Asensio,Real Madrid,La Liga,2018,MF,"MF,FW",1844.0,MF-1,Advanced attacking midfielders
Marcos Llorente,Real Madrid,La Liga,2018,MF,MF,546.0,MF-0,Deep ball winning midfielders
Mateo Kovačić,Real Madrid,La Liga,2018,MF,MF,992.0,MF-0,Deep ball winning midfielders
Nacho,Real Madrid,La Liga,2018,DF,DF,2074.0,DF-0,Deep central defenders
Raphaël Varane,Real Madrid,La Liga,2018,DF,DF,2322.0,DF-0,Deep central defenders
Sergio Ramos,Real Madrid,La Liga,2018,DF,DF,2289.0,DF-0,Deep central defenders
Theo Hernández,Real Madrid,La Liga,2018,DF,DF,963.0,DF-1,Wide attacking defenders
Toni Kroos,Real Madrid,La Liga,2018,MF,MF,2261.0,MF-1,Advanced attacking midfielders
Adnan Januzaj,Real Sociedad,La Liga,2018,FW,"FW,MF",1573.0,FW-1,Creating and carrying forwards
Alberto de la Bella,Real Sociedad,La Liga,2018,DF,DF,1528.0,DF-1,Wide attacking defenders
Aritz Elustondo,Real Sociedad,La Liga,2018,DF,DF,1596.0,DF-0,Deep central defenders
Asier Illarramendi,Real Sociedad,La Liga,2018,MF,MF,3163.0,MF-0,Deep ball winning midfielders
David Zurutuza,Real Sociedad,La Liga,2018,MF,MF,2242.0,MF-0,Deep ball winning midfielders
Diego Llorente,Real Sociedad,La Liga,2018,DF,DF,2326.0,DF-0,Deep central defenders
Héctor Moreno,Real Sociedad,La Liga,2018,DF,DF,720.0,DF-0,Deep central defenders
Igor Zubeldia,Real Sociedad,La Liga,2018,MF,MF,1582.0,MF-0,Deep ball winning midfielders
Iñigo Martínez,Real Sociedad,La Liga,2018,DF,DF,1055.0,DF-0,Deep central defenders
Juanmi,Real Sociedad,La Liga,2018,FW,"FW,MF",1489.0,FW-0,Low involvement centre forwards
Kévin Rodrigues,Real Sociedad,La Liga,2018,DF,DF,1635.0,DF-1,Wide attacking defenders
Mikel Oyarzabal,Real Sociedad,La Liga,2018,FW,"FW,MF",2772.0,FW-1,Creating and carrying forwards
Raúl Navas,Real Sociedad,La Liga,2018,DF,DF,1791.0,DF-0,Deep central defenders
Sergio Canales,Real Sociedad,La Liga,2018,MF,"MF,FW",1928.0,MF-1,Advanced attacking midfielders
Willian José,Real Sociedad,La Liga,2018,FW,FW,2770.0,FW-0,Low involvement centre forwards
Xabi Prieto,Real Sociedad,La Liga,2018,MF,"MF,FW",1929.0,MF-1,Advanced attacking midfielders
Álvaro Odriozola,Real Sociedad,La Liga,2018,DF,DF,2918.0,DF-1,Wide attacking defenders
Clément Lenglet,Sevilla,La Liga,2018,DF,DF,3001.0,DF-0,Deep central defenders
Daniel Carriço,Sevilla,La Liga,2018,DF,DF,460.0,DF-0,Deep central defenders
Franco Vázquez,Sevilla,La Liga,2018,MF,MF,1838.0,MF-1,Advanced attacking midfielders
Gabriel Mercado,Sevilla,La Liga,2018,DF,DF,2118.0,DF-0,Deep central defenders
Ganso,Sevilla,La Liga,2018,MF,MF,519.0,MF-1,Advanced attacking midfielders
Guido Pizarro,Sevilla,La Liga,2018,MF,MF,1755.0,MF-0,Deep ball winning midfielders
Jesús Navas,Sevilla,La Liga,2018,MF,"MF,DF",1763.0,MF-1,Advanced attacking midfielders
Joaquín Correa,Sevilla,La Liga,2018,MF,"MF,FW",1193.0,MF-1,Advanced attacking midfielders
Johannes Geis,Sevilla,La Liga,2018,DF,"DF,MF",676.0,DF-0,Deep central defenders
Lionel Carole,Sevilla,La Liga,2018,DF,DF,540.0,DF-1,Wide attacking defenders
Luis Muriel,Sevilla,La Liga,2018,FW,"FW,MF",1608.0,FW-0,Low involvement centre forwards
Michael Krohn-Dehli,Sevilla,La Liga,2018,MF,MF,536.0,MF-1,Advanced attacking midfielders
Miguel Layún,Sevilla,La Liga,2018,DF,"DF,MF",1184.0,DF-1,Wide attacking defenders
Nolito,Sevilla,La Liga,2018,MF,"MF,FW",1600.0,MF-1,Advanced attacking midfielders
Pablo Sarabia,Sevilla,La Liga,2018,MF,"MF,FW",2395.0,MF-1,Advanced attacking midfielders
Sandro Ramírez,Sevilla,La Liga,2018,MF,"MF,FW",717.0,MF-1,Advanced attacking midfielders
Sergio Escudero,Sevilla,La Liga,2018,DF,DF,2332.0,DF-1,Wide attacking defenders
Simon Kjær,Sevilla,La Liga,2018,DF,DF,1571.0,DF-0,Deep central defenders
Steven Nzonzi,Sevilla,La Liga,2018,MF,MF,2214.0,MF-0,Deep ball winning midfielders
Sébastien Corchia,Sevilla,La Liga,2018,DF,DF,821.0,DF-1,Wide attacking defenders
Wissam Ben Yedder,Sevilla,La Liga,2018,FW,FW,1700.0,FW-0,Low involvement centre forwards
Éver Banega,Sevilla,La Liga,2018,MF,MF,2399.0,MF-1,Advanced attacking midfielders
Andreas Pereira,Valencia,La Liga,2018,MF,MF,1078.0,MF-1,Advanced attacking midfielders
Carlos Soler,Valencia,La Liga,2018,MF,MF,2365.0,MF-1,Advanced attacking midfielders
Daniel Parejo,Valencia,La Liga,2018,MF,MF,3001.0,MF-0,Deep ball winning midfielders
Ezequiel Garay,Valencia,La Liga,2018,DF,DF,2028.0,DF-0,Deep central defenders
Francis Coquelin,Valencia,La Liga,2018,MF,"MF,DF",657.0,MF-0,Deep ball winning midfielders
Gabriel Paulista,Valencia,La Liga,2018,DF,DF,2584.0,DF-0,Deep central defenders
Geoffrey Kondogbia,Valencia,La Liga,2018,MF,MF,2614.0,MF-0,Deep ball winning midfielders
Gonçalo Guedes,Valencia,La Liga,2018,MF,MF,2439.0,MF-1,Advanced attacking midfielders
Jeison Murillo,Valencia,La Liga,2018,DF,DF,1374.0,DF-0,Deep central defenders
José Luis Gayà,Valencia,La Liga,2018,DF,DF,2916.0,DF-1,Wide attacking defenders
Luciano Vietto,Valencia,La Liga,2018,FW,FW,528.0,FW-1,Creating and carrying forwards
Martín Montoya,Valencia,La Liga,2018,DF,DF,2152.0,DF-1,Wide attacking defenders
Nemanja Maksimović,Valencia,La Liga,2018,MF,MF,557.0,MF-0,Deep ball winning midfielders
Rodrigo,Valencia,La Liga,2018,FW,FW,2684.0,FW-1,Creating and carrying forwards
Rúben Vezo,Valencia,La Liga,2018,DF,DF,1555.0,DF-0,Deep central defenders
Santi Mina,Valencia,La Liga,2018,FW,FW,1554.0,FW-0,Low involvement centre forwards
Simone Zaza,Valencia,La Liga,2018,FW,FW,2077.0,FW-0,Low involvement centre forwards
Toni Lato,Valencia,La Liga,2018,DF,"DF,MF",797.0,DF-1,Wide attacking defenders
Antonio Rukavina,Villarreal,La Liga,2018,DF,DF,1272.0,DF-1,Wide attacking defenders
Carlos Bacca,Villarreal,La Liga,2018,FW,FW,2497.0,FW-0,Low involvement centre forwards
Cédric Bakambu,Villarreal,La Liga,2018,FW,FW,1263.0,FW-0,Low involvement centre forwards
Dani Raba,Villarreal,La Liga,2018,MF,"MF,FW",1110.0,MF-1,Advanced attacking midfielders
Daniele Bonera,Villarreal,La Liga,2018,DF,DF,1190.0,DF-0,Deep central defenders
Denis Cheryshev,Villarreal,La Liga,2018,MF,"MF,FW",926.0,MF-1,Advanced attacking midfielders
Enes Ünal,Villarreal,La Liga,2018,FW,FW,1127.0,FW-0,Low involvement centre forwards
Jaume Costa,Villarreal,La Liga,2018,DF,DF,2536.0,DF-1,Wide attacking defenders
Javi Fuego,Villarreal,La Liga,2018,MF,MF,537.0,MF-0,Deep ball winning midfielders
Manu Trigueros,Villarreal,La Liga,2018,MF,MF,2698.0,MF-0,Deep ball winning midfielders
Mario Gaspar,Villarreal,La Liga,2018,DF,DF,2806.0,DF-1,Wide attacking defenders
Nicola Sansone,Villarreal,La Liga,2018,FW,"FW,MF",635.0,FW-1,Creating and carrying forwards
Pablo Fornals,Villarreal,La Liga,2018,MF,MF,2620.0,MF-1,Advanced attacking midfielders
Roberto Soriano,Villarreal,La Liga,2018,MF,MF,1139.0,MF-1,Advanced attacking midfielders
Rodri,Villarreal,La Liga,2018,MF,MF,3227.0,MF-0,Deep ball winning midfielders
Samu Castillejo,Villarreal,La Liga,2018,MF,MF,2074.0,MF-1,Advanced attacking midfielders
Víctor Ruiz,Villarreal,La Liga,2018,DF,DF,2416.0,DF-0,Deep central defenders
Álvaro González,Villarreal,La Liga,2018,DF,DF,2898.0,DF-0,Deep central defenders
Bakaye Dibassy,Amiens,Ligue 1,2018,DF,DF,2778.0,DF-0,Deep central defenders
Bongani Zungu,Amiens,Ligue 1,2018,MF,MF,2084.0,MF-0,Deep ball winning midfielders
Danilo Avelar,Amiens,Ligue 1,2018,DF,"DF,MF",1727.0,DF-1,Wide attacking defenders
Emmanuel Bourgaud,Amiens,Ligue 1,2018,MF,MF,542.0,MF-1,Advanced attacking midfielders
Gaël Kakuta,Amiens,Ligue 1,2018,MF,"MF,FW",3083.0,MF-1,Advanced attacking midfielders
Guessouma Fofana,Amiens,Ligue 1,2018,MF,MF,743.0,MF-0,Deep ball winning midfielders
Guy Ngosso,Amiens,Ligue 1,2018,MF,MF,610.0,MF-0,Deep ball winning midfielders
Harrison Manzala,Amiens,Ligue 1,2018,MF,MF,1867.0,MF-1,Advanced attacking midfielders
Issa Cissokho,Amiens,Ligue 1,2018,DF,DF,1630.0,DF-0,Deep central defenders
Julien Ielsch,Amiens,Ligue 1,2018,MF,"MF,DF",616.0,MF-0,Deep ball winning midfielders
Khaled Adénon,Amiens,Ligue 1,2018,DF,DF,2921.0,DF-0,Deep central defenders
Lacina Traoré,Amiens,Ligue 1,2018,FW,FW,779.0,FW-0,Low involvement centre forwards
Moussa Konaté,Amiens,Ligue 1,2018,FW,FW,2472.0,FW-0,Low involvement centre forwards
Oualid El Hajjam,Amiens,Ligue 1,2018,DF,DF,2198.0,DF-1,Wide attacking defenders
Prince-Désir Gouano,Amiens,Ligue 1,2018,DF,DF,2746.0,DF-0,Deep central defenders
Serge Gakpé,Amiens,Ligue 1,2018,MF,MF,1825.0,MF-1,Advanced attacking midfielders
Stiven Mendoza,Amiens,Ligue 1,2018,MF,"MF,FW",1032.0,MF-1,Advanced attacking midfielders
Thomas Monconduit,Amiens,Ligue 1,2018,MF,MF,2948.0,MF-0,Deep ball winning midfielders
Abdoulaye Bamba,Angers,Ligue 1,2018,DF,DF,1533.0,DF-1,Wide attacking defenders
Angelo Fulgini,Angers,Ligue 1,2018,MF,MF,1529.0,MF-1,Advanced attacking midfielders
Baptiste Guillaume,Angers,Ligue 1,2018,FW,"FW,MF",458.0,FW-0,Low involvement centre forwards
Baptiste Santamaria,Angers,Ligue 1,2018,MF,MF,2591.0,MF-0,Deep ball winning midfielders
Enzo Crivelli,Angers,Ligue 1,2018,FW,FW,1022.0,FW-0,Low involvement centre forwards
Flavien Tait,Angers,Ligue 1,2018,MF,MF,2235.0,MF-1,Advanced attacking midfielders
Gilles Sunu,Angers,Ligue 1,2018,MF,"MF,FW",655.0,MF-1,Advanced attacking midfielders
Ismaël Traoré,Angers,Ligue 1,2018,DF,DF,2855.0,DF-0,Deep central defenders
Karl Toko Ekambi,Angers,Ligue 1,2018,FW,"FW,MF",3040.0,FW-0,Low involvement centre forwards
Lassana Coulibaly,Angers,Ligue 1,2018,MF,MF,838.0,MF-1,Advanced attacking midfielders
Mateo Pavlović,Angers,Ligue 1,2018,DF,DF,1966.0,DF-0,Deep central defenders
Pierrick Capelle,Angers,Ligue 1,2018,MF,MF,1884.0,MF-1,Advanced attacking midfielders
Prince Oniangué,Angers,Ligue 1,2018,MF,MF,1056.0,MF-0,Deep ball winning midfielders
Romain Thomas,Angers,Ligue 1,2018,DF,DF,2470.0,DF-0,Deep central defenders
Thomas Mangani,Angers,Ligue 1,2018,MF,MF,3025.0,MF-0,Deep ball winning midfielders
Vincent Manceau,Angers,Ligue 1,2018,DF,DF,2970.0,DF-1,Wide attacking defenders
Yoann Andreu,Angers,Ligue 1,2018,DF,DF,2070.0,DF-1,Wide attacking defenders
Alexandre Mendy,Bordeaux,Ligue 1,2018,FW,FW,795.0,FW-0,Low involvement centre forwards
François Kamano,Bordeaux,Ligue 1,2018,FW,"FW,MF",2014.0,FW-1,Creating and carrying forwards
Gaëtan Laborde,Bordeaux,Ligue 1,2018,FW,FW,957.0,FW-0,Low involvement centre forwards
Jaroslav Plašil,Bordeaux,Ligue 1,2018,MF,MF,1044.0,MF-0,Deep ball winning midfielders
Jonathan Cafu,Bordeaux,Ligue 1,2018,MF,"MF,FW",633.0,MF-1,Advanced attacking midfielders
Jules Koundé,Bordeaux,Ligue 1,2018,DF,DF,1589.0,DF-0,Deep central defenders
Jérémy Toulalan,Bordeaux,Ligue 1,2018,DF,DF,1890.0,DF-0,Deep central defenders
Lukas Lerager,Bordeaux,Ligue 1,2018,MF,MF,3283.0,MF-0,Deep ball winning midfielders
Malcom,Bordeaux,Ligue 1,2018,FW,"FW,MF",2856.0,FW-1,Creating and carrying forwards
Martin Braithwaite,Bordeaux,Ligue 1,2018,FW,FW,914.0,FW-0,Low involvement centre forwards
Maxime Poundjé,Bordeaux,Ligue 1,2018,DF,DF,1703.0,DF-1,Wide attacking defenders
Nicolas de Préville,Bordeaux,Ligue 1,2018,FW,"FW,MF",1935.0,FW-1,Creating and carrying forwards
Otávio,Bordeaux,Ligue 1,2018,MF,MF,1484.0,MF-0,Deep ball winning midfielders
Pablo,Bordeaux,Ligue 1,2018,DF,DF,1291.0,DF-0,Deep central defenders
Paul Baysse,Bordeaux,Ligue 1,2018,DF,DF,566.0,DF-0,Deep central defenders
Soualiho Meïté,Bordeaux,Ligue 1,2018,MF,MF,1335.0,MF-0,Deep ball winning midfielders
Théo Pellenard,Bordeaux,Ligue 1,2018,DF,DF,1428.0,DF-1,Wide attacking defenders
Valentín Vada,Bordeaux,Ligue 1,2018,MF,MF,860.0,MF-1,Advanced attacking midfielders
Vukašin Jovanović,Bordeaux,Ligue 1,2018,DF,DF,1440.0,DF-0,Deep central defenders
Younousse Sankharé,Bordeaux,Ligue 1,2018,MF,MF,1881.0,MF-1,Advanced attacking midfielders
Youssouf Sabaly,Bordeaux,Ligue 1,2018,DF,DF,3093.0,DF-1,Wide attacking defenders
Adama Mbengue,Caen,Ligue 1,2018,DF,DF,1595.0,DF-1,Wide attacking defenders
Alexander Djiku,Caen,Ligue 1,2018,DF,DF,2520.0,DF-0,Deep central defenders
Baissama Sankoh,Caen,Ligue 1,2018,MF,"MF,DF",1540.0,MF-0,Deep ball winning midfielders
Christian Kouakou,Caen,Ligue 1,2018,MF,"MF,FW",847.0,MF-1,Advanced attacking midfielders
Damien Da Silva,Caen,Ligue 1,2018,DF,DF,2836.0,DF-0,Deep central defenders
Durel Avounou,Caen,Ligue 1,2018,DF,"DF,MF",651.0,DF-1,Wide attacking defenders
Enzo Crivelli,Caen,Ligue 1,2018,FW,FW,725.0,FW-0,Low involvement centre forwards
Frederic Guilbert,Caen,Ligue 1,2018,DF,DF,3240.0,DF-1,Wide attacking defenders
Hervé Bazile,Caen,Ligue 1,2018,MF,"MF,FW",876.0,MF-1,Advanced attacking midfielders
Ismaël Diomandé,Caen,Ligue 1,2018,DF,"DF,MF",712.0,DF-0,Deep central defenders
Ivan Santini,Caen,Ligue 1,2018,FW,FW,2777.0,FW-0,Low involvement centre forwards
Jan Repas,Caen,Ligue 1,2018,MF,"MF,FW",902.0,MF-1,Advanced attacking midfielders
Jessy Deminguet,Caen,Ligue 1,2018,MF,"MF,FW",534.0,MF-1,Advanced attacking midfielders
Jonathan Delaplace,Caen,Ligue 1,2018,MF,MF,583.0,MF-0,Deep ball winning midfielders
Julien Féret,Caen,Ligue 1,2018,MF,MF,3060.0,MF-0,Deep ball winning midfielders
Romain Genevois,Caen,Ligue 1,2018,DF,DF,1808.0,DF-0,Deep central defenders
Ronny Rodelin,Caen,Ligue 1,2018,FW,"FW,MF",3161.0,FW-1,Creating and carrying forwards
Stef Peeters,Caen,Ligue 1,2018,MF,MF,1109.0,MF-1,Advanced attacking midfielders
Vincent Bessat,Caen,Ligue 1,2018,DF,"DF,MF",1570.0,DF-1,Wide attacking defenders
Youssef Aït Bennasser,Caen,Ligue 1,2018,MF,MF,2047.0,MF-0,Deep ball winning midfielders
Benjamin Jeannot,Dijon,Ligue 1,2018,FW,"FW,MF",1407.0,FW-0,Low involvement centre forwards
Cédric Varrault,Dijon,Ligue 1,2018,DF,DF,883.0,DF-0,Deep central defenders
Cédric Yamberé,Dijon,Ligue 1,2018,DF,DF,2829.0,DF-0,Deep central defenders
Florent Balmont,Dijon,Ligue 1,2018,MF,MF,860.0,MF-0,Deep ball winning midfielders
Fouad Chafik,Dijon,Ligue 1,2018,DF,DF,1613.0,DF-1,Wide attacking defenders
Frédéric Sammaritano,Dijon,Ligue 1,2018,MF,"MF,FW",1429.0,MF-1,Advanced attacking midfielders
Jordan Marié,Dijon,Ligue 1,2018,MF,MF,1883.0,MF-0,Deep ball winning midfielders
Júlio Tavares,Dijon,Ligue 1,2018,FW,FW,2055.0,FW-0,Low involvement centre forwards
Kwon Chang-hoon,Dijon,Ligue 1,2018,MF,"MF,FW",2137.0,MF-1,Advanced attacking midfielders
Mehdi Abeid,Dijon,Ligue 1,2018,MF,MF,1176.0,MF-0,Deep ball winning midfielders
Naïm Sliti,Dijon,Ligue 1,2018,MF,"MF,FW",2290.0,MF-1,Advanced attacking midfielders
Oussama Haddadi,Dijon,Ligue 1,2018,DF,DF,2503.0,DF-1,Wide attacking defenders
Papy Djilobodji,Dijon,Ligue 1,2018,DF,DF,2699.0,DF-0,Deep central defenders
Romain Amalfitano,Dijon,Ligue 1,2018,MF,MF,2703.0,MF-0,Deep ball winning midfielders
Valentin Rosier,Dijon,Ligue 1,2018,DF,DF,2780.0,DF-1,Wide attacking defenders
Wesley Lautoa,Dijon,Ligue 1,2018,DF,"DF,MF",622.0,DF-0,Deep central defenders
Wesley Saïd,Dijon,Ligue 1,2018,FW,"FW,MF",1839.0,FW-0,Low involvement centre forwards
Xeka,Dijon,Ligue 1,2018,MF,MF,1393.0,MF-1,Advanced attacking midfielders
Abdoul Camara,Guingamp,Ligue 1,2018,MF,"MF,FW",888.0,MF-1,Advanced attacking midfielders
Christophe Kerbrat,Guingamp,Ligue 1,2018,DF,DF,3320.0,DF-0,Deep central defenders
Clément Grenier,Guingamp,Ligue 1,2018,MF,MF,1208.0,MF-1,Advanced attacking midfielders
Franck Tabanou,Guingamp,Ligue 1,2018,DF,DF,1048.0,DF-1,Wide attacking defenders
Félix Eboa Eboa,Guingamp,Ligue 1,2018,DF,DF,1524.0,DF-0,Deep central defenders
Jimmy Briand,Guingamp,Ligue 1,2018,FW,"FW,MF",3209.0,FW-0,Low involvement centre forwards
Jonathan Martins Pereira,Guingamp,Ligue 1,2018,DF,DF,1135.0,DF-1,Wide attacking defenders
Jordan Ikoko,Guingamp,Ligue 1,2018,DF,DF,2420.0,DF-1,Wide attacking defenders
Jérémy Sorbon,Guingamp,Ligue 1,2018,DF,DF,2610.0,DF-0,Deep central defenders
Lebogang Phiri,Guingamp,Ligue 1,2018,MF,MF,1032.0,MF-0,Deep ball winning midfielders
Lucas Deaux,Guingamp,Ligue 1,2018,MF,MF,1943.0,MF-0,Deep ball winning midfielders
Ludovic Blas,Guingamp,Ligue 1,2018,MF,MF,1793.0,MF-1,Advanced attacking midfielders
Marcus Coco,Guingamp,Ligue 1,2018,MF,MF,1587.0,MF-1,Advanced attacking midfielders
Marcus Thuram,Guingamp,Ligue 1,2018,FW,"FW,MF",1929.0,FW-0,Low involvement centre forwards
Mustapha Diallo,Guingamp,Ligue 1,2018,MF,MF,1384.0,MF-0,Deep ball winning midfielders
Nicolas Benezet,Guingamp,Ligue 1,2018,MF,"MF,FW",1648.0,MF-1,Advanced attacking midfielders
Pedro Rebocho,Guingamp,Ligue 1,2018,DF,DF,1721.0,DF-1,Wide attacking defenders
Yannis Salibur,Guingamp,Ligue 1,2018,MF,"MF,FW",1521.0,MF-1,Advanced attacking midfielders
Yeni Ngbakoto,Guingamp,Ligue 1,2018,MF,MF,576.0,MF-1,Advanced attacking midfielders
Étienne Didot,Guingamp,Ligue 1,2018,MF,MF,1621.0,MF-0,Deep ball winning midfielders
Adama Soumaoro,Lille,Ligue 1,2018,DF,DF,1192.0,DF-0,Deep central defenders
Anwar El Ghazi,Lille,Ligue 1,2018,MF,"MF,FW",1648.0,MF-1,Advanced attacking midfielders
Boubakary Soumaré,Lille,Ligue 1,2018,MF,MF,511.0,MF-0,Deep ball winning midfielders
Edgar Ié,Lille,Ligue 1,2018,DF,DF,3146.0,DF-0,Deep central defenders
Ezequiel Ponce,Lille,Ligue 1,2018,FW,FW,1097.0,FW-0,Low involvement centre forwards
Fodé Ballo-Touré,Lille,Ligue 1,2018,DF,DF,2055.0,DF-1,Wide attacking defenders
Hamza Mendyl,Lille,Ligue 1,2018,DF,"DF,MF",851.0,DF-1,Wide attacking defenders
Ibrahim Amadou,Lille,Ligue 1,2018,MF,"MF,DF",2405.0,MF-0,Deep ball winning midfielders
Júnior Alonso,Lille,Ligue 1,2018,DF,DF,2781.0,DF-0,Deep central defenders
Kouadio-Yves Dabila,Lille,Ligue 1,2018,DF,DF,944.0,DF-0,Deep central defenders
Kévin Malcuit,Lille,Ligue 1,2018,DF,DF,1817.0,DF-1,Wide attacking defenders
Lebo Mothiba,Lille,Ligue 1,2018,FW,FW,1184.0,FW-0,Low involvement centre forwards
Luiz Araújo,Lille,Ligue 1,2018,MF,"MF,FW",2018.0,MF-1,Advanced attacking midfielders
Nicolas Pépé,Lille,Ligue 1,2018,FW,"FW,MF",2841.0,FW-1,Creating and carrying forwards
Thiago Maia,Lille,Ligue 1,2018,MF,"MF,DF",2463.0,MF-0,Deep ball winning midfielders
Thiago Mendes,Lille,Ligue 1,2018,MF,MF,2294.0,MF-1,Advanced attacking midfielders
Yassine Benzia,Lille,Ligue 1,2018,MF,"MF,FW",2288.0,MF-1,Advanced attacking midfielders
Yves Bissouma,Lille,Ligue 1,2018,MF,"MF,DF",1561.0,MF-0,Deep ball winning midfielders
Bertrand Traoré,Lyon,Ligue 1,2018,FW,"FW,MF",2284.0,FW-1,Creating and carrying forwards
Ferland Mendy,Lyon,Ligue 1,2018,DF,DF,2122.0,DF-1,Wide attacking defenders
Fernando Marçal,Lyon,Ligue 1,2018,DF,DF,1295.0,DF-1,Wide attacking defenders
Houssem Aouar,Lyon,Ligue 1,2018,MF,MF,2433.0,MF-1,Advanced attacking midfielders
Jordan Ferri,Lyon,Ligue 1,2018,MF,MF,638.0,MF-0,Deep ball winning midfielders
Jérémy Morel,Lyon,Ligue 1,2018,DF,DF,2916.0,DF-0,Deep central defenders
Kenny Tete,Lyon,Ligue 1,2018,DF,DF,1608.0,DF-1,Wide attacking defenders
Lucas Tousart,Lyon,Ligue 1,2018,MF,MF,3132.0,MF-0,Deep ball winning midfielders
Marcelo,Lyon,Ligue 1,2018,DF,DF,3105.0,DF-0,Deep central defenders
Mariano,Lyon,Ligue 1,2018,FW,FW,2507.0,FW-0,Low involvement centre forwards
Maxwel Cornet,Lyon,Ligue 1,2018,MF,"MF,FW",1272.0,MF-1,Advanced attacking midfielders
Memphis Depay,Lyon,Ligue 1,2018,MF,"MF,FW",2555.0,MF-1,Advanced attacking midfielders
Mouctar Diakhaby,Lyon,Ligue 1,2018,DF,DF,728.0,DF-0,Deep central defenders
Nabil Fekir,Lyon,Ligue 1,2018,MF,"MF,FW",2477.0,MF-1,Advanced attacking midfielders
Rafael,Lyon,Ligue 1,2018,DF,DF,1812.0,DF-1,Wide attacking defenders
Tanguy Ndombele,Lyon,Ligue 1,2018,MF,MF,2352.0,MF-0,Deep ball winning midfielders
Adil Rami,Marseille,Ligue 1,2018,DF,DF,2955.0,DF-0,Deep central defenders
Andre-Frank Zambo Anguissa,Marseille,Ligue 1,2018,MF,MF,2439.0,MF-0,Deep ball winning midfielders
Aymen Abdennour,Marseille,Ligue 1,2018,DF,DF,499.0,DF-0,Deep central defenders
Boubacar Kamara,Marseille,Ligue 1,2018,DF,"DF,MF",455.0,DF-0,Deep central defenders
Bouna Sarr,Marseille,Ligue 1,2018,DF,"DF,MF",1789.0,DF-1,Wide attacking defenders
Clinton N'Jie,Marseille,Ligue 1,2018,FW,"FW,MF",874.0,FW-0,Low involvement centre forwards
Dimitri Payet,Marseille,Ligue 1,2018,MF,MF,2347.0,MF-1,Advanced attacking midfielders
Florian Thauvin,Marseille,Ligue 1,2018,MF,MF,2950.0,MF-1,Advanced attacking midfielders
Hiroki Sakai,Marseille,Ligue 1,2018,DF,DF,2520.0,DF-1,Wide attacking defenders
Jordan Amavi,Marseille,Ligue 1,2018,DF,DF,2193.0,DF-1,Wide attacking defenders
Kostas Mitroglou,Marseille,Ligue 1,2018,FW,FW,876.0,FW-0,Low involvement centre forwards
Lucas Ocampos,Marseille,Ligue 1,2018,MF,MF,2038.0,MF-1,Advanced attacking midfielders
Luiz Gustavo,Marseille,Ligue 1,2018,MF,"MF,DF",3019.0,MF-0,Deep ball winning midfielders
Maxime Lopez,Marseille,Ligue 1,2018,MF,MF,1378.0,MF-0,Deep ball winning midfielders
Morgan Sanson,Marseille,Ligue 1,2018,MF,MF,2165.0,MF-1,Advanced attacking midfielders
Rolando,Marseille,Ligue 1,2018,DF,DF,2511.0,DF-0,Deep central defenders
Valère Germain,Marseille,Ligue 1,2018,FW,FW,2167.0,FW-0,Low involvement centre forwards
Benoît Assou-Ekotto,Metz,Ligue 1,2018,DF,DF,1051.0,DF-1,Wide attacking defenders
Cafú,Metz,Ligue 1,2018,MF,MF,680.0,MF-0,Deep ball winning midfielders
Chris Philipps,Metz,Ligue 1,2018,MF,"MF,DF",849.0,MF-0,Deep ball winning midfielders
Danijel Milićević,Metz,Ligue 1,2018,MF,"MF,FW",712.0,MF-1,Advanced attacking midfielders
Emmanuel Rivière,Metz,Ligue 1,2018,FW,FW,2009.0,FW-0,Low involvement centre forwards
Fallou Diagne,Metz,Ligue 1,2018,DF,"DF,MF",2238.0,DF-0,Deep central defenders
Florent Mollet,Metz,Ligue 1,2018,MF,MF,1412.0,MF-1,Advanced attacking midfielders
Georges Mandjeck,Metz,Ligue 1,2018,MF,"MF,DF",968.0,MF-0,Deep ball winning midfielders
Gerónimo Poblete,Metz,Ligue 1,2018,MF,MF,1656.0,MF-0,Deep ball winning midfielders
Ibrahima Niane,Metz,Ligue 1,2018,MF,"MF,FW",849.0,MF-1,Advanced attacking midfielders
Iván Balliu,Metz,Ligue 1,2018,DF,DF,1951.0,DF-1,Wide attacking defenders
Jonathan Rivierez,Metz,Ligue 1,2018,DF,DF,2064.0,DF-1,Wide attacking defenders
Julian Palmieri,Metz,Ligue 1,2018,DF,DF,1127.0,DF-1,Wide attacking defenders
Mathieu Dossevi,Metz,Ligue 1,2018,MF,"MF,FW",2509.0,MF-1,Advanced attacking midfielders
Milan Biševac,Metz,Ligue 1,2018,DF,DF,710.0,DF-0,Deep central defenders
Moussa Niakhate,Metz,Ligue 1,2018,DF,DF,3105.0,DF-0,Deep central defenders
Nolan Roux,Metz,Ligue 1,2018,FW,"FW,MF",2834.0,FW-0,Low involvement centre forwards
Opa Nguette,Metz,Ligue 1,2018,MF,"MF,FW",1022.0,MF-1,Advanced attacking midfielders
Renaud Cohade,Metz,Ligue 1,2018,MF,MF,3298.0,MF-0,Deep ball winning midfielders
Vahid Selimović,Metz,Ligue 1,2018,DF,DF,1056.0,DF-0,Deep central defenders
Adama Diakhaby,Monaco,Ligue 1,2018,MF,"MF,FW",850.0,MF-1,Advanced attacking midfielders
Almamy Touré,Monaco,Ligue 1,2018,DF,DF,1248.0,DF-1,Wide attacking defenders
Andrea Raggi,Monaco,Ligue 1,2018,DF,DF,1607.0,DF-0,Deep central defenders
Djibril Sidibé,Monaco,Ligue 1,2018,DF,DF,2153.0,DF-1,Wide attacking defenders
Fabinho,Monaco,Ligue 1,2018,MF,MF,3060.0,MF-0,Deep ball winning midfielders
Jemerson,Monaco,Ligue 1,2018,DF,DF,2855.0,DF-0,Deep central defenders
Jorge,Monaco,Ligue 1,2018,DF,DF,1920.0,DF-1,Wide attacking defenders
João Moutinho,Monaco,Ligue 1,2018,MF,MF,2803.0,MF-0,Deep ball winning midfielders
Kamil Glik,Monaco,Ligue 1,2018,DF,DF,3240.0,DF-0,Deep central defenders
Keita Baldé,Monaco,Ligue 1,2018,MF,"MF,FW",1473.0,MF-1,Advanced attacking midfielders
Kévin N'Doram,Monaco,Ligue 1,2018,MF,"MF,DF",721.0,MF-0,Deep ball winning midfielders
Rachid Ghezzal,Monaco,Ligue 1,2018,MF,MF,1006.0,MF-1,Advanced attacking midfielders
Radamel Falcao,Monaco,Ligue 1,2018,FW,FW,2129.0,FW-0,Low involvement centre forwards
Rony Lopes,Monaco,Ligue 1,2018,MF,MF,2531.0,MF-1,Advanced attacking midfielders
Stevan Jovetić,Monaco,Ligue 1,2018,FW,FW,753.0,FW-0,Low involvement centre forwards
Thomas Lemar,Monaco,Ligue 1,2018,MF,MF,2378.0,MF-1,Advanced attacking midfielders
Youri Tielemans,Monaco,Ligue 1,2018,MF,MF,1569.0,MF-0,Deep ball winning midfielders
Casimir Ninga,Montpellier,Ligue 1,2018,FW,"FW,MF",1283.0,FW-0,Low involvement centre forwards
Daniel Congré,Montpellier,Ligue 1,2018,DF,DF,2635.0,DF-0,Deep central defenders
Ellyes Skhiri,Montpellier,Ligue 1,2018,MF,MF,3049.0,MF-0,Deep ball winning midfielders
Facundo Píriz,Montpellier,Ligue 1,2018,MF,MF,807.0,MF-0,Deep ball winning midfielders
Giovanni Sio,Montpellier,Ligue 1,2018,FW,FW,2193.0,FW-0,Low involvement centre forwards
Isaac Mbenza,Montpellier,Ligue 1,2018,FW,"FW,MF",2096.0,FW-0,Low involvement centre forwards
Jonathan Ikone,Montpellier,Ligue 1,2018,MF,"MF,FW",998.0,MF-1,Advanced attacking midfielders
Junior Sambia,Montpellier,Ligue 1,2018,MF,MF,1543.0,MF-1,Advanced attacking midfielders
Jérôme Roussillon,Montpellier,Ligue 1,2018,DF,DF,1880.0,DF-1,Wide attacking defenders
Keagan Dolly,Montpellier,Ligue 1,2018,MF,MF,881.0,MF-1,Advanced attacking midfielders
Nicolas Cozza,Montpellier,Ligue 1,2018,DF,"DF,MF",578.0,DF-1,Wide attacking defenders
Nordi Mukiele,Montpellier,Ligue 1,2018,DF,DF,2791.0,DF-1,Wide attacking defenders
Paul Lasne,Montpellier,Ligue 1,2018,MF,MF,3062.0,MF-0,Deep ball winning midfielders
Pedro Mendes,Montpellier,Ligue 1,2018,DF,DF,2855.0,DF-0,Deep central defenders
Ruben Aguilar,Montpellier,Ligue 1,2018,DF,DF,2459.0,DF-1,Wide attacking defenders
Souleymane Camara,Montpellier,Ligue 1,2018,FW,"FW,MF",934.0,FW-0,Low involvement centre forwards
Stéphane Sessègnon,Montpellier,Ligue 1,2018,MF,"MF,FW",985.0,MF-1,Advanced attacking midfielders
Vitorino Hilton,Montpellier,Ligue 1,2018,DF,DF,2430.0,DF-0,Deep central defenders
Abdoulaye Touré,Nantes,Ligue 1,2018,MF,MF,2810.0,MF-0,Deep ball winning midfielders
Adrien Thomasson,Nantes,Ligue 1,2018,MF,MF,2578.0,MF-1,Advanced attacking midfielders
Andrei Girotto,Nantes,Ligue 1,2018,MF,MF,1520.0,MF-0,Deep ball winning midfielders
Chidozie Awaziem,Nantes,Ligue 1,2018,DF,DF,1512.0,DF-0,Deep central defenders
Diego Carlos,Nantes,Ligue 1,2018,DF,DF,2291.0,DF-0,Deep central defenders
Emiliano Sala,Nantes,Ligue 1,2018,FW,FW,3031.0,FW-0,Low involvement centre forwards
Jules Iloki,Nantes,Ligue 1,2018,MF,MF,1421.0,MF-1,Advanced attacking midfielders
Koffi Djidji,Nantes,Ligue 1,2018,DF,DF,2416.0,DF-0,Deep central defenders
Leo Dubois,Nantes,Ligue 1,2018,DF,DF,3021.0,DF-1,Wide attacking defenders
Lucas Lima,Nantes,Ligue 1,2018,DF,"DF,MF",2657.0,DF-1,Wide attacking defenders
Nicolas Pallois,Nantes,Ligue 1,2018,DF,DF,2431.0,DF-0,Deep central defenders
Préjuce Nakoulma,Nantes,Ligue 1,2018,FW,FW,1148.0,FW-0,Low involvement centre forwards
Rene Krhin,Nantes,Ligue 1,2018,MF,MF,1312.0,MF-0,Deep ball winning midfielders
Santy Ngom,Nantes,Ligue 1,2018,FW,"FW,MF",466.0,FW-0,Low involvement centre forwards
Valentin Rongier,Nantes,Ligue 1,2018,MF,MF,2350.0,MF-0,Deep ball winning midfielders
Yacine Bammou,Nantes,Ligue 1,2018,MF,MF,725.0,MF-1,Advanced attacking midfielders
Yassine El Ghanassy,Nantes,Ligue 1,2018,MF,MF,644.0,MF-1,Advanced attacking midfielders
Adrien Tameze,Nice,Ligue 1,2018,MF,MF,1681.0,MF-0,Deep ball winning midfielders
Alassane Pléa,Nice,Ligue 1,2018,FW,FW,3041.0,FW-0,Low involvement centre forwards
Allan Saint-Maximin,Nice,Ligue 1,2018,FW,"FW,MF",2246.0,FW-1,Creating and carrying forwards
Arnaud Souquet,Nice,Ligue 1,2018,DF,DF,2415.0,DF-1,Wide attacking defenders
Bassem Srarfi,Nice,Ligue 1,2018,FW,"FW,MF",870.0,FW-1,Creating and carrying forwards
Christophe Jallet,Nice,Ligue 1,2018,DF,DF,1174.0,DF-1,Wide attacking defenders
Dante,Nice,Ligue 1,2018,DF,DF,2919.0,DF-0,Deep central defenders
Jean Seri,Nice,Ligue 1,2018,MF,MF,2615.0,MF-0,Deep ball winning midfielders
Malang Sarr,Nice,Ligue 1,2018,DF,DF,1322.0,DF-0,Deep central defenders
Mario Balotelli,Nice,Ligue 1,2018,FW,FW,2269.0,FW-0,Low involvement centre forwards
Marlon,Nice,Ligue 1,2018,DF,DF,1929.0,DF-0,Deep central defenders
Maxime Le Marchand,Nice,Ligue 1,2018,DF,DF,2534.0,DF-0,Deep central defenders
Nampalys Mendy,Nice,Ligue 1,2018,MF,MF,965.0,MF-0,Deep ball winning midfielders
Patrick Burner,Nice,Ligue 1,2018,DF,DF,897.0,DF-1,Wide attacking defenders
Pierre Lees-Melou,Nice,Ligue 1,2018,MF,MF,2890.0,MF-1,Advanced attacking midfielders
Racine Coly,Nice,Ligue 1,2018,DF,DF,617.0,DF-1,Wide attacking defenders
Rémi Walter,Nice,Ligue 1,2018,MF,MF,491.0,MF-0,Deep ball winning midfielders
Vincent Koziello,Nice,Ligue 1,2018,MF,MF,807.0,MF-0,Deep ball winning midfielders
Wylan Cyprien,Nice,Ligue 1,2018,MF,MF,951.0,MF-0,Deep ball winning midfielders
Adrien Rabiot,Paris S-G,Ligue 1,2018,MF,MF,2362.0,MF-0,Deep ball winning midfielders
Christopher Nkunku,Paris S-G,Ligue 1,2018,FW,"FW,MF",631.0,FW-1,Creating and carrying forwards
Dani Alves,Paris S-G,Ligue 1,2018,DF,DF,2063.0,DF-1,Wide attacking defenders
Edinson Cavani,Paris S-G,Ligue 1,2018,FW,FW,2581.0,FW-0,Low involvement centre forwards
Giovani Lo Celso,Paris S-G,Ligue 1,2018,MF,MF,1776.0,MF-0,Deep ball winning midfielders
Javier Pastore,Paris S-G,Ligue 1,2018,MF,"MF,FW",1347.0,MF-1,Advanced attacking midfielders
Julian Draxler,Paris S-G,Ligue 1,2018,MF,"MF,FW",1704.0,MF-1,Advanced attacking midfielders
Kylian Mbappé,Paris S-G,Ligue 1,2018,FW,"FW,MF",2094.0,FW-1,Creating and carrying forwards
Lassana Diarra,Paris S-G,Ligue 1,2018,MF,MF,606.0,MF-0,Deep ball winning midfielders
Layvin Kurzawa,Paris S-G,Ligue 1,2018,DF,DF,1704.0,DF-1,Wide attacking defenders
Marco Verratti,Paris S-G,Ligue 1,2018,MF,MF,1718.0,MF-0,Deep ball winning midfielders
Marquinhos,Paris S-G,Ligue 1,2018,DF,DF,2262.0,DF-0,Deep central defenders
Neymar,Paris S-G,Ligue 1,2018,FW,"FW,MF",1786.0,FW-1,Creating and carrying forwards
Presnel Kimpembe,Paris S-G,Ligue 1,2018,DF,DF,2423.0,DF-0,Deep central defenders
Thiago Motta,Paris S-G,Ligue 1,2018,MF,MF,1154.0,MF-0,Deep ball winning midfielders
Thiago Silva,Paris S-G,Ligue 1,2018,DF,DF,2115.0,DF-0,Deep central defenders
Thomas Meunier,Paris S-G,Ligue 1,2018,DF,DF,1578.0,DF-1,Wide attacking defenders
Yuri Berchiche,Paris S-G,Ligue 1,2018,DF,DF,1716.0,DF-1,Wide attacking defenders
Ángel Di María,Paris S-G,Ligue 1,2018,FW,FW,2111.0,FW-1,Creating and carrying forwards
Adrien Hunou,Rennes,Ligue 1,2018,MF,"MF,FW",1458.0,MF-1,Advanced attacking midfielders
Benjamin André,Rennes,Ligue 1,2018,MF,MF,3011.0,MF-0,Deep ball winning midfielders
Benjamin Bourigeaud,Rennes,Ligue 1,2018,MF,MF,3102.0,MF-1,Advanced attacking midfielders
Diafra Sakho,Rennes,Ligue 1,2018,FW,FW,778.0,FW-0,Low involvement centre forwards
Faitout Maouassa,Rennes,Ligue 1,2018,MF,MF,887.0,MF-1,Advanced attacking midfielders
Hamari Traoré,Rennes,Ligue 1,2018,DF,DF,2637.0,DF-1,Wide attacking defenders
Ismaila Sarr,Rennes,Ligue 1,2018,MF,"MF,FW",1858.0,MF-1,Advanced attacking midfielders
James Lea Siliki,Rennes,Ligue 1,2018,MF,MF,1818.0,MF-1,Advanced attacking midfielders
Joris Gnagnon,Rennes,Ligue 1,2018,DF,DF,2919.0,DF-0,Deep central defenders
Jérémy Gélin,Rennes,Ligue 1,2018,DF,"DF,MF",2315.0,DF-0,Deep central defenders
Ludovic Baal,Rennes,Ligue 1,2018,DF,DF,1159.0,DF-1,Wide attacking defenders
Mehdi Zeffane,Rennes,Ligue 1,2018,DF,"DF,MF",989.0,DF-1,Wide attacking defenders
Mexer,Rennes,Ligue 1,2018,DF,DF,1201.0,DF-0,Deep central defenders
Morgan Amalfitano,Rennes,Ligue 1,2018,MF,"MF,FW",746.0,MF-1,Advanced attacking midfielders
Ndombe Mubele,Rennes,Ligue 1,2018,FW,"FW,MF",1227.0,FW-0,Low involvement centre forwards
Ramy Bensebaini,Rennes,Ligue 1,2018,DF,DF,2342.0,DF-1,Wide attacking defenders
Romain Danzé,Rennes,Ligue 1,2018,DF,DF,681.0,DF-1,Wide attacking defenders
Sanjin Prcić,Rennes,Ligue 1,2018,MF,MF,1565.0,MF-0,Deep ball winning midfielders
Wahbi Khazri,Rennes,Ligue 1,2018,FW,"FW,MF",1918.0,FW-1,Creating and carrying forwards
Assane Dioussé,Saint-Étienne,Ligue 1,2018,MF,MF,1344.0,MF-0,Deep ball winning midfielders
Bryan Dabo,Saint-Étienne,Ligue 1,2018,MF,"MF,FW",1284.0,MF-0,Deep ball winning midfielders
Cheikh M'Bengue,Saint-Étienne,Ligue 1,2018,DF,DF,489.0,DF-0,Deep central defenders
Gabriel Silva,Saint-Étienne,Ligue 1,2018,DF,DF,2077.0,DF-1,Wide attacking defenders
Habib Maïga,Saint-Étienne,Ligue 1,2018,MF,"MF,DF",708.0,MF-0,Deep ball winning midfielders
Hernani,Saint-Étienne,Ligue 1,2018,MF,"MF,FW",544.0,MF-1,Advanced attacking midfielders
Jonathan Bamba,Saint-Étienne,Ligue 1,2018,FW,"FW,MF",2572.0,FW-1,Creating and carrying forwards
Kévin Monnet-Paquet,Saint-Étienne,Ligue 1,2018,MF,"MF,FW",1763.0,MF-1,Advanced attacking midfielders
Kévin Théophile-Catherine,Saint-Étienne,Ligue 1,2018,DF,DF,2165.0,DF-0,Deep central defenders
Lois Diony,Saint-Étienne,Ligue 1,2018,FW,FW,931.0,FW-0,Low involvement centre forwards
Loïc Perrin,Saint-Étienne,Ligue 1,2018,DF,DF,2464.0,DF-0,Deep central defenders
Léo Lacroix,Saint-Étienne,Ligue 1,2018,DF,DF,775.0,DF-0,Deep central defenders
Mathieu Debuchy,Saint-Étienne,Ligue 1,2018,DF,DF,1314.0,DF-1,Wide attacking defenders
Neven Subotić,Saint-Étienne,Ligue 1,2018,DF,DF,1440.0,DF-0,Deep central defenders
Ole Selnæs,Saint-Étienne,Ligue 1,2018,MF,MF,2058.0,MF-0,Deep ball winning midfielders
Paul-Georges Ntep,Saint-Étienne,Ligue 1,2018,MF,"MF,FW",511.0,MF-1,Advanced attacking midfielders
Robert Berić,Saint-Étienne,Ligue 1,2018,FW,FW,1042.0,FW-0,Low involvement centre forwards
Romain Hamouma,Saint-Étienne,Ligue 1,2018,FW,"FW,MF",1846.0,FW-1,Creating and carrying forwards
Ronaël Pierre-Gabriel,Saint-Étienne,Ligue 1,2018,DF,DF,1170.0,DF-1,Wide attacking defenders
Rémy Cabella,Saint-Étienne,Ligue 1,2018,MF,"MF,FW",2259.0,MF-1,Advanced attacking midfielders
Saidy Janko,Saint-Étienne,Ligue 1,2018,DF,DF,1422.0,DF-1,Wide attacking defenders
Vincent Pajot,Saint-Étienne,Ligue 1,2018,MF,MF,1290.0,MF-0,Deep ball winning midfielders
Yann M'Vila,Saint-Étienne,Ligue 1,2018,MF,MF,1479.0,MF-0,Deep ball winning midfielders
Anthony Gonçalves,Strasbourg,Ligue 1,2018,MF,MF,1757.0,MF-1,Advanced attacking midfielders
Bakary Koné,Strasbourg,Ligue 1,2018,DF,DF,2462.0,DF-0,Deep central defenders
Benjamin Corgnet,Strasbourg,Ligue 1,2018,MF,"MF,FW",1376.0,MF-1,Advanced attacking midfielders
Dimitri Foulquier,Strasbourg,Ligue 1,2018,DF,DF,1239.0,DF-1,Wide attacking defenders
Dimitri Liénard,Strasbourg,Ligue 1,2018,MF,MF,2602.0,MF-1,Advanced attacking midfielders
Ernest Seka,Strasbourg,Ligue 1,2018,DF,DF,2178.0,DF-1,Wide attacking defenders
Idriss Saadi,Strasbourg,Ligue 1,2018,FW,FW,941.0,FW-0,Low involvement centre forwards
Ihsan Sacko,Strasbourg,Ligue 1,2018,MF,"MF,FW",709.0,MF-1,Advanced attacking midfielders
Jean-Eudes Aholou,Strasbourg,Ligue 1,2018,MF,MF,3006.0,MF-0,Deep ball winning midfielders
Jonas Martin,Strasbourg,Ligue 1,2018,MF,MF,3025.0,MF-0,Deep ball winning midfielders
Jérémy Blayac,Strasbourg,Ligue 1,2018,FW,"FW,MF",917.0,FW-0,Low involvement centre forwards
Jérémy Grimm,Strasbourg,Ligue 1,2018,MF,MF,808.0,MF-0,Deep ball winning midfielders
Kader Mangane,Strasbourg,Ligue 1,2018,DF,DF,1718.0,DF-0,Deep central defenders
Kenny Lala,Strasbourg,Ligue 1,2018,DF,DF,2723.0,DF-1,Wide attacking defenders
Martin Terrier,Strasbourg,Ligue 1,2018,FW,"FW,MF",1672.0,FW-0,Low involvement centre forwards
Nuno da Costa,Strasbourg,Ligue 1,2018,FW,"FW,MF",1727.0,FW-0,Low involvement centre forwards
Pablo Martinez,Strasbourg,Ligue 1,2018,DF,DF,2115.0,DF-0,Deep central defenders
Stéphane Bahoken,Strasbourg,Ligue 1,2018,FW,FW,1662.0,FW-0,Low involvement centre forwards
Yoann Salmier,Strasbourg,Ligue 1,2018,DF,DF,1107.0,DF-0,Deep central defenders
Alexis Blin,Toulouse,Ligue 1,2018,MF,MF,1886.0,MF-0,Deep ball winning midfielders
Andy Delort,Toulouse,Ligue 1,2018,FW,"FW,MF",2333.0,FW-0,Low involvement centre forwards
Christopher Jullien,Toulouse,Ligue 1,2018,DF,DF,2605.0,DF-0,Deep central defenders
Corentin Jean,Toulouse,Ligue 1,2018,MF,"MF,FW",1688.0,MF-1,Advanced attacking midfielders
François Moubandje,Toulouse,Ligue 1,2018,DF,DF,1699.0,DF-1,Wide attacking defenders
Giannelli Imbula,Toulouse,Ligue 1,2018,MF,MF,2243.0,MF-0,Deep ball winning midfielders
Ibrahim Sangaré,Toulouse,Ligue 1,2018,MF,MF,1588.0,MF-0,Deep ball winning midfielders
Issa Diop,Toulouse,Ligue 1,2018,DF,DF,3060.0,DF-0,Deep central defenders
Issiaga Sylla,Toulouse,Ligue 1,2018,DF,"DF,MF",1602.0,DF-1,Wide attacking defenders
Jimmy Durmaz,Toulouse,Ligue 1,2018,MF,"MF,FW",1028.0,MF-1,Advanced attacking midfielders
Kelvin Amian,Toulouse,Ligue 1,2018,DF,DF,3154.0,DF-0,Deep central defenders
Max Gradel,Toulouse,Ligue 1,2018,MF,"MF,FW",2415.0,MF-1,Advanced attacking midfielders
Ola Toivonen,Toulouse,Ligue 1,2018,FW,"FW,MF",800.0,FW-0,Low involvement centre forwards
Somália,Toulouse,Ligue 1,2018,MF,"MF,FW",2002.0,MF-1,Advanced attacking midfielders
Steeve Yago,Toulouse,Ligue 1,2018,DF,DF,1577.0,DF-1,Wide attacking defenders
Yannick Cahuzac,Toulouse,Ligue 1,2018,MF,MF,1518.0,MF-0,Deep ball winning midfielders
Yaya Sanogo,Toulouse,Ligue 1,2018,FW,FW,1513.0,FW-0,Low involvement centre forwards
Adama Niane,Troyes,Ligue 1,2018,FW,FW,2164.0,FW-0,Low involvement centre forwards
Alois Confais,Troyes,Ligue 1,2018,MF,"MF,DF",611.0,MF-0,Deep ball winning midfielders
Benjamin Nivet,Troyes,Ligue 1,2018,MF,"MF,FW",1369.0,MF-1,Advanced attacking midfielders
Bryan Pelé,Troyes,Ligue 1,2018,MF,MF,1615.0,MF-1,Advanced attacking midfielders
Charles Traore,Troyes,Ligue 1,2018,DF,DF,2998.0,DF-1,Wide attacking defenders
Christophe Hérelle,Troyes,Ligue 1,2018,DF,DF,2957.0,DF-0,Deep central defenders
François Bellugou,Troyes,Ligue 1,2018,MF,MF,2177.0,MF-0,Deep ball winning midfielders
Jimmy Giraudon,Troyes,Ligue 1,2018,DF,DF,2092.0,DF-0,Deep central defenders
Johann Obiang,Troyes,Ligue 1,2018,DF,DF,470.0,DF-1,Wide attacking defenders
Jérémy Cordoval,Troyes,Ligue 1,2018,DF,DF,919.0,DF-1,Wide attacking defenders
Karim Azamoum,Troyes,Ligue 1,2018,MF,MF,2251.0,MF-0,Deep ball winning midfielders
Mathieu Deplagne,Troyes,Ligue 1,2018,DF,DF,2410.0,DF-1,Wide attacking defenders
Oswaldo Vizcarrondo,Troyes,Ligue 1,2018,DF,DF,1715.0,DF-0,Deep central defenders
Rémi Walter,Troyes,Ligue 1,2018,MF,MF,997.0,MF-0,Deep ball winning midfielders
Samuel Grandsir,Troyes,Ligue 1,2018,MF,MF,2603.0,MF-1,Advanced attacking midfielders
Saîf-Eddine Khaoui,Troyes,Ligue 1,2018,MF,MF,1956.0,MF-1,Advanced attacking midfielders
Stéphane Darbion,Troyes,Ligue 1,2018,MF,MF,1706.0,MF-1,Advanced attacking midfielders
Suk Hyun-jun,Troyes,Ligue 1,2018,FW,FW,1195.0,FW-0,Low involvement centre forwards
Tristan Dingomé,Troyes,Ligue 1,2018,MF,MF,1192.0,MF-0,Deep ball winning midfielders
Aaron Ramsey,Arsenal,Premier League,2018,MF,MF,1846.0,MF-1,Advanced attacking midfielders
Ainsley Maitland-Niles,Arsenal,Premier League,2018,DF,"DF,MF",914.0,DF-1,Wide attacking defenders
Alex Iwobi,Arsenal,Premier League,2018,MF,"MF,FW",1830.0,MF-1,Advanced attacking midfielders
Alexandre Lacazette,Arsenal,Premier League,2018,FW,FW,2202.0,FW-0,Low involvement centre forwards
Alexis Sánchez,Arsenal,Premier League,2018,MF,"MF,FW",1503.0,MF-1,Advanced attacking midfielders
Calum Chambers,Arsenal,Premier League,2018,DF,DF,866.0,DF-0,Deep central defenders
Danny Welbeck,Arsenal,Premier League,2018,MF,"MF,FW",1194.0,MF-1,Advanced attacking midfielders
Granit Xhaka,Arsenal,Premier League,2018,MF,MF,3260.0,MF-0,Deep ball winning midfielders
Henrikh Mkhitaryan,Arsenal,Premier League,2018,MF,"MF,FW",794.0,MF-1,Advanced attacking midfielders
Héctor Bellerín,Arsenal,Premier League,2018,DF,DF,3051.0,DF-1,Wide attacking defenders
Jack Wilshere,Arsenal,Premier League,2018,MF,MF,1193.0,MF-1,Advanced attacking midfielders
Laurent Koscielny,Arsenal,Premier League,2018,DF,DF,2225.0,DF-0,Deep central defenders
Mesut Özil,Arsenal,Premier League,2018,MF,MF,2163.0,MF-1,Advanced attacking midfielders
Mohamed Elneny,Arsenal,Premier League,2018,MF,MF,867.0,MF-0,Deep ball winning midfielders
Nacho Monreal,Arsenal,Premier League,2018,DF,DF,2243.0,DF-0,Deep central defenders
Pierre-Emerick Aubameyang,Arsenal,Premier League,2018,FW,FW,1057.0,FW-0,Low involvement centre forwards
Rob Holding,Arsenal,Premier League,2018,DF,DF,822.0,DF-0,Deep central defenders
Sead Kolašinac,Arsenal,Premier League,2018,DF,DF,2147.0,DF-1,Wide attacking defenders
Shkodran Mustafi,Arsenal,Premier League,2018,DF,DF,2273.0,DF-0,Deep central defenders
Adam Smith,Bournemouth,Premier League,2018,DF,"DF,MF",2071.0,DF-1,Wide attacking defenders
Andrew Surman,Bournemouth,Premier League,2018,MF,MF,1856.0,MF-0,Deep ball winning midfielders
Benik Afobe,Bournemouth,Premier League,2018,FW,FW,611.0,FW-0,Low involvement centre forwards
Callum Wilson,Bournemouth,Premier League,2018,FW,FW,1981.0,FW-0,Low involvement centre forwards
Charlie Daniels,Bournemouth,Premier League,2018,DF,"DF,MF",3002.0,DF-1,Wide attacking defenders
Dan Gosling,Bournemouth,Premier League,2018,MF,MF,1947.0,MF-0,Deep ball winning midfielders
Harry Arter,Bournemouth,Premier League,2018,MF,MF,960.0,MF-0,Deep ball winning midfielders
Jermain Defoe,Bournemouth,Premier League,2018,FW,FW,1088.0,FW-0,Low involvement centre forwards
Jordon Ibe,Bournemouth,Premier League,2018,MF,MF,1995.0,MF-1,Advanced attacking midfielders
Joshua King,Bournemouth,Premier League,2018,FW,"FW,MF",2453.0,FW-1,Creating and carrying forwards
Junior Stanislas,Bournemouth,Premier League,2018,MF,MF,1286.0,MF-1,Advanced attacking midfielders
Lewis Cook,Bournemouth,Premier League,2018,MF,MF,2237.0,MF-0,Deep ball winning midfielders
Lys Mousset,Bournemouth,Premier League,2018,FW,"FW,MF",596.0,FW-0,Low involvement centre forwards
Marc Pugh,Bournemouth,Premier League,2018,MF,MF,985.0,MF-1,Advanced attacking midfielders
Nathan Aké,Bournemouth,Premier League,2018,DF,DF,3353.0,DF-0,Deep central defenders
Ryan Fraser,Bournemouth,Premier League,2018,MF,"MF,DF",2004.0,MF-1,Advanced attacking midfielders
Simon Francis,Bournemouth,Premier League,2018,DF,DF,2705.0,DF-0,Deep central defenders
Steve Cook,Bournemouth,Premier League,2018,DF,DF,2767.0,DF-0,Deep central defenders
Anthony Knockaert,Brighton,Premier League,2018,MF,"MF,FW",2421.0,MF-1,Advanced attacking midfielders
Beram Kayal,Brighton,Premier League,2018,MF,MF,745.0,MF-0,Deep ball winning midfielders
Bruno,Brighton,Premier League,2018,DF,DF,2016.0,DF-0,Deep central defenders
Dale Stephens,Brighton,Premier League,2018,MF,MF,3240.0,MF-0,Deep ball winning midfielders
Davy Pröpper,Brighton,Premier League,2018,MF,MF,3119.0,MF-0,Deep ball winning midfielders
Ezequiel Schelotto,Brighton,Premier League,2018,DF,DF,1318.0,DF-0,Deep central defenders
Gaëtan Bong,Brighton,Premier League,2018,DF,DF,2236.0,DF-0,Deep central defenders
Glenn Murray,Brighton,Premier League,2018,FW,FW,2192.0,FW-0,Low involvement centre forwards
José Izquierdo,Brighton,Premier League,2018,MF,"MF,FW",1984.0,MF-1,Advanced attacking midfielders
Lewis Dunk,Brighton,Premier League,2018,DF,DF,3420.0,DF-0,Deep central defenders
Markus Suttner,Brighton,Premier League,2018,DF,DF,1179.0,DF-1,Wide attacking defenders
Pascal Groß,Brighton,Premier League,2018,FW,"FW,MF",2928.0,FW-1,Creating and carrying forwards
Shane Duffy,Brighton,Premier League,2018,DF,DF,3292.0,DF-0,Deep central defenders
Solly March,Brighton,Premier League,2018,MF,"MF,FW",1851.0,MF-1,Advanced attacking midfielders
Tomer Hemed,Brighton,Premier League,2018,FW,FW,849.0,FW-0,Low involvement centre forwards
Aaron Lennon,Burnley,Premier League,2018,MF,MF,1118.0,MF-1,Advanced attacking midfielders
Ashley Barnes,Burnley,Premier League,2018,FW,FW,2165.0,FW-0,Low involvement centre forwards
Ashley Westwood,Burnley,Premier League,2018,MF,MF,1111.0,MF-0,Deep ball winning midfielders
Ben Mee,Burnley,Premier League,2018,DF,DF,2610.0,DF-0,Deep central defenders
Charlie Taylor,Burnley,Premier League,2018,DF,DF,950.0,DF-0,Deep central defenders
Chris Wood,Burnley,Premier League,2018,FW,FW,1624.0,FW-0,Low involvement centre forwards
Jack Cork,Burnley,Premier League,2018,MF,MF,3420.0,MF-0,Deep ball winning midfielders
James Tarkowski,Burnley,Premier League,2018,DF,DF,2790.0,DF-0,Deep central defenders
Jeff Hendrick,Burnley,Premier League,2018,FW,"FW,MF",2331.0,FW-0,Low involvement centre forwards
Jóhann Berg Guðmundsson,Burnley,Premier League,2018,MF,MF,2833.0,MF-1,Advanced attacking midfielders
Kevin Long,Burnley,Premier League,2018,DF,DF,1440.0,DF-0,Deep central defenders
Matthew Lowton,Burnley,Premier League,2018,DF,DF,2295.0,DF-1,Wide attacking defenders
Phil Bardsley,Burnley,Premier League,2018,DF,DF,1125.0,DF-1,Wide attacking defenders
Robbie Brady,Burnley,Premier League,2018,MF,MF,1277.0,MF-1,Advanced attacking midfielders
Sam Vokes,Burnley,Premier League,2018,FW,FW,998.0,FW-0,Low involvement centre forwards
Scott Arfield,Burnley,Premier League,2018,MF,"MF,FW",1333.0,MF-1,Advanced attacking midfielders
Stephen Ward,Burnley,Premier League,2018,DF,DF,2460.0,DF-1,Wide attacking defenders
Steven Defour,Burnley,Premier League,2018,MF,MF,1997.0,MF-0,Deep ball winning midfielders
Andreas Christensen,Chelsea,Premier League,2018,DF,DF,2086.0,DF-0,Deep central defenders
Antonio Rüdiger,Chelsea,Premier League,2018,DF,DF,2338.0,DF-0,Deep central defenders
Cesc Fàbregas,Chelsea,Premier League,2018,MF,MF,2307.0,MF-1,Advanced attacking midfielders
César Azpilicueta,Chelsea,Premier League,2018,DF,DF,3330.0,DF-1,Wide attacking defenders
Danny Drinkwater,Chelsea,Premier League,2018,MF,MF,527.0,MF-0,Deep ball winning midfielders
David Luiz,Chelsea,Premier League,2018,DF,"DF,MF",840.0,DF-0,Deep central defenders
Davide Zappacosta,Chelsea,Premier League,2018,DF,"DF,MF",1098.0,DF-1,Wide attacking defenders
Eden Hazard,Chelsea,Premier League,2018,FW,"FW,MF",2422.0,FW-1,Creating and carrying forwards
Gary Cahill,Chelsea,Premier League,2018,DF,DF,2086.0,DF-0,Deep central defenders
Marcos Alonso,Chelsea,Premier League,2018,DF,"DF,MF",2855.0,DF-1,Wide attacking defenders
N'Golo Kanté,Chelsea,Premier League,2018,MF,MF,2994.0,MF-0,Deep ball winning midfielders
Olivier Giroud,Chelsea,Premier League,2018,FW,FW,613.0,FW-0,Low involvement centre forwards
Pedro,Chelsea,Premier League,2018,MF,"MF,FW",1523.0,MF-1,Advanced attacking midfielders
Tiemoué Bakayoko,Chelsea,Premier League,2018,MF,MF,2126.0,MF-0,Deep ball winning midfielders
Victor Moses,Chelsea,Premier League,2018,DF,"DF,MF",2110.0,DF-1,Wide attacking defenders
Willian,Chelsea,Premier League,2018,MF,"MF,FW",1890.0,MF-1,Advanced attacking midfielders
Álvaro Morata,Chelsea,Premier League,2018,FW,FW,2061.0,FW-0,Low involvement centre forwards
Aaron Wan-Bissaka,Crystal Palace,Premier League,2018,DF,DF,627.0,DF-1,Wide attacking defenders
Andros Townsend,Crystal Palace,Premier League,2018,FW,"FW,MF",3120.0,FW-1,Creating and carrying forwards
Bakary Sako,Crystal Palace,Premier League,2018,FW,"FW,MF",478.0,FW-1,Creating and carrying forwards
Christian Benteke,Crystal Palace,Premier League,2018,FW,FW,2240.0,FW-0,Low involvement centre forwards
James McArthur,Crystal Palace,Premier League,2018,MF,MF,2431.0,MF-0,Deep ball winning midfielders
James Tomkins,Crystal Palace,Premier League,2018,DF,DF,2387.0,DF-0,Deep central defenders
Jason Puncheon,Crystal Palace,Premier League,2018,MF,MF,645.0,MF-0,Deep ball winning midfielders
Jeffrey Schlupp,Crystal Palace,Premier League,2018,DF,"DF,MF",1745.0,DF-1,Wide attacking defenders
Joel Ward,Crystal Palace,Premier League,2018,DF,DF,1613.0,DF-1,Wide attacking defenders
Luka Milivojević,Crystal Palace,Premier League,2018,MF,MF,3080.0,MF-0,Deep ball winning midfielders
Mamadou Sakho,Crystal Palace,Premier League,2018,DF,DF,1600.0,DF-0,Deep central defenders
Martin Kelly,Crystal Palace,Premier League,2018,DF,DF,1195.0,DF-0,Deep central defenders
Patrick van Aanholt,Crystal Palace,Premier League,2018,DF,DF,2184.0,DF-1,Wide attacking defenders
Ruben Loftus-Cheek,Crystal Palace,Premier League,2018,MF,MF,1874.0,MF-1,Advanced attacking midfielders
Scott Dann,Crystal Palace,Premier League,2018,DF,DF,1435.0,DF-0,Deep central defenders
Timothy Fosu-Mensah,Crystal Palace,Premier League,2018,DF,DF,1596.0,DF-0,Deep central defenders
Wilfried Zaha,Crystal Palace,Premier League,2018,FW,"FW,MF",2549.0,FW-1,Creating and carrying forwards
Yohan Cabaye,Crystal Palace,Premier League,2018,MF,MF,2376.0,MF-0,Deep ball winning midfielders
Aaron Lennon,Everton,Premier League,2018,MF,"MF,FW",793.0,MF-1,Advanced attacking midfielders
Ashley Williams,Everton,Premier League,2018,DF,DF,1834.0,DF-0,Deep central defenders
Cenk Tosun,Everton,Premier League,2018,FW,FW,986.0,FW-0,Low involvement centre forwards
Cuco Martina,Everton,Premier League,2018,DF,DF,1830.0,DF-1,Wide attacking defenders
Dominic Calvert-Lewin,Everton,Premier League,2018,FW,"FW,MF",1882.0,FW-0,Low involvement centre forwards
Gylfi Sigurðsson,Everton,Premier League,2018,MF,"MF,FW",2259.0,MF-1,Advanced attacking midfielders
Idrissa Gana Gueye,Everton,Premier League,2018,MF,MF,2751.0,MF-0,Deep ball winning midfielders
Jonjoe Kenny,Everton,Premier League,2018,DF,DF,1590.0,DF-1,Wide attacking defenders
Leighton Baines,Everton,Premier League,2018,DF,DF,1909.0,DF-1,Wide attacking defenders
Mason Holgate,Everton,Premier League,2018,DF,DF,1184.0,DF-0,Deep central defenders
Michael Keane,Everton,Premier League,2018,DF,DF,2560.0,DF-0,Deep central defenders
Morgan Schneiderlin,Everton,Premier League,2018,MF,MF,2130.0,MF-0,Deep ball winning midfielders
Nikola Vlašić,Everton,Premier League,2018,MF,MF,576.0,MF-1,Advanced attacking midfielders
Oumar Niasse,Everton,Premier League,2018,FW,FW,1087.0,FW-0,Low involvement centre forwards
Phil Jagielka,Everton,Premier League,2018,DF,DF,2065.0,DF-0,Deep central defenders
Séamus Coleman,Everton,Premier League,2018,DF,DF,1035.0,DF-1,Wide attacking defenders
Theo Walcott,Everton,Premier League,2018,MF,"MF,FW",1152.0,MF-1,Advanced attacking midfielders
Tom Davies,Everton,Premier League,2018,MF,MF,1900.0,MF-0,Deep ball winning midfielders
Wayne Rooney,Everton,Premier League,2018,MF,"MF,FW",2268.0,MF-0,Deep ball winning midfielders
Yannick Bolasie,Everton,Premier League,2018,MF,"MF,FW",851.0,MF-1,Advanced attacking midfielders
Aaron Mooy,Huddersfield,Premier League,2018,MF,MF,3067.0,MF-0,Deep ball winning midfielders
Alex Pritchard,Huddersfield,Premier League,2018,MF,"MF,FW",998.0,MF-1,Advanced attacking midfielders
Chris Löwe,Huddersfield,Premier League,2018,DF,DF,1588.0,DF-1,Wide attacking defenders
Christopher Schindler,Huddersfield,Premier League,2018,DF,DF,3265.0,DF-0,Deep central defenders
Collin Quaner,Huddersfield,Premier League,2018,MF,MF,1280.0,MF-1,Advanced attacking midfielders
Danny Williams,Huddersfield,Premier League,2018,MF,MF,1124.0,MF-0,Deep ball winning midfielders
Elias Kachunga,Huddersfield,Premier League,2018,MF,"MF,FW",1329.0,MF-1,Advanced attacking midfielders
Florent Hadergjonaj,Huddersfield,Premier League,2018,DF,"DF,MF",1674.0,DF-1,Wide attacking defenders
Jonathan Hogg,Huddersfield,Premier League,2018,MF,MF,2398.0,MF-0,Deep ball winning midfielders
Laurent Depoitre,Huddersfield,Premier League,2018,FW,FW,1820.0,FW-0,Low involvement centre forwards
Mathias Jørgensen,Huddersfield,Premier League,2018,DF,DF,3420.0,DF-0,Deep central defenders
Philip Billing,Huddersfield,Premier League,2018,MF,MF,764.0,MF-0,Deep ball winning midfielders
Rajiv van La Parra,Huddersfield,Premier League,2018,MF,"MF,FW",2137.0,MF-1,Advanced attacking midfielders
Scott Malone,Huddersfield,Premier League,2018,DF,DF,1119.0,DF-1,Wide attacking defenders
Steve Mounié,Huddersfield,Premier League,2018,FW,FW,1855.0,FW-0,Low involvement centre forwards
Terence Kongolo,Huddersfield,Premier League,2018,DF,DF,1049.0,DF-0,Deep central defenders
Tom Ince,Huddersfield,Premier League,2018,MF,"MF,FW",2452.0,MF-1,Advanced attacking midfielders
Tommy Smith,Huddersfield,Premier League,2018,DF,DF,1904.0,DF-1,Wide attacking defenders
Adrien Silva,Leicester City,Premier League,2018,MF,MF,761.0,MF-0,Deep ball winning midfielders
Aleksandar Dragović,Leicester City,Premier League,2018,DF,DF,769.0,DF-0,Deep central defenders
Andy King,Leicester City,Premier League,2018,MF,MF,537.0,MF-0,Deep ball winning midfielders
Ben Chilwell,Leicester City,Premier League,2018,DF,"DF,MF",1853.0,DF-1,Wide attacking defenders
Christian Fuchs,Leicester City,Premier League,2018,DF,DF,1921.0,DF-1,Wide attacking defenders
Daniel Amartey,Leicester City,Premier League,2018,DF,DF,487.0,DF-0,Deep central defenders
Danny Simpson,Leicester City,Premier League,2018,DF,DF,2306.0,DF-0,Deep central defenders
Demarai Gray,Leicester City,Premier League,2018,MF,"MF,FW",1697.0,MF-1,Advanced attacking midfielders
Fousseni Diabaté,Leicester City,Premier League,2018,MF,"MF,FW",587.0,MF-1,Advanced attacking midfielders
Harry Maguire,Leicester City,Premier League,2018,DF,DF,3420.0,DF-0,Deep central defenders
Jamie Vardy,Leicester City,Premier League,2018,FW,FW,3247.0,FW-0,Low involvement centre forwards
Kelechi Iheanacho,Leicester City,Premier League,2018,FW,"FW,MF",830.0,FW-1,Creating and carrying forwards
Marc Albrighton,Leicester City,Premier League,2018,MF,"MF,DF",2538.0,MF-1,Advanced attacking midfielders
Matty James,Leicester City,Premier League,2018,MF,MF,993.0,MF-0,Deep ball winning midfielders
Riyad Mahrez,Leicester City,Premier League,2018,MF,MF,2950.0,MF-1,Advanced attacking midfielders
Shinji Okazaki,Leicester City,Premier League,2018,FW,"FW,MF",1324.0,FW-0,Low involvement centre forwards
Vicente Iborra,Leicester City,Premier League,2018,MF,MF,1410.0,MF-0,Deep ball winning midfielders
Wes Morgan,Leicester City,Premier League,2018,DF,DF,2817.0,DF-0,Deep central defenders
Wilfred Ndidi,Leicester City,Premier League,2018,MF,MF,2898.0,MF-0,Deep ball winning midfielders
Alberto Moreno,Liverpool,Premier League,2018,DF,DF,1266.0,DF-1,Wide attacking defenders
Alex Oxlade-Chamberlain,Liverpool,Premier League,2018,MF,"MF,FW",1493.0,MF-1,Advanced attacking midfielders
Andrew Robertson,Liverpool,Premier League,2018,DF,DF,1940.0,DF-1,Wide attacking defenders
Dejan Lovren,Liverpool,Premier League,2018,DF,DF,2127.0,DF-0,Deep central defenders
Dominic Solanke,Liverpool,Premier League,2018,FW,FW,596.0,FW-1,Creating and carrying forwards
Emre Can,Liverpool,Premier League,2018,MF,MF,2091.0,MF-0,Deep ball winning midfielders
Georginio Wijnaldum,Liverpool,Premier League,2018,MF,MF,2387.0,MF-0,Deep ball winning midfielders
James Milner,Liverpool,Premier League,2018,MF,MF,1775.0,MF-0,Deep ball winning midfielders
Joe Gomez,Liverpool,Premier League,2018,DF,DF,1902.0,DF-1,Wide attacking defenders
Jordan Henderson,Liverpool,Premier League,2018,MF,MF,2171.0,MF-0,Deep ball winning midfielders
Joël Matip,Liverpool,Premier League,2018,DF,DF,1997.0,DF-0,Deep central defenders
Mohamed Salah,Liverpool,Premier League,2018,FW,"FW,MF",2907.0,FW-1,Creating and carrying forwards
Philippe Coutinho,Liverpool,Premier League,2018,MF,"MF,FW",1109.0,MF-1,Advanced attacking midfielders
Ragnar Klavan,Liverpool,Premier League,2018,DF,DF,1451.0,DF-0,Deep central defenders
Roberto Firmino,Liverpool,Premier League,2018,FW,FW,2763.0,FW-1,Creating and carrying forwards
Sadio Mané,Liverpool,Premier League,2018,FW,"FW,MF",2190.0,FW-1,Creating and carrying forwards
Trent Alexander-Arnold,Liverpool,Premier League,2018,DF,DF,1573.0,DF-1,Wide attacking defenders
Virgil van Dijk,Liverpool,Premier League,2018,DF,DF,1260.0,DF-0,Deep central defenders
Aymeric Laporte,Manchester City,Premier League,2018,DF,DF,806.0,DF-0,Deep central defenders
Bernardo Silva,Manchester City,Premier League,2018,FW,"FW,MF",1533.0,FW-1,Creating and carrying forwards
Danilo,Manchester City,Premier League,2018,DF,DF,1349.0,DF-1,Wide attacking defenders
David Silva,Manchester City,Premier League,2018,MF,MF,2430.0,MF-1,Advanced attacking midfielders
Eliaquim Mangala,Manchester City,Premier League,2018,DF,DF,488.0,DF-0,Deep central defenders
Fabian Delph,Manchester City,Premier League,2018,DF,DF,1741.0,DF-1,Wide attacking defenders
Fernandinho,Manchester City,Premier League,2018,MF,MF,2881.0,MF-0,Deep ball winning midfielders
Gabriel Jesus,Manchester City,Premier League,2018,FW,FW,1668.0,FW-0,Low involvement centre forwards
John Stones,Manchester City,Premier League,2018,DF,DF,1302.0,DF-0,Deep central defenders
Kevin De Bruyne,Manchester City,Premier League,2018,MF,MF,3073.0,MF-1,Advanced attacking midfielders
Kyle Walker,Manchester City,Premier League,2018,DF,DF,2785.0,DF-1,Wide attacking defenders
Leroy Sané,Manchester City,Premier League,2018,FW,FW,2419.0,FW-1,Creating and carrying forwards
Nicolás Otamendi,Manchester City,Premier League,2018,DF,DF,2967.0,DF-0,Deep central defenders
Oleksandr Zinchenko,Manchester City,Premier League,2018,DF,DF,532.0,DF-1,Wide attacking defenders
Raheem Sterling,Manchester City,Premier League,2018,FW,FW,2587.0,FW-1,Creating and carrying forwards
Sergio Agüero,Manchester City,Premier League,2018,FW,FW,1963.0,FW-1,Creating and carrying forwards
Vincent Kompany,Manchester City,Premier League,2018,DF,DF,1394.0,DF-0,Deep central defenders
İlkay Gündoğan,Manchester City,Premier League,2018,MF,MF,1517.0,MF-1,Advanced attacking midfielders
Alexis Sánchez,Manchester Utd,Premier League,2018,MF,"MF,FW",1043.0,MF-1,Advanced attacking midfielders
Ander Herrera,Manchester Utd,Premier League,2018,MF,MF,1268.0,MF-0,Deep ball winning midfielders
Anthony Martial,Manchester Utd,Premier League,2018,MF,"MF,FW",1582.0,MF-1,Advanced attacking midfielders
Antonio Valencia,Manchester Utd,Premier League,2018,DF,DF,2740.0,DF-1,Wide attacking defenders
Ashley Young,Manchester Utd,Premier League,2018,DF,DF,2442.0,DF-1,Wide attacking defenders
Chris Smalling,Manchester Utd,Premier League,2018,DF,DF,2536.0,DF-0,Deep central defenders
Eric Bailly,Manchester Utd,Premier League,2018,DF,DF,1001.0,DF-0,Deep central defenders
Henrikh Mkhitaryan,Manchester Utd,Premier League,2018,MF,"MF,FW",922.0,MF-1,Advanced attacking midfielders
Jesse Lingard,Manchester Utd,Premier League,2018,MF,"MF,FW",1817.0,MF-1,Advanced attacking midfielders
Juan Mata,Manchester Utd,Premier League,2018,MF,"MF,FW",1922.0,MF-1,Advanced attacking midfielders
Luke Shaw,Manchester Utd,Premier League,2018,DF,DF,790.0,DF-1,Wide attacking defenders
Marcos Rojo,Manchester Utd,Premier League,2018,DF,DF,640.0,DF-0,Deep central defenders
Marcus Rashford,Manchester Utd,Premier League,2018,MF,"MF,FW",1813.0,MF-1,Advanced attacking midfielders
Marouane Fellaini,Manchester Utd,Premier League,2018,MF,MF,683.0,MF-0,Deep ball winning midfielders
Nemanja Matić,Manchester Utd,Premier League,2018,MF,MF,3118.0,MF-0,Deep ball winning midfielders
Paul Pogba,Manchester Utd,Premier League,2018,MF,MF,2148.0,MF-1,Advanced attacking midfielders
Phil Jones,Manchester Utd,Premier League,2018,DF,DF,1973.0,DF-0,Deep central defenders
Romelu Lukaku,Manchester Utd,Premier League,2018,FW,FW,2867.0,FW-0,Low involvement centre forwards
Scott McTominay,Manchester Utd,Premier League,2018,MF,MF,634.0,MF-0,Deep ball winning midfielders
Victor Lindelöf,Manchester Utd,Premier League,2018,DF,DF,1285.0,DF-0,Deep central defenders
Ayoze Pérez,Newcastle Utd,Premier League,2018,MF,"MF,FW",2492.0,MF-1,Advanced attacking midfielders
Chancel Mbemba,Newcastle Utd,Premier League,2018,DF,DF,672.0,DF-0,Deep central defenders
Christian Atsu,Newcastle Utd,Premier League,2018,MF,MF,1784.0,MF-1,Advanced attacking midfielders
Ciaran Clark,Newcastle Utd,Premier League,2018,DF,DF,1746.0,DF-0,Deep central defenders
DeAndre Yedlin,Newcastle Utd,Premier League,2018,DF,DF,2845.0,DF-1,Wide attacking defenders
Dwight Gayle,Newcastle Utd,Premier League,2018,FW,FW,1958.0,FW-0,Low involvement centre forwards
Florian Lejeune,Newcastle Utd,Premier League,2018,DF,DF,2103.0,DF-0,Deep central defenders
Isaac Hayden,Newcastle Utd,Premier League,2018,MF,MF,1374.0,MF-0,Deep ball winning midfielders
Jacob Murphy,Newcastle Utd,Premier League,2018,MF,MF,1148.0,MF-1,Advanced attacking midfielders
Jamaal Lascelles,Newcastle Utd,Premier League,2018,DF,DF,2928.0,DF-0,Deep central defenders
Javier Manquillo,Newcastle Utd,Premier League,2018,DF,DF,1758.0,DF-1,Wide attacking defenders
Jonjo Shelvey,Newcastle Utd,Premier League,2018,MF,MF,2270.0,MF-0,Deep ball winning midfielders
Joselu,Newcastle Utd,Premier League,2018,FW,FW,1712.0,FW-0,Low involvement centre forwards
Kenedy,Newcastle Utd,Premier League,2018,MF,"MF,DF",1023.0,MF-1,Advanced attacking midfielders
Matt Ritchie,Newcastle Utd,Premier League,2018,MF,MF,2804.0,MF-1,Advanced attacking midfielders
Mikel Merino,Newcastle Utd,Premier League,2018,MF,MF,1347.0,MF-0,Deep ball winning midfielders
Mohamed Diamé,Newcastle Utd,Premier League,2018,MF,MF,2041.0,MF-0,Deep ball winning midfielders
Paul Dummett,Newcastle Utd,Premier League,2018,DF,DF,1602.0,DF-0,Deep central defenders
Charlie Austin,Southampton,Premier League,2018,FW,FW,1037.0,FW-0,Low involvement centre forwards
Cédric Soares,Southampton,Premier League,2018,DF,DF,2794.0,DF-1,Wide attacking defenders
Dušan Tadić,Southampton,Premier League,2018,MF,MF,2791.0,MF-1,Advanced attacking midfielders
Guido Carrillo,Southampton,Premier League,2018,FW,FW,450.0,FW-0,Low involvement centre forwards
Jack Stephens,Southampton,Premier League,2018,DF,DF,1980.0,DF-0,Deep central defenders
James Ward-Prowse,Southampton,Premier League,2018,MF,MF,1716.0,MF-1,Advanced attacking midfielders
Manolo Gabbiadini,Southampton,Premier League,2018,FW,"FW,MF",1081.0,FW-0,Low involvement centre forwards
Mario Lemina,Southampton,Premier League,2018,MF,MF,1720.0,MF-0,Deep ball winning midfielders
Maya Yoshida,Southampton,Premier League,2018,DF,DF,2051.0,DF-0,Deep central defenders
Nathan Redmond,Southampton,Premier League,2018,MF,MF,1945.0,MF-1,Advanced attacking midfielders
Oriol Romeu,Southampton,Premier League,2018,MF,MF,2897.0,MF-0,Deep ball winning midfielders
Pierre Højbjerg,Southampton,Premier League,2018,MF,MF,1670.0,MF-0,Deep ball winning midfielders
Ryan Bertrand,Southampton,Premier League,2018,DF,DF,3135.0,DF-1,Wide attacking defenders
Shane Long,Southampton,Premier League,2018,FW,"FW,MF",1582.0,FW-0,Low involvement centre forwards
Sofiane Boufal,Southampton,Premier League,2018,MF,MF,1219.0,MF-1,Advanced attacking midfielders
Steven Davis,Southampton,Premier League,2018,MF,MF,1521.0,MF-0,Deep ball winning midfielders
Virgil van Dijk,Southampton,Premier League,2018,DF,DF,994.0,DF-0,Deep central defenders
Wesley Hoedt,Southampton,Premier League,2018,DF,DF,2520.0,DF-0,Deep central defenders
Badou Ndiaye,Stoke City,Premier League,2018,MF,MF,1138.0,MF-0,Deep ball winning midfielders
Bruno Martins Indi,Stoke City,Premier League,2018,DF,DF,1243.0,DF-0,Deep central defenders
Darren Fletcher,Stoke City,Premier League,2018,MF,MF,2219.0,MF-0,Deep ball winning midfielders
Eric Maxim Choupo-Moting,Stoke City,Premier League,2018,MF,"MF,FW",2314.0,MF-1,Advanced attacking midfielders
Erik Pieters,Stoke City,Premier League,2018,DF,DF,2718.0,DF-1,Wide attacking defenders
Geoff Cameron,Stoke City,Premier League,2018,DF,"DF,MF",1525.0,DF-0,Deep central defenders
Glen Johnson,Stoke City,Premier League,2018,DF,DF,547.0,DF-1,Wide attacking defenders
Jesé,Stoke City,Premier League,2018,FW,"FW,MF",614.0,FW-0,Low involvement centre forwards
Joe Allen,Stoke City,Premier League,2018,MF,MF,3139.0,MF-0,Deep ball winning midfielders
Kevin Wimmer,Stoke City,Premier League,2018,DF,DF,1323.0,DF-0,Deep central defenders
Kurt Zouma,Stoke City,Premier League,2018,DF,DF,2888.0,DF-0,Deep central defenders
Mame Biram Diouf,Stoke City,Premier League,2018,FW,"FW,DF",2596.0,FW-0,Low involvement centre forwards
Moritz Bauer,Stoke City,Premier League,2018,DF,"DF,MF",1306.0,DF-1,Wide attacking defenders
Peter Crouch,Stoke City,Premier League,2018,FW,FW,1567.0,FW-0,Low involvement centre forwards
Ramadan Sobhi,Stoke City,Premier League,2018,MF,MF,1238.0,MF-1,Advanced attacking midfielders
Ryan Shawcross,Stoke City,Premier League,2018,DF,DF,2371.0,DF-0,Deep central defenders
Saido Berahino,Stoke City,Premier League,2018,FW,FW,494.0,FW-0,Low involvement centre forwards
Tom Edwards,Stoke City,Premier League,2018,DF,"DF,MF",481.0,DF-0,Deep central defenders
Xherdan Shaqiri,Stoke City,Premier League,2018,MF,"MF,FW",3039.0,MF-1,Advanced attacking midfielders
Alfie Mawson,Swansea City,Premier League,2018,DF,DF,3420.0,DF-0,Deep central defenders
André Ayew,Swansea City,Premier League,2018,MF,"MF,FW",950.0,MF-1,Advanced attacking midfielders
Andy King,Swansea City,Premier League,2018,MF,MF,715.0,MF-0,Deep ball winning midfielders
Federico Fernández,Swansea City,Premier League,2018,DF,DF,2676.0,DF-0,Deep central defenders
Jordan Ayew,Swansea City,Premier League,2018,FW,"FW,MF",2852.0,FW-0,Low involvement centre forwards
Ki Sung-yueng,Swansea City,Premier League,2018,MF,MF,1868.0,MF-0,Deep ball winning midfielders
Kyle Naughton,Swansea City,Premier League,2018,DF,DF,3030.0,DF-1,Wide attacking defenders
Leroy Fer,Swansea City,Premier League,2018,MF,MF,1397.0,MF-0,Deep ball winning midfielders
Luciano Narsingh,Swansea City,Premier League,2018,FW,"FW,MF",625.0,FW-1,Creating and carrying forwards
Martin Olsson,Swansea City,Premier League,2018,DF,DF,3149.0,DF-1,Wide attacking defenders
Mike van der Hoorn,Swansea City,Premier League,2018,DF,DF,1944.0,DF-0,Deep central defenders
Nathan Dyer,Swansea City,Premier League,2018,MF,"MF,FW",1307.0,MF-1,Advanced attacking midfielders
Renato Sanches,Swansea City,Premier League,2018,MF,MF,702.0,MF-1,Advanced attacking midfielders
Roque Mesa,Swansea City,Premier League,2018,MF,MF,754.0,MF-0,Deep ball winning midfielders
Sam Clucas,Swansea City,Premier League,2018,MF,MF,2044.0,MF-0,Deep ball winning midfielders
Tammy Abraham,Swansea City,Premier League,2018,FW,FW,1726.0,FW-0,Low involvement centre forwards
Tom Carroll,Swansea City,Premier League,2018,MF,MF,2570.0,MF-0,Deep ball winning midfielders
Wilfried Bony,Swansea City,Premier League,2018,FW,FW,707.0,FW-0,Low involvement centre forwards
Ben Davies,Tottenham,Premier League,2018,DF,DF,2324.0,DF-1,Wide attacking defenders
Christian Eriksen,Tottenham,Premier League,2018,MF,MF,3218.0,MF-1,Advanced attacking midfielders
Danny Rose,Tottenham,Premier League,2018,DF,DF,800.0,DF-1,Wide attacking defenders
Davinson Sánchez,Tottenham,Premier League,2018,DF,DF,2534.0,DF-0,Deep central defenders
Dele Alli,Tottenham,Premier League,2018,MF,"MF,FW",2958.0,MF-1,Advanced attacking midfielders
Eric Dier,Tottenham,Premier League,2018,MF,"MF,DF",2824.0,MF-0,Deep ball winning midfielders
Harry Kane,Tottenham,Premier League,2018,FW,FW,3076.0,FW-0,Low involvement centre forwards
Harry Winks,Tottenham,Premier League,2018,MF,MF,774.0,MF-0,Deep ball winning midfielders
Jan Vertonghen,Tottenham,Premier League,2018,DF,DF,3203.0,DF-0,Deep central defenders
Kieran Trippier,Tottenham,Premier League,2018,DF,DF,1914.0,DF-1,Wide attacking defenders
Mousa Dembélé,Tottenham,Premier League,2018,MF,MF,1879.0,MF-0,Deep ball winning midfielders
Moussa Sissoko,Tottenham,Premier League,2018,MF,MF,1386.0,MF-1,Advanced attacking midfielders
Serge Aurier,Tottenham,Premier League,2018,DF,DF,1429.0,DF-1,Wide attacking defenders
Son Heung-min,Tottenham,Premier League,2018,MF,"MF,FW",2317.0,MF-1,Advanced attacking midfielders
Toby Alderweireld,Tottenham,Premier League,2018,DF,DF,1178.0,DF-0,Deep central defenders
Victor Wanyama,Tottenham,Premier League,2018,MF,MF,846.0,MF-0,Deep ball winning midfielders
Érik Lamela,Tottenham,Premier League,2018,MF,MF,843.0,MF-1,Advanced attacking midfielders
Abdoulaye Doucouré,Watford,Premier League,2018,MF,MF,3324.0,MF-0,Deep ball winning midfielders
Adrian Mariappa,Watford,Premier League,2018,DF,DF,2210.0,DF-0,Deep central defenders
Andre Gray,Watford,Premier League,2018,FW,FW,1498.0,FW-0,Low involvement centre forwards
André Carrillo,Watford,Premier League,2018,MF,"MF,FW",1540.0,MF-1,Advanced attacking midfielders
Ben Watson,Watford,Premier League,2018,MF,MF,456.0,MF-0,Deep ball winning midfielders
Christian Kabasele,Watford,Premier League,2018,DF,DF,2330.0,DF-0,Deep central defenders
Craig Cathcart,Watford,Premier League,2018,DF,DF,523.0,DF-0,Deep central defenders
Daryl Janmaat,Watford,Premier League,2018,DF,DF,1820.0,DF-1,Wide attacking defenders
José Holebas,Watford,Premier League,2018,DF,DF,2382.0,DF-1,Wide attacking defenders
Kiko Femenía,Watford,Premier League,2018,DF,"DF,MF",1713.0,DF-1,Wide attacking defenders
Marvin Zeegelaar,Watford,Premier League,2018,DF,DF,994.0,DF-1,Wide attacking defenders
Miguel Britos,Watford,Premier League,2018,DF,DF,797.0,DF-0,Deep central defenders
Richarlison,Watford,Premier League,2018,MF,"MF,FW",2823.0,MF-1,Advanced attacking midfielders
Roberto Pereyra,Watford,Premier League,2018,MF,"MF,FW",1624.0,MF-1,Advanced attacking midfielders
Sebastian Prödl,Watford,Premier League,2018,DF,DF,1570.0,DF-0,Deep central defenders
Stefano Okaka,Watford,Premier League,2018,FW,FW,453.0,FW-0,Low involvement centre forwards
Tom Cleverley,Watford,Premier League,2018,MF,MF,1902.0,MF-0,Deep ball winning midfielders
Troy Deeney,Watford,Premier League,2018,FW,FW,1844.0,FW-0,Low involvement centre forwards
Will Hughes,Watford,Premier League,2018,MF,MF,990.0,MF-1,Advanced attacking midfielders
Étienne Capoue,Watford,Premier League,2018,MF,MF,1542.0,MF-0,Deep ball winning midfielders
Ahmed Hegazi,West Brom,Premier League,2018,DF,DF,3386.0,DF-0,Deep central defenders
Allan Nyom,West Brom,Premier League,2018,DF,DF,2310.0,DF-1,Wide attacking defenders
Chris Brunt,West Brom,Premier League,2018,MF,"MF,DF",1920.0,MF-0,Deep ball winning midfielders
Claudio Yacob,West Brom,Premier League,2018,MF,MF,903.0,MF-0,Deep ball winning midfielders
Craig Dawson,West Brom,Premier League,2018,DF,DF,2510.0,DF-0,Deep central defenders
Gareth Barry,West Brom,Premier League,2018,MF,MF,1923.0,MF-0,Deep ball winning midfielders
Gareth McAuley,West Brom,Premier League,2018,DF,DF,458.0,DF-0,Deep central defenders
Grzegorz Krychowiak,West Brom,Premier League,2018,MF,MF,1641.0,MF-0,Deep ball winning midfielders
Hal Robson-Kanu,West Brom,Premier League,2018,FW,"FW,MF",827.0,FW-0,Low involvement centre forwards
Jake Livermore,West Brom,Premier League,2018,MF,MF,2674.0,MF-0,Deep ball winning midfielders
James McClean,West Brom,Premier League,2018,MF,"MF,FW",1406.0,MF-1,Advanced attacking midfielders
Jay Rodriguez,West Brom,Premier League,2018,FW,"FW,MF",2812.0,FW-0,Low involvement centre forwards
Jonny Evans,West Brom,Premier League,2018,DF,DF,2270.0,DF-0,Deep central defenders
Kieran Gibbs,West Brom,Premier League,2018,DF,DF,2827.0,DF-1,Wide attacking defenders
Matt Phillips,West Brom,Premier League,2018,MF,"MF,DF",2093.0,MF-1,Advanced attacking midfielders
Salomón Rondón,West Brom,Premier League,2018,FW,FW,2767.0,FW-0,Low involvement centre forwards
Sam Field,West Brom,Premier League,2018,MF,MF,537.0,MF-0,Deep ball winning midfielders
Aaron Cresswell,West Ham,Premier League,2018,DF,DF,3069.0,DF-1,Wide attacking defenders
André Ayew,West Ham,Premier League,2018,MF,"MF,FW",895.0,MF-1,Advanced attacking midfielders
Andy Carroll,West Ham,Premier League,2018,FW,FW,751.0,FW-0,Low involvement centre forwards
Angelo Ogbonna,West Ham,Premier League,2018,DF,DF,2880.0,DF-0,Deep central defenders
Arthur Masuaku,West Ham,Premier League,2018,DF,"DF,MF",1870.0,DF-1,Wide attacking defenders
Cheikhou Kouyaté,West Ham,Premier League,2018,MF,MF,2799.0,MF-0,Deep ball winning midfielders
Declan Rice,West Ham,Premier League,2018,DF,"DF,MF",1430.0,DF-0,Deep central defenders
Edimilson Fernandes,West Ham,Premier League,2018,MF,"MF,DF",845.0,MF-0,Deep ball winning midfielders
James Collins,West Ham,Premier League,2018,DF,DF,1050.0,DF-0,Deep central defenders
Javier Hernández,West Ham,Premier League,2018,FW,FW,1548.0,FW-0,Low involvement centre forwards
José Fonte,West Ham,Premier League,2018,DF,DF,688.0,DF-0,Deep central defenders
João Mário,West Ham,Premier League,2018,MF,MF,1022.0,MF-1,Advanced attacking midfielders
Manuel Lanzini,West Ham,Premier League,2018,MF,"MF,FW",2042.0,MF-1,Advanced attacking midfielders
Mark Noble,West Ham,Premier League,2018,MF,MF,2400.0,MF-0,Deep ball winning midfielders
Marko Arnautović,West Ham,Premier League,2018,FW,"FW,MF",2313.0,FW-0,Low involvement centre forwards
Michail Antonio,West Ham,Premier League,2018,MF,"MF,FW",1354.0,MF-1,Advanced attacking midfielders
Pablo Zabaleta,West Ham,Premier League,2018,DF,"DF,MF",3289.0,DF-1,Wide attacking defenders
Pedro Obiang,West Ham,Premier League,2018,MF,MF,1563.0,MF-0,Deep ball winning midfielders
Winston Reid,West Ham,Premier League,2018,DF,DF,1452.0,DF-0,Deep central defenders
Andrea Masiello,Atalanta,Serie A,2018,DF,DF,2707.0,DF-0,Deep central defenders
Andrea Petagna,Atalanta,Serie A,2018,FW,FW,1618.0,FW-1,Creating and carrying forwards
Andreas Cornelius,Atalanta,Serie A,2018,FW,FW,934.0,FW-0,Low involvement centre forwards
Bryan Cristante,Atalanta,Serie A,2018,MF,MF,2824.0,MF-1,Advanced attacking midfielders
Gianluca Mancini,Atalanta,Serie A,2018,DF,DF,684.0,DF-0,Deep central defenders
Hans Hateboer,Atalanta,Serie A,2018,DF,DF,2398.0,DF-1,Wide attacking defenders
Jasmin Kurtić,Atalanta,Serie A,2018,MF,MF,662.0,MF-1,Advanced attacking midfielders
Josip Iličić,Atalanta,Serie A,2018,MF,"MF,FW",2002.0,MF-1,Advanced attacking midfielders
José Luis Palomino,Atalanta,Serie A,2018,DF,DF,1979.0,DF-0,Deep central defenders
Leonardo Spinazzola,Atalanta,Serie A,2018,DF,DF,1503.0,DF-1,Wide attacking defenders
Marten de Roon,Atalanta,Serie A,2018,MF,MF,2571.0,MF-0,Deep ball winning midfielders
Mattia Caldara,Atalanta,Serie A,2018,DF,DF,2160.0,DF-0,Deep central defenders
Papu Gómez,Atalanta,Serie A,2018,MF,"MF,FW",2750.0,MF-1,Advanced attacking midfielders
Rafael Tolói,Atalanta,Serie A,2018,DF,DF,2445.0,DF-0,Deep central defenders
Remo Freuler,Atalanta,Serie A,2018,MF,MF,3006.0,MF-0,Deep ball winning midfielders
Robin Gosens,Atalanta,Serie A,2018,DF,DF,1451.0,DF-1,Wide attacking defenders
Timothy Castagne,Atalanta,Serie A,2018,DF,DF,1500.0,DF-1,Wide attacking defenders
Achraf Lazaar,Benevento,Serie A,2018,MF,"MF,DF",478.0,MF-1,Advanced attacking midfielders
Alin Toșca,Benevento,Serie A,2018,DF,DF,1170.0,DF-0,Deep central defenders
Amato Ciciretti,Benevento,Serie A,2018,MF,"MF,FW",807.0,MF-1,Advanced attacking midfielders
Andrea Costa,Benevento,Serie A,2018,DF,DF,1375.0,DF-0,Deep central defenders
Bacary Sagna,Benevento,Serie A,2018,DF,DF,957.0,DF-0,Deep central defenders
Berat Djimsiti,Benevento,Serie A,2018,DF,DF,2700.0,DF-0,Deep central defenders
Cheick Diabaté,Benevento,Serie A,2018,FW,FW,664.0,FW-0,Low involvement centre forwards
Cristiano Lombardi,Benevento,Serie A,2018,MF,"MF,DF",1112.0,MF-1,Advanced attacking midfielders
Danilo Cataldi,Benevento,Serie A,2018,MF,MF,2282.0,MF-0,Deep ball winning midfielders
Enrico Brignola,Benevento,Serie A,2018,MF,"MF,FW",1347.0,MF-1,Advanced attacking midfielders
Fabio Lucioni,Benevento,Serie A,2018,DF,DF,720.0,DF-0,Deep central defenders
Filip Đuričić,Benevento,Serie A,2018,MF,"MF,FW",971.0,MF-1,Advanced attacking midfielders
Gaetano Letizia,Benevento,Serie A,2018,DF,DF,2141.0,DF-1,Wide attacking defenders
George Pușcaș,Benevento,Serie A,2018,FW,"FW,MF",702.0,FW-0,Low involvement centre forwards
Gianluca Di Chiara,Benevento,Serie A,2018,DF,DF,1007.0,DF-1,Wide attacking defenders
Guilherme,Benevento,Serie A,2018,MF,"MF,FW",944.0,MF-1,Advanced attacking midfielders
Ledian Memushaj,Benevento,Serie A,2018,MF,MF,1258.0,MF-0,Deep ball winning midfielders
Lorenzo Del Pinto,Benevento,Serie A,2018,MF,MF,760.0,MF-0,Deep ball winning midfielders
Lorenzo Venuti,Benevento,Serie A,2018,DF,DF,2390.0,DF-1,Wide attacking defenders
Luca Antei,Benevento,Serie A,2018,DF,DF,592.0,DF-0,Deep central defenders
Marco D'Alessandro,Benevento,Serie A,2018,MF,"MF,DF",1043.0,MF-1,Advanced attacking midfielders
Massimo Coda,Benevento,Serie A,2018,FW,FW,1417.0,FW-0,Low involvement centre forwards
Nicolas Viola,Benevento,Serie A,2018,MF,MF,1850.0,MF-0,Deep ball winning midfielders
Pietro Iemmello,Benevento,Serie A,2018,FW,"FW,MF",880.0,FW-0,Low involvement centre forwards
Raman Chibsah,Benevento,Serie A,2018,MF,MF,1048.0,MF-0,Deep ball winning midfielders
Sandro,Benevento,Serie A,2018,MF,MF,1153.0,MF-0,Deep ball winning midfielders
Vittorio Parigini,Benevento,Serie A,2018,MF,"MF,FW",857.0,MF-1,Advanced attacking midfielders
Adam Masina,Bologna,Serie A,2018,DF,DF,2830.0,DF-1,Wide attacking defenders
Andrea Poli,Bologna,Serie A,2018,MF,MF,2543.0,MF-0,Deep ball winning midfielders
Blerim Džemaili,Bologna,Serie A,2018,MF,"MF,FW",1193.0,MF-0,Deep ball winning midfielders
Domenico Maietta,Bologna,Serie A,2018,DF,DF,468.0,DF-0,Deep central defenders
Emil Krafth,Bologna,Serie A,2018,DF,DF,946.0,DF-0,Deep central defenders
Erick Pulgar,Bologna,Serie A,2018,MF,MF,2770.0,MF-0,Deep ball winning midfielders
Federico Di Francesco,Bologna,Serie A,2018,FW,"FW,DF",1591.0,FW-0,Low involvement centre forwards
Felipe Avenatti,Bologna,Serie A,2018,FW,FW,468.0,FW-0,Low involvement centre forwards
Filip Helander,Bologna,Serie A,2018,DF,DF,2499.0,DF-0,Deep central defenders
Giancarlo González,Bologna,Serie A,2018,DF,DF,1857.0,DF-0,Deep central defenders
Godfred Donsah,Bologna,Serie A,2018,MF,MF,1794.0,MF-0,Deep ball winning midfielders
Ibrahima Mbaye,Bologna,Serie A,2018,DF,DF,1760.0,DF-0,Deep central defenders
Lorenzo Crisetig,Bologna,Serie A,2018,MF,MF,558.0,MF-0,Deep ball winning midfielders
Mattia Destro,Bologna,Serie A,2018,FW,FW,1617.0,FW-0,Low involvement centre forwards
Rodrigo Palacio,Bologna,Serie A,2018,FW,"FW,MF",2065.0,FW-0,Low involvement centre forwards
Sebastien De Maio,Bologna,Serie A,2018,DF,DF,2053.0,DF-0,Deep central defenders
Simone Romagnoli,Bologna,Serie A,2018,DF,DF,557.0,DF-0,Deep central defenders
Simone Verdi,Bologna,Serie A,2018,FW,"FW,MF",2827.0,FW-1,Creating and carrying forwards
Vasilis Torosidis,Bologna,Serie A,2018,DF,DF,819.0,DF-1,Wide attacking defenders
Ádám Nagy,Bologna,Serie A,2018,MF,MF,711.0,MF-0,Deep ball winning midfielders
Artur Ioniță,Cagliari,Serie A,2018,MF,MF,2669.0,MF-0,Deep ball winning midfielders
Charalambos Lykogiannis,Cagliari,Serie A,2018,DF,DF,687.0,DF-1,Wide attacking defenders
Daniele Dessena,Cagliari,Serie A,2018,MF,"MF,DF",573.0,MF-0,Deep ball winning midfielders
Diego Farias,Cagliari,Serie A,2018,FW,"FW,MF",1609.0,FW-1,Creating and carrying forwards
Fabio Pisacane,Cagliari,Serie A,2018,DF,DF,1927.0,DF-0,Deep central defenders
Filippo Romagna,Cagliari,Serie A,2018,DF,DF,1888.0,DF-0,Deep central defenders
João Pedro,Cagliari,Serie A,2018,MF,"MF,FW",1656.0,MF-1,Advanced attacking midfielders
Leandro Castán,Cagliari,Serie A,2018,DF,DF,1141.0,DF-0,Deep central defenders
Leonardo Pavoletti,Cagliari,Serie A,2018,FW,FW,2719.0,FW-0,Low involvement centre forwards
Luca Ceppitelli,Cagliari,Serie A,2018,DF,DF,2227.0,DF-0,Deep central defenders
Luca Cigarini,Cagliari,Serie A,2018,MF,MF,2024.0,MF-0,Deep ball winning midfielders
Marco Andreolli,Cagliari,Serie A,2018,DF,DF,1829.0,DF-0,Deep central defenders
Marco Capuano,Cagliari,Serie A,2018,DF,DF,690.0,DF-0,Deep central defenders
Marco Sau,Cagliari,Serie A,2018,FW,"FW,MF",1311.0,FW-0,Low involvement centre forwards
Nicolò Barella,Cagliari,Serie A,2018,MF,MF,2955.0,MF-0,Deep ball winning midfielders
Paolo Faragò,Cagliari,Serie A,2018,DF,DF,2457.0,DF-1,Wide attacking defenders
Senna Miangue,Cagliari,Serie A,2018,DF,"DF,FW",805.0,DF-1,Wide attacking defenders
Simone Padoin,Cagliari,Serie A,2018,DF,"DF,MF",3103.0,DF-1,Wide attacking defenders
Alessandro Gamberini,Chievo,Serie A,2018,DF,DF,1815.0,DF-0,Deep central defenders
Boštjan Cesar,Chievo,Serie A,2018,DF,DF,550.0,DF-0,Deep central defenders
Dario Dainelli,Chievo,Serie A,2018,DF,DF,1507.0,DF-0,Deep central defenders
Emanuele Giaccherini,Chievo,Serie A,2018,MF,"MF,FW",903.0,MF-1,Advanced attacking midfielders
Fabio Depaoli,Chievo,Serie A,2018,DF,"DF,MF",1192.0,DF-1,Wide attacking defenders
Fabrizio Cacciatore,Chievo,Serie A,2018,DF,DF,2871.0,DF-1,Wide attacking defenders
Ivan Radovanović,Chievo,Serie A,2018,MF,MF,3140.0,MF-0,Deep ball winning midfielders
Lucas Castro,Chievo,Serie A,2018,MF,MF,1985.0,MF-1,Advanced attacking midfielders
Manuel Pucciarelli,Chievo,Serie A,2018,FW,"FW,MF",1380.0,FW-0,Low involvement centre forwards
Mariusz Stępiński,Chievo,Serie A,2018,FW,FW,713.0,FW-0,Low involvement centre forwards
Massimo Gobbi,Chievo,Serie A,2018,DF,DF,2048.0,DF-1,Wide attacking defenders
Mattia Bani,Chievo,Serie A,2018,DF,DF,1317.0,DF-0,Deep central defenders
Nenad Tomović,Chievo,Serie A,2018,DF,DF,2301.0,DF-0,Deep central defenders
Nicola Rigoni,Chievo,Serie A,2018,MF,MF,933.0,MF-0,Deep ball winning midfielders
Paweł Jaroszyński,Chievo,Serie A,2018,DF,DF,809.0,DF-1,Wide attacking defenders
Përparim Hetemaj,Chievo,Serie A,2018,MF,MF,2415.0,MF-0,Deep ball winning midfielders
Riccardo Meggiorini,Chievo,Serie A,2018,FW,FW,786.0,FW-0,Low involvement centre forwards
Roberto Inglese,Chievo,Serie A,2018,FW,FW,2782.0,FW-0,Low involvement centre forwards
Samuel Bastien,Chievo,Serie A,2018,MF,MF,1355.0,MF-0,Deep ball winning midfielders
Sergio Pellissier,Chievo,Serie A,2018,FW,FW,560.0,FW-0,Low involvement centre forwards
Valter Birsa,Chievo,Serie A,2018,MF,"MF,FW",2504.0,MF-1,Advanced attacking midfielders
Adrian Stoian,Crotone,Serie A,2018,MF,"MF,FW",2133.0,MF-1,Advanced attacking midfielders
Ahmad Benali,Crotone,Serie A,2018,MF,MF,811.0,MF-0,Deep ball winning midfielders
Andrea Barberis,Crotone,Serie A,2018,MF,MF,3029.0,MF-0,Deep ball winning midfielders
Andrea Nalini,Crotone,Serie A,2018,FW,"FW,MF",1638.0,FW-0,Low involvement centre forwards
Ante Budimir,Crotone,Serie A,2018,FW,FW,1588.0,FW-0,Low involvement centre forwards
Arlind Ajeti,Crotone,Serie A,2018,DF,DF,1271.0,DF-0,Deep central defenders
Bruno Martella,Crotone,Serie A,2018,DF,DF,2616.0,DF-1,Wide attacking defenders
Daniel Pavlović,Crotone,Serie A,2018,DF,DF,758.0,DF-1,Wide attacking defenders
Davide Faraoni,Crotone,Serie A,2018,DF,"DF,MF",1754.0,DF-1,Wide attacking defenders
Federico Ceccherini,Crotone,Serie A,2018,DF,DF,3229.0,DF-0,Deep central defenders
Federico Ricci,Crotone,Serie A,2018,FW,"FW,MF",921.0,FW-1,Creating and carrying forwards
Marcello Trotta,Crotone,Serie A,2018,FW,FW,2258.0,FW-0,Low involvement centre forwards
Marco Capuano,Crotone,Serie A,2018,DF,DF,1407.0,DF-0,Deep central defenders
Marcus Rohdén,Crotone,Serie A,2018,MF,MF,1632.0,MF-1,Advanced attacking midfielders
Mario Sampirisi,Crotone,Serie A,2018,DF,DF,2194.0,DF-0,Deep central defenders
Rolando Mandragora,Crotone,Serie A,2018,MF,MF,3240.0,MF-0,Deep ball winning midfielders
Simeon Nwankwo,Crotone,Serie A,2018,FW,FW,1219.0,FW-0,Low involvement centre forwards
Stefan Simić,Crotone,Serie A,2018,DF,DF,555.0,DF-0,Deep central defenders
Bruno Gaspar,Fiorentina,Serie A,2018,DF,DF,781.0,DF-1,Wide attacking defenders
Bryan Dabo,Fiorentina,Serie A,2018,MF,MF,591.0,MF-0,Deep ball winning midfielders
Cristiano Biraghi,Fiorentina,Serie A,2018,DF,DF,2980.0,DF-1,Wide attacking defenders
Cyril Théréau,Fiorentina,Serie A,2018,FW,"FW,MF",1112.0,FW-1,Creating and carrying forwards
Davide Astori,Fiorentina,Serie A,2018,DF,DF,2250.0,DF-0,Deep central defenders
Federico Chiesa,Fiorentina,Serie A,2018,MF,"MF,FW",3012.0,MF-1,Advanced attacking midfielders
Germán Pezzella,Fiorentina,Serie A,2018,DF,DF,2979.0,DF-0,Deep central defenders
Gil Bastião Dias,Fiorentina,Serie A,2018,MF,"MF,FW",1190.0,MF-1,Advanced attacking midfielders
Giovanni Simeone,Fiorentina,Serie A,2018,FW,FW,2998.0,FW-0,Low involvement centre forwards
Jordan Veretout,Fiorentina,Serie A,2018,MF,MF,3209.0,MF-0,Deep ball winning midfielders
Marco Benassi,Fiorentina,Serie A,2018,MF,MF,2782.0,MF-1,Advanced attacking midfielders
Milan Badelj,Fiorentina,Serie A,2018,MF,MF,2351.0,MF-0,Deep ball winning midfielders
Nikola Milenković,Fiorentina,Serie A,2018,DF,DF,1254.0,DF-0,Deep central defenders
Riccardo Saponara,Fiorentina,Serie A,2018,MF,"MF,FW",900.0,MF-1,Advanced attacking midfielders
Valentin Eysseric,Fiorentina,Serie A,2018,MF,"MF,FW",706.0,MF-1,Advanced attacking midfielders
Vincent Laurini,Fiorentina,Serie A,2018,DF,DF,1608.0,DF-1,Wide attacking defenders
Vitor Hugo,Fiorentina,Serie A,2018,DF,DF,1208.0,DF-0,Deep central defenders
Adel Taarabt,Genoa,Serie A,2018,FW,"FW,MF",1615.0,FW-1,Creating and carrying forwards
Aleandro Rosi,Genoa,Serie A,2018,DF,DF,1700.0,DF-1,Wide attacking defenders
Andrea Bertolacci,Genoa,Serie A,2018,MF,MF,2895.0,MF-0,Deep ball winning midfielders
Andrey Galabinov,Genoa,Serie A,2018,FW,FW,1129.0,FW-0,Low involvement centre forwards
Armando Izzo,Genoa,Serie A,2018,DF,DF,1387.0,DF-0,Deep central defenders
Darko Lazović,Genoa,Serie A,2018,DF,"DF,MF",1242.0,DF-1,Wide attacking defenders
Davide Biraschi,Genoa,Serie A,2018,DF,DF,1796.0,DF-0,Deep central defenders
Diego Laxalt,Genoa,Serie A,2018,DF,DF,2806.0,DF-1,Wide attacking defenders
Ervin Zukanović,Genoa,Serie A,2018,DF,DF,2873.0,DF-0,Deep central defenders
Gianluca Lapadula,Genoa,Serie A,2018,FW,FW,1495.0,FW-0,Low involvement centre forwards
Goran Pandev,Genoa,Serie A,2018,FW,"FW,MF",1803.0,FW-1,Creating and carrying forwards
Isaac Cofie,Genoa,Serie A,2018,MF,MF,591.0,MF-0,Deep ball winning midfielders
Iuri Medeiros,Genoa,Serie A,2018,FW,"FW,MF",641.0,FW-1,Creating and carrying forwards
Luca Rigoni,Genoa,Serie A,2018,MF,MF,1574.0,MF-0,Deep ball winning midfielders
Luca Rossettini,Genoa,Serie A,2018,DF,DF,2027.0,DF-0,Deep central defenders
Miguel Veloso,Genoa,Serie A,2018,MF,MF,1734.0,MF-0,Deep ball winning midfielders
Nicolás Spolli,Genoa,Serie A,2018,DF,DF,1798.0,DF-0,Deep central defenders
Oscar Hiljemark,Genoa,Serie A,2018,MF,MF,1279.0,MF-1,Advanced attacking midfielders
Stephane Omeonga,Genoa,Serie A,2018,MF,"MF,DF",797.0,MF-0,Deep ball winning midfielders
Alessio Cerci,Hellas Verona,Serie A,2018,FW,FW,1635.0,FW-1,Creating and carrying forwards
Alex Ferrari,Hellas Verona,Serie A,2018,DF,DF,2136.0,DF-0,Deep central defenders
Antonio Caracciolo,Hellas Verona,Serie A,2018,DF,DF,2857.0,DF-0,Deep central defenders
Bruno Petković,Hellas Verona,Serie A,2018,FW,FW,922.0,FW-0,Low involvement centre forwards
Bruno Zuculini,Hellas Verona,Serie A,2018,MF,MF,1216.0,MF-0,Deep ball winning midfielders
Daniel Bessa,Hellas Verona,Serie A,2018,MF,"MF,FW",1389.0,MF-1,Advanced attacking midfielders
Daniele Verde,Hellas Verona,Serie A,2018,MF,"MF,FW",1954.0,MF-1,Advanced attacking midfielders
Giampaolo Pazzini,Hellas Verona,Serie A,2018,FW,FW,992.0,FW-0,Low involvement centre forwards
Jagoš Vuković,Hellas Verona,Serie A,2018,DF,DF,1333.0,DF-0,Deep central defenders
Marcel Büchel,Hellas Verona,Serie A,2018,MF,MF,1696.0,MF-0,Deep ball winning midfielders
Marco Fossati,Hellas Verona,Serie A,2018,MF,MF,1101.0,MF-0,Deep ball winning midfielders
Martín Cáceres,Hellas Verona,Serie A,2018,DF,DF,1165.0,DF-1,Wide attacking defenders
Mattia Valoti,Hellas Verona,Serie A,2018,MF,"MF,FW",1577.0,MF-0,Deep ball winning midfielders
Mohamed Fares,Hellas Verona,Serie A,2018,DF,"DF,MF",2604.0,DF-1,Wide attacking defenders
Moise Kean,Hellas Verona,Serie A,2018,FW,FW,1131.0,FW-0,Low involvement centre forwards
Rolando Aarons,Hellas Verona,Serie A,2018,MF,"MF,FW",517.0,MF-1,Advanced attacking midfielders
Ryder Matos,Hellas Verona,Serie A,2018,FW,"FW,MF",978.0,FW-0,Low involvement centre forwards
Rômulo,Hellas Verona,Serie A,2018,MF,"MF,DF",3168.0,MF-1,Advanced attacking midfielders
Samuel Souprayen,Hellas Verona,Serie A,2018,DF,DF,1582.0,DF-0,Deep central defenders
Simone Calvano,Hellas Verona,Serie A,2018,MF,MF,644.0,MF-0,Deep ball winning midfielders
Thomas Heurtaux,Hellas Verona,Serie A,2018,DF,DF,1392.0,DF-0,Deep central defenders
Andrea Ranocchia,Inter,Serie A,2018,DF,DF,627.0,DF-0,Deep central defenders
Antonio Candreva,Inter,Serie A,2018,MF,MF,2537.0,MF-1,Advanced attacking midfielders
Borja Valero,Inter,Serie A,2018,MF,MF,2564.0,MF-0,Deep ball winning midfielders
Dalbert Henrique,Inter,Serie A,2018,DF,DF,531.0,DF-1,Wide attacking defenders
Danilo D'Ambrosio,Inter,Serie A,2018,DF,DF,2979.0,DF-1,Wide attacking defenders
Davide Santon,Inter,Serie A,2018,DF,DF,836.0,DF-1,Wide attacking defenders
Ivan Perišić,Inter,Serie A,2018,MF,MF,3313.0,MF-1,Advanced attacking midfielders
João Cancelo,Inter,Serie A,2018,DF,DF,1851.0,DF-1,Wide attacking defenders
João Mário,Inter,Serie A,2018,MF,MF,554.0,MF-1,Advanced attacking midfielders
Marcelo Brozović,Inter,Serie A,2018,MF,MF,1926.0,MF-1,Advanced attacking midfielders
Matías Vecino,Inter,Serie A,2018,MF,MF,2137.0,MF-0,Deep ball winning midfielders
Mauro Icardi,Inter,Serie A,2018,FW,FW,2958.0,FW-0,Low involvement centre forwards
Milan Škriniar,Inter,Serie A,2018,DF,DF,3420.0,DF-0,Deep central defenders
Miranda,Inter,Serie A,2018,DF,DF,2726.0,DF-0,Deep central defenders
Rafinha,Inter,Serie A,2018,MF,MF,1043.0,MF-1,Advanced attacking midfielders
Roberto Gagliardini,Inter,Serie A,2018,MF,MF,1988.0,MF-0,Deep ball winning midfielders
Yann Karamoh,Inter,Serie A,2018,MF,MF,489.0,MF-1,Advanced attacking midfielders
Yuto Nagatomo,Inter,Serie A,2018,DF,DF,790.0,DF-1,Wide attacking defenders
Éder,Inter,Serie A,2018,FW,"FW,MF",800.0,FW-0,Low involvement centre forwards
Alex Sandro,Juventus,Serie A,2018,DF,DF,2117.0,DF-1,Wide attacking defenders
Andrea Barzagli,Juventus,Serie A,2018,DF,DF,1447.0,DF-0,Deep central defenders
Blaise Matuidi,Juventus,Serie A,2018,MF,MF,2354.0,MF-0,Deep ball winning midfielders
Claudio Marchisio,Juventus,Serie A,2018,MF,MF,817.0,MF-0,Deep ball winning midfielders
Daniele Rugani,Juventus,Serie A,2018,DF,DF,1935.0,DF-0,Deep central defenders
Douglas Costa,Juventus,Serie A,2018,MF,"MF,FW",1795.0,MF-1,Advanced attacking midfielders
Federico Bernardeschi,Juventus,Serie A,2018,MF,"MF,FW",847.0,MF-1,Advanced attacking midfielders
Giorgio Chiellini,Juventus,Serie A,2018,DF,DF,2161.0,DF-0,Deep central defenders
Gonzalo Higuaín,Juventus,Serie A,2018,FW,FW,2815.0,FW-0,Low involvement centre forwards
Juan Cuadrado,Juventus,Serie A,2018,MF,"MF,FW",1353.0,MF-1,Advanced attacking midfielders
Kwadwo Asamoah,Juventus,Serie A,2018,DF,DF,1568.0,DF-1,Wide attacking defenders
Mario Mandžukić,Juventus,Serie A,2018,FW,"FW,MF",2324.0,FW-0,Low involvement centre forwards
Mattia De Sciglio,Juventus,Serie A,2018,DF,DF,968.0,DF-1,Wide attacking defenders
Medhi Benatia,Juventus,Serie A,2018,DF,DF,1755.0,DF-0,Deep central defenders
Miralem Pjanić,Juventus,Serie A,2018,MF,MF,2484.0,MF-0,Deep ball winning midfielders
Paulo Dybala,Juventus,Serie A,2018,MF,"MF,FW",2353.0,MF-1,Advanced attacking midfielders
Rodrigo Bentancur,Juventus,Serie A,2018,MF,MF,581.0,MF-0,Deep ball winning midfielders
Sami Khedira,Juventus,Serie A,2018,MF,MF,1912.0,MF-1,Advanced attacking midfielders
Stefano Sturaro,Juventus,Serie A,2018,MF,"MF,DF",613.0,MF-0,Deep ball winning midfielders
Stephan Lichtsteiner,Juventus,Serie A,2018,DF,DF,1704.0,DF-1,Wide attacking defenders
Adam Marušić,Lazio,Serie A,2018,DF,DF,2523.0,DF-1,Wide attacking defenders
Alessandro Murgia,Lazio,Serie A,2018,MF,MF,777.0,MF-0,Deep ball winning midfielders
Bastos,Lazio,Serie A,2018,DF,DF,1407.0,DF-0,Deep central defenders
Ciro Immobile,Lazio,Serie A,2018,FW,FW,2683.0,FW-0,Low involvement centre forwards
Dušan Basta,Lazio,Serie A,2018,DF,DF,775.0,DF-1,Wide attacking defenders
Felipe Anderson,Lazio,Serie A,2018,FW,"FW,MF",1162.0,FW-1,Creating and carrying forwards
Felipe Caicedo,Lazio,Serie A,2018,FW,"FW,MF",717.0,FW-0,Low involvement centre forwards
Jordan Lukaku,Lazio,Serie A,2018,DF,DF,1355.0,DF-1,Wide attacking defenders
Lucas Leiva,Lazio,Serie A,2018,MF,MF,2882.0,MF-0,Deep ball winning midfielders
Luis Alberto,Lazio,Serie A,2018,FW,"FW,MF",2669.0,FW-1,Creating and carrying forwards
Luiz Felipe,Lazio,Serie A,2018,DF,DF,1168.0,DF-0,Deep central defenders
Marco Parolo,Lazio,Serie A,2018,MF,MF,2612.0,MF-0,Deep ball winning midfielders
Patric,Lazio,Serie A,2018,DF,DF,592.0,DF-1,Wide attacking defenders
Senad Lulić,Lazio,Serie A,2018,DF,"DF,MF",2426.0,DF-1,Wide attacking defenders
Sergej Milinković-Savić,Lazio,Serie A,2018,MF,MF,2844.0,MF-1,Advanced attacking midfielders
Stefan de Vrij,Lazio,Serie A,2018,DF,DF,3034.0,DF-0,Deep central defenders
Wallace,Lazio,Serie A,2018,DF,DF,996.0,DF-0,Deep central defenders
Ștefan Radu,Lazio,Serie A,2018,DF,DF,2588.0,DF-0,Deep central defenders
Alessio Romagnoli,Milan,Serie A,2018,DF,DF,2353.0,DF-0,Deep central defenders
André Silva,Milan,Serie A,2018,FW,FW,940.0,FW-0,Low involvement centre forwards
Cristián Zapata,Milan,Serie A,2018,DF,DF,994.0,DF-0,Deep central defenders
Davide Calabria,Milan,Serie A,2018,DF,DF,1564.0,DF-1,Wide attacking defenders
Fabio Borini,Milan,Serie A,2018,DF,"DF,FW",1610.0,DF-1,Wide attacking defenders
Franck Kessié,Milan,Serie A,2018,MF,MF,3264.0,MF-1,Advanced attacking midfielders
Giacomo Bonaventura,Milan,Serie A,2018,MF,MF,2541.0,MF-1,Advanced attacking midfielders
Hakan Çalhanoğlu,Milan,Serie A,2018,FW,"FW,MF",2172.0,FW-1,Creating and carrying forwards
Ignazio Abate,Milan,Serie A,2018,DF,DF,1057.0,DF-1,Wide attacking defenders
Leonardo Bonucci,Milan,Serie A,2018,DF,DF,3085.0,DF-0,Deep central defenders
Lucas Biglia,Milan,Serie A,2018,MF,MF,2039.0,MF-0,Deep ball winning midfielders
Manuel Locatelli,Milan,Serie A,2018,MF,MF,684.0,MF-0,Deep ball winning midfielders
Mateo Musacchio,Milan,Serie A,2018,DF,DF,1202.0,DF-0,Deep central defenders
Nikola Kalinić,Milan,Serie A,2018,FW,FW,1812.0,FW-0,Low involvement centre forwards
Patrick Cutrone,Milan,Serie A,2018,FW,FW,1503.0,FW-0,Low involvement centre forwards
Ricardo Rodríguez,Milan,Serie A,2018,DF,DF,3005.0,DF-1,Wide attacking defenders
Riccardo Montolivo,Milan,Serie A,2018,MF,MF,1087.0,MF-0,Deep ball winning midfielders
Suso,Milan,Serie A,2018,FW,"FW,MF",2830.0,FW-1,Creating and carrying forwards
Allan,Napoli,Serie A,2018,MF,MF,2850.0,MF-1,Advanced attacking midfielders
Amadou Diawara,Napoli,Serie A,2018,MF,MF,655.0,MF-0,Deep ball winning midfielders
Christian Maggio,Napoli,Serie A,2018,DF,DF,641.0,DF-1,Wide attacking defenders
Dries Mertens,Napoli,Serie A,2018,FW,FW,3002.0,FW-1,Creating and carrying forwards
Elseid Hysaj,Napoli,Serie A,2018,DF,DF,3125.0,DF-1,Wide attacking defenders
Faouzi Ghoulam,Napoli,Serie A,2018,DF,DF,985.0,DF-1,Wide attacking defenders
Jorginho,Napoli,Serie A,2018,MF,MF,2650.0,MF-0,Deep ball winning midfielders
José Callejón,Napoli,Serie A,2018,FW,FW,3238.0,FW-1,Creating and carrying forwards
Kalidou Koulibaly,Napoli,Serie A,2018,DF,DF,3066.0,DF-0,Deep central defenders
Lorenzo Insigne,Napoli,Serie A,2018,FW,FW,3090.0,FW-1,Creating and carrying forwards
Marek Hamšík,Napoli,Serie A,2018,MF,MF,2371.0,MF-1,Advanced attacking midfielders
Mário Rui,Napoli,Serie A,2018,DF,DF,2087.0,DF-1,Wide attacking defenders
Piotr Zieliński,Napoli,Serie A,2018,MF,"MF,FW",1667.0,MF-1,Advanced attacking midfielders
Raúl Albiol,Napoli,Serie A,2018,DF,DF,2742.0,DF-0,Deep central defenders
Vlad Chiricheș,Napoli,Serie A,2018,DF,DF,582.0,DF-0,Deep central defenders
Aleksandar Kolarov,Roma,Serie A,2018,DF,DF,3060.0,DF-1,Wide attacking defenders
Alessandro Florenzi,Roma,Serie A,2018,DF,DF,2387.0,DF-1,Wide attacking defenders
Bruno Peres,Roma,Serie A,2018,DF,DF,1155.0,DF-1,Wide attacking defenders
Cengiz Ünder,Roma,Serie A,2018,FW,"FW,MF",1249.0,FW-1,Creating and carrying forwards
Daniele De Rossi,Roma,Serie A,2018,MF,MF,1829.0,MF-0,Deep ball winning midfielders
Diego Perotti,Roma,Serie A,2018,FW,"FW,MF",1609.0,FW-1,Creating and carrying forwards
Edin Džeko,Roma,Serie A,2018,FW,FW,3018.0,FW-0,Low involvement centre forwards
Federico Fazio,Roma,Serie A,2018,DF,DF,2922.0,DF-0,Deep central defenders
Gerson,Roma,Serie A,2018,MF,"MF,FW",909.0,MF-0,Deep ball winning midfielders
Grégoire Defrel,Roma,Serie A,2018,FW,"FW,MF",485.0,FW-0,Low involvement centre forwards
Juan Jesus,Roma,Serie A,2018,DF,DF,1658.0,DF-0,Deep central defenders
Kevin Strootman,Roma,Serie A,2018,MF,MF,2258.0,MF-0,Deep ball winning midfielders
Kostas Manolas,Roma,Serie A,2018,DF,DF,2338.0,DF-0,Deep central defenders
Lorenzo Pellegrini,Roma,Serie A,2018,MF,MF,1797.0,MF-1,Advanced attacking midfielders
Maxime Gonalons,Roma,Serie A,2018,MF,MF,1096.0,MF-0,Deep ball winning midfielders
Patrik Schick,Roma,Serie A,2018,FW,"FW,MF",992.0,FW-0,Low involvement centre forwards
Radja Nainggolan,Roma,Serie A,2018,MF,MF,2613.0,MF-1,Advanced attacking midfielders
Stephan El Shaarawy,Roma,Serie A,2018,FW,"FW,MF",2155.0,FW-1,Creating and carrying forwards
Alberto Grassi,SPAL,Serie A,2018,MF,MF,2253.0,MF-0,Deep ball winning midfielders
Alberto Paloschi,SPAL,Serie A,2018,FW,FW,2184.0,FW-0,Low involvement centre forwards
Bartosz Salamon,SPAL,Serie A,2018,DF,DF,1725.0,DF-0,Deep central defenders
Everton Luiz,SPAL,Serie A,2018,MF,MF,642.0,MF-0,Deep ball winning midfielders
Federico Mattiello,SPAL,Serie A,2018,DF,DF,2204.0,DF-1,Wide attacking defenders
Federico Viviani,SPAL,Serie A,2018,MF,MF,2480.0,MF-0,Deep ball winning midfielders
Felipe dal Belo,SPAL,Serie A,2018,DF,DF,2573.0,DF-0,Deep central defenders
Filippo Costa,SPAL,Serie A,2018,DF,DF,1473.0,DF-1,Wide attacking defenders
Francesco Vicari,SPAL,Serie A,2018,DF,DF,2850.0,DF-0,Deep central defenders
Jasmin Kurtić,SPAL,Serie A,2018,MF,"MF,FW",1440.0,MF-0,Deep ball winning midfielders
Luca Mora,SPAL,Serie A,2018,MF,MF,934.0,MF-0,Deep ball winning midfielders
Luca Rizzo,SPAL,Serie A,2018,MF,MF,488.0,MF-1,Advanced attacking midfielders
Manuel Lazzari,SPAL,Serie A,2018,DF,DF,3116.0,DF-1,Wide attacking defenders
Marco Borriello,SPAL,Serie A,2018,FW,FW,773.0,FW-0,Low involvement centre forwards
Mirco Antenucci,SPAL,Serie A,2018,FW,FW,2571.0,FW-0,Low involvement centre forwards
Pasquale Schiattarella,SPAL,Serie A,2018,MF,MF,1990.0,MF-0,Deep ball winning midfielders
Sauli Väisänen,SPAL,Serie A,2018,DF,DF,541.0,DF-0,Deep central defenders
Sergio Floccari,SPAL,Serie A,2018,FW,FW,883.0,FW-0,Low involvement centre forwards
Thiago Cionek,SPAL,Serie A,2018,DF,DF,1350.0,DF-0,Deep central defenders
Bartosz Bereszyński,Sampdoria,Serie A,2018,DF,DF,2480.0,DF-1,Wide attacking defenders
Dawid Kownacki,Sampdoria,Serie A,2018,FW,FW,823.0,FW-0,Low involvement centre forwards
Dennis Praet,Sampdoria,Serie A,2018,MF,MF,2657.0,MF-1,Advanced attacking midfielders
Duván Zapata,Sampdoria,Serie A,2018,FW,FW,2108.0,FW-0,Low involvement centre forwards
Fabio Quagliarella,Sampdoria,Serie A,2018,FW,FW,2719.0,FW-0,Low involvement centre forwards
Gastón Ramírez,Sampdoria,Serie A,2018,MF,MF,2214.0,MF-1,Advanced attacking midfielders
Gian Marco Ferrari,Sampdoria,Serie A,2018,DF,DF,2645.0,DF-0,Deep central defenders
Gianluca Caprari,Sampdoria,Serie A,2018,FW,"FW,MF",1809.0,FW-1,Creating and carrying forwards
Ivan Strinić,Sampdoria,Serie A,2018,DF,DF,1251.0,DF-1,Wide attacking defenders
Jacopo Sala,Sampdoria,Serie A,2018,DF,DF,992.0,DF-1,Wide attacking defenders
Joachim Andersen,Sampdoria,Serie A,2018,DF,DF,546.0,DF-0,Deep central defenders
Karol Linetty,Sampdoria,Serie A,2018,MF,MF,2139.0,MF-1,Advanced attacking midfielders
Lucas Torreira,Sampdoria,Serie A,2018,MF,MF,3180.0,MF-0,Deep ball winning midfielders
Matías Silvestre,Sampdoria,Serie A,2018,DF,DF,3060.0,DF-0,Deep central defenders
Nicola Murru,Sampdoria,Serie A,2018,DF,DF,1449.0,DF-1,Wide attacking defenders
Vasco Regini,Sampdoria,Serie A,2018,DF,DF,1077.0,DF-0,Deep central defenders
Édgar Barreto,Sampdoria,Serie A,2018,MF,MF,1965.0,MF-0,Deep ball winning midfielders
Alessandro Matri,Sassuolo,Serie A,2018,FW,FW,914.0,FW-0,Low involvement centre forwards
Alfred Duncan,Sassuolo,Serie A,2018,MF,MF,1947.0,MF-1,Advanced attacking midfielders
Antonino Ragusa,Sassuolo,Serie A,2018,FW,"FW,MF",825.0,FW-1,Creating and carrying forwards
Claud Adjapong,Sassuolo,Serie A,2018,DF,"DF,FW",1220.0,DF-1,Wide attacking defenders
Diego Falcinelli,Sassuolo,Serie A,2018,FW,FW,1314.0,FW-0,Low involvement centre forwards
Domenico Berardi,Sassuolo,Serie A,2018,FW,FW,2296.0,FW-1,Creating and carrying forwards
Edoardo Goldaniga,Sassuolo,Serie A,2018,DF,DF,1153.0,DF-0,Deep central defenders
Federico Peluso,Sassuolo,Serie A,2018,DF,DF,2594.0,DF-0,Deep central defenders
Francesco Acerbi,Sassuolo,Serie A,2018,DF,DF,3420.0,DF-0,Deep central defenders
Francesco Cassata,Sassuolo,Serie A,2018,MF,MF,458.0,MF-0,Deep ball winning midfielders
Francesco Magnanelli,Sassuolo,Serie A,2018,MF,MF,2494.0,MF-0,Deep ball winning midfielders
Khouma Babacar,Sassuolo,Serie A,2018,FW,FW,750.0,FW-0,Low involvement centre forwards
Luca Mazzitelli,Sassuolo,Serie A,2018,MF,MF,1017.0,MF-0,Deep ball winning midfielders
Marcello Gazzola,Sassuolo,Serie A,2018,DF,DF,739.0,DF-1,Wide attacking defenders
Matteo Politano,Sassuolo,Serie A,2018,FW,FW,2812.0,FW-1,Creating and carrying forwards
Mauricio Lemos,Sassuolo,Serie A,2018,DF,DF,701.0,DF-0,Deep central defenders
Paolo Cannavaro,Sassuolo,Serie A,2018,DF,DF,1443.0,DF-0,Deep central defenders
Pol Lirola,Sassuolo,Serie A,2018,DF,"DF,FW",2025.0,DF-1,Wide attacking defenders
Rogério,Sassuolo,Serie A,2018,DF,DF,910.0,DF-1,Wide attacking defenders
Simone Missiroli,Sassuolo,Serie A,2018,MF,MF,2918.0,MF-0,Deep ball winning midfielders
Stefano Sensi,Sassuolo,Serie A,2018,MF,MF,1041.0,MF-0,Deep ball winning midfielders
Adem Ljajić,Torino,Serie A,2018,MF,"MF,FW",2166.0,MF-1,Advanced attacking midfielders
Afriyie Acquah,Torino,Serie A,2018,MF,MF,951.0,MF-0,Deep ball winning midfielders
Andrea Belotti,Torino,Serie A,2018,FW,FW,2683.0,FW-0,Low involvement centre forwards
Antonio Barreca,Torino,Serie A,2018,DF,DF,468.0,DF-0,Deep central defenders
Cristian Ansaldi,Torino,Serie A,2018,DF,"DF,MF",1872.0,DF-1,Wide attacking defenders
Cristian Molinaro,Torino,Serie A,2018,DF,DF,1564.0,DF-1,Wide attacking defenders
Daniele Baselli,Torino,Serie A,2018,MF,MF,2521.0,MF-0,Deep ball winning midfielders
Emiliano Moretti,Torino,Serie A,2018,DF,DF,1782.0,DF-0,Deep central defenders
Iago Falque,Torino,Serie A,2018,MF,"MF,FW",2821.0,MF-1,Advanced attacking midfielders
Joel Obi,Torino,Serie A,2018,MF,MF,1247.0,MF-0,Deep ball winning midfielders
Lorenzo De Silvestri,Torino,Serie A,2018,DF,DF,2955.0,DF-1,Wide attacking defenders
M'Baye Niang,Torino,Serie A,2018,FW,"FW,MF",1532.0,FW-1,Creating and carrying forwards
Mirko Valdifiori,Torino,Serie A,2018,MF,MF,618.0,MF-0,Deep ball winning midfielders
Nicolas Nkoulou,Torino,Serie A,2018,DF,DF,3258.0,DF-0,Deep central defenders
Nicolás Burdisso,Torino,Serie A,2018,DF,DF,2069.0,DF-0,Deep central defenders
Tomás Rincón,Torino,Serie A,2018,MF,MF,2995.0,MF-0,Deep ball winning midfielders
Álex Berenguer,Torino,Serie A,2018,FW,"FW,MF",1043.0,FW-1,Creating and carrying forwards
Ali Adnan Kadhim,Udinese,Serie A,2018,DF,"DF,FW",1674.0,DF-1,Wide attacking defenders
Andrija Balić,Udinese,Serie A,2018,MF,MF,1083.0,MF-0,Deep ball winning midfielders
Antonín Barák,Udinese,Serie A,2018,MF,MF,2713.0,MF-1,Advanced attacking midfielders
Bram Nuytinck,Udinese,Serie A,2018,DF,DF,2362.0,DF-0,Deep central defenders
Danilo Larangeira,Udinese,Serie A,2018,DF,DF,2775.0,DF-0,Deep central defenders
Emil Hallfreðsson,Udinese,Serie A,2018,MF,MF,764.0,MF-0,Deep ball winning midfielders
Gabriele Angella,Udinese,Serie A,2018,DF,DF,893.0,DF-0,Deep central defenders
Giuseppe Pezzella,Udinese,Serie A,2018,DF,"DF,FW",903.0,DF-1,Wide attacking defenders
Jakub Jankto,Udinese,Serie A,2018,MF,"MF,FW",2654.0,MF-1,Advanced attacking midfielders
Jens Stryger Larsen,Udinese,Serie A,2018,DF,DF,2531.0,DF-0,Deep central defenders
Kevin Lasagna,Udinese,Serie A,2018,FW,FW,2130.0,FW-0,Low involvement centre forwards
Maxi López,Udinese,Serie A,2018,FW,FW,1684.0,FW-0,Low involvement centre forwards
Rodrigo De Paul,Udinese,Serie A,2018,FW,"FW,MF",2319.0,FW-1,Creating and carrying forwards
Samir Santos,Udinese,Serie A,2018,DF,DF,2569.0,DF-0,Deep central defenders
Seko Fofana,Udinese,Serie A,2018,MF,MF,1868.0,MF-0,Deep ball winning midfielders
Silvan Widmer,Udinese,Serie A,2018,DF,"DF,FW",1625.0,DF-1,Wide attacking defenders
Stipe Perica,Udinese,Serie A,2018,FW,FW,943.0,FW-0,Low involvement centre forwards
Valon Behrami,Udinese,Serie A,2018,MF,MF,1398.0,MF-0,Deep ball winning midfielders
Alfreð Finnbogason,Augsburg,Bundesliga,2019,FW,FW,1335.0,FW-0,Low involvement centre forwards
André Hahn,Augsburg,Bundesliga,2019,MF,"MF,FW",2052.0,MF-1,Advanced attacking midfielders
Caiuby,Augsburg,Bundesliga,2019,MF,"MF,FW",1006.0,MF-1,Advanced attacking midfielders
Daniel Baier,Augsburg,Bundesliga,2019,MF,MF,2815.0,MF-0,Deep ball winning midfielders
Jan Morávek,Augsburg,Bundesliga,2019,MF,MF,757.0,MF-0,Deep ball winning midfielders
Jeffrey Gouweleeuw,Augsburg,Bundesliga,2019,DF,DF,2092.0,DF-0,Deep central defenders
Ji Dong-won,Augsburg,Bundesliga,2019,MF,"MF,FW",891.0,MF-1,Advanced attacking midfielders
Jonathan Schmid,Augsburg,Bundesliga,2019,DF,"DF,MF",2520.0,DF-1,Wide attacking defenders
Kevin Danso,Augsburg,Bundesliga,2019,DF,DF,1247.0,DF-0,Deep central defenders
Koo Ja-cheol,Augsburg,Bundesliga,2019,MF,MF,1640.0,MF-0,Deep ball winning midfielders
Kostas Stafylidis,Augsburg,Bundesliga,2019,DF,DF,920.0,DF-1,Wide attacking defenders
Marco Richter,Augsburg,Bundesliga,2019,MF,"MF,FW",1426.0,MF-1,Advanced attacking midfielders
Martin Hinteregger,Augsburg,Bundesliga,2019,DF,DF,1575.0,DF-0,Deep central defenders
Michael Gregoritsch,Augsburg,Bundesliga,2019,MF,"MF,FW",2487.0,MF-1,Advanced attacking midfielders
Philipp Max,Augsburg,Bundesliga,2019,DF,"DF,MF",2569.0,DF-1,Wide attacking defenders
Rani Khedira,Augsburg,Bundesliga,2019,DF,"DF,MF",2624.0,DF-0,Deep central defenders
Raphael Framberger,Augsburg,Bundesliga,2019,DF,"DF,MF",548.0,DF-1,Wide attacking defenders
Reece Oxford,Augsburg,Bundesliga,2019,DF,DF,505.0,DF-0,Deep central defenders
Sergio Córdova,Augsburg,Bundesliga,2019,FW,FW,531.0,FW-0,Low involvement centre forwards
Arjen Robben,Bayern Munich,Bundesliga,2019,MF,"MF,FW",567.0,MF-1,Advanced attacking midfielders
David Alaba,Bayern Munich,Bundesliga,2019,DF,DF,2530.0,DF-1,Wide attacking defenders
Franck Ribéry,Bayern Munich,Bundesliga,2019,MF,"MF,FW",1174.0,MF-1,Advanced attacking midfielders
James Rodríguez,Bayern Munich,Bundesliga,2019,MF,MF,1138.0,MF-1,Advanced attacking midfielders
Javi Martínez,Bayern Munich,Bundesliga,2019,MF,MF,1309.0,MF-0,Deep ball winning midfielders
Joshua Kimmich,Bayern Munich,Bundesliga,2019,DF,"DF,MF",3060.0,DF-1,Wide attacking defenders
Jérôme Boateng,Bayern Munich,Bundesliga,2019,DF,DF,1693.0,DF-0,Deep central defenders
Kingsley Coman,Bayern Munich,Bundesliga,2019,MF,"MF,FW",1378.0,MF-1,Advanced attacking midfielders
Leon Goretzka,Bayern Munich,Bundesliga,2019,MF,MF,2023.0,MF-1,Advanced attacking midfielders
Mats Hummels,Bayern Munich,Bundesliga,2019,DF,DF,1775.0,DF-0,Deep central defenders
Niklas Süle,Bayern Munich,Bundesliga,2019,DF,DF,2654.0,DF-0,Deep central defenders
Rafinha,Bayern Munich,Bundesliga,2019,DF,DF,901.0,DF-1,Wide attacking defenders
Renato Sanches,Bayern Munich,Bundesliga,2019,MF,MF,577.0,MF-1,Advanced attacking midfielders
Robert Lewandowski,Bayern Munich,Bundesliga,2019,FW,FW,2957.0,FW-0,Low involvement centre forwards
Serge Gnabry,Bayern Munich,Bundesliga,2019,MF,"MF,FW",1762.0,MF-1,Advanced attacking midfielders
Thiago Alcántara,Bayern Munich,Bundesliga,2019,MF,MF,2408.0,MF-0,Deep ball winning midfielders
Thomas Müller,Bayern Munich,Bundesliga,2019,MF,"MF,FW",2378.0,MF-1,Advanced attacking midfielders
Abdou Diallo,Dortmund,Bundesliga,2019,DF,DF,2379.0,DF-0,Deep central defenders
Achraf Hakimi,Dortmund,Bundesliga,2019,DF,DF,1740.0,DF-1,Wide attacking defenders
Axel Witsel,Dortmund,Bundesliga,2019,MF,MF,2873.0,MF-0,Deep ball winning midfielders
Christian Pulisic,Dortmund,Bundesliga,2019,MF,MF,932.0,MF-1,Advanced attacking midfielders
Dan-Axel Zagadou,Dortmund,Bundesliga,2019,DF,DF,1267.0,DF-0,Deep central defenders
Jacob Bruun Larsen,Dortmund,Bundesliga,2019,MF,MF,1265.0,MF-1,Advanced attacking midfielders
Jadon Sancho,Dortmund,Bundesliga,2019,MF,MF,2461.0,MF-1,Advanced attacking midfielders
Julian Weigl,Dortmund,Bundesliga,2019,DF,"DF,MF",1455.0,DF-0,Deep central defenders
Mahmoud Dahoud,Dortmund,Bundesliga,2019,MF,MF,697.0,MF-0,Deep ball winning midfielders
Manuel Akanji,Dortmund,Bundesliga,2019,DF,DF,2205.0,DF-0,Deep central defenders
Marcel Schmelzer,Dortmund,Bundesliga,2019,DF,DF,566.0,DF-1,Wide attacking defenders
Marco Reus,Dortmund,Bundesliga,2019,MF,"MF,FW",2316.0,MF-1,Advanced attacking midfielders
Mario Götze,Dortmund,Bundesliga,2019,FW,"FW,MF",1674.0,FW-1,Creating and carrying forwards
Marius Wolf,Dortmund,Bundesliga,2019,DF,"DF,FW",828.0,DF-1,Wide attacking defenders
Maximilian Philipp,Dortmund,Bundesliga,2019,FW,"FW,MF",758.0,FW-0,Low involvement centre forwards
Paco Alcácer,Dortmund,Bundesliga,2019,FW,FW,1211.0,FW-0,Low involvement centre forwards
Raphaël Guerreiro,Dortmund,Bundesliga,2019,MF,"MF,DF",1527.0,MF-1,Advanced attacking midfielders
Thomas Delaney,Dortmund,Bundesliga,2019,MF,MF,2283.0,MF-0,Deep ball winning midfielders
Łukasz Piszczek,Dortmund,Bundesliga,2019,DF,DF,1756.0,DF-1,Wide attacking defenders
Adam Bodzek,Düsseldorf,Bundesliga,2019,MF,"MF,DF",1596.0,MF-0,Deep ball winning midfielders
Alfredo Morales,Düsseldorf,Bundesliga,2019,MF,MF,1532.0,MF-0,Deep ball winning midfielders
André Hoffmann,Düsseldorf,Bundesliga,2019,DF,"DF,MF",1049.0,DF-0,Deep central defenders
Aymen Barkok,Düsseldorf,Bundesliga,2019,MF,MF,510.0,MF-0,Deep ball winning midfielders
Benito Raman,Düsseldorf,Bundesliga,2019,MF,"MF,FW",1681.0,MF-1,Advanced attacking midfielders
Dawid Kownacki,Düsseldorf,Bundesliga,2019,MF,"MF,FW",575.0,MF-1,Advanced attacking midfielders
Dodi Lukebakio,Düsseldorf,Bundesliga,2019,MF,"MF,FW",1972.0,MF-1,Advanced attacking midfielders
Jean Zimmer,Düsseldorf,Bundesliga,2019,DF,"DF,MF",1435.0,DF-1,Wide attacking defenders
Kaan Ayhan,Düsseldorf,Bundesliga,2019,DF,DF,2449.0,DF-0,Deep central defenders
Kenan Karaman,Düsseldorf,Bundesliga,2019,FW,"FW,MF",919.0,FW-0,Low involvement centre forwards
Kevin Stöger,Düsseldorf,Bundesliga,2019,MF,MF,2118.0,MF-0,Deep ball winning midfielders
Marcel Sobottka,Düsseldorf,Bundesliga,2019,MF,MF,942.0,MF-0,Deep ball winning midfielders
Marcin Kamiński,Düsseldorf,Bundesliga,2019,DF,DF,2430.0,DF-0,Deep central defenders
Markus Suttner,Düsseldorf,Bundesliga,2019,DF,"DF,MF",489.0,DF-1,Wide attacking defenders
Marvin Ducksch,Düsseldorf,Bundesliga,2019,FW,FW,823.0,FW-0,Low involvement centre forwards
Matthias Zimmermann,Düsseldorf,Bundesliga,2019,DF,"DF,MF",3049.0,DF-1,Wide attacking defenders
Niko Gießelmann,Düsseldorf,Bundesliga,2019,DF,DF,2593.0,DF-1,Wide attacking defenders
Oliver Fink,Düsseldorf,Bundesliga,2019,MF,MF,1055.0,MF-0,Deep ball winning midfielders
Robin Bormuth,Düsseldorf,Bundesliga,2019,DF,DF,616.0,DF-0,Deep central defenders
Rouwen Hennings,Düsseldorf,Bundesliga,2019,FW,FW,1833.0,FW-0,Low involvement centre forwards
Takashi Usami,Düsseldorf,Bundesliga,2019,MF,"MF,FW",879.0,MF-1,Advanced attacking midfielders
Almamy Touré,Eint Frankfurt,Bundesliga,2019,DF,"DF,MF",519.0,DF-0,Deep central defenders
Ante Rebić,Eint Frankfurt,Bundesliga,2019,FW,"FW,MF",1978.0,FW-1,Creating and carrying forwards
Carlos Salcedo,Eint Frankfurt,Bundesliga,2019,DF,DF,460.0,DF-0,Deep central defenders
Danny da Costa,Eint Frankfurt,Bundesliga,2019,DF,"DF,FW",3033.0,DF-1,Wide attacking defenders
David Abraham,Eint Frankfurt,Bundesliga,2019,DF,DF,1420.0,DF-0,Deep central defenders
Filip Kostić,Eint Frankfurt,Bundesliga,2019,DF,"DF,FW",2956.0,DF-1,Wide attacking defenders
Gelson Fernandes,Eint Frankfurt,Bundesliga,2019,MF,MF,2225.0,MF-0,Deep ball winning midfielders
Jetro Willems,Eint Frankfurt,Bundesliga,2019,MF,"MF,DF",730.0,MF-1,Advanced attacking midfielders
Jonathan de Guzmán,Eint Frankfurt,Bundesliga,2019,MF,MF,1564.0,MF-1,Advanced attacking midfielders
Lucas Torró,Eint Frankfurt,Bundesliga,2019,MF,MF,560.0,MF-0,Deep ball winning midfielders
Luka Jović,Eint Frankfurt,Bundesliga,2019,FW,"FW,MF",2243.0,FW-0,Low involvement centre forwards
Makoto Hasebe,Eint Frankfurt,Bundesliga,2019,DF,"DF,MF",2520.0,DF-0,Deep central defenders
Martin Hinteregger,Eint Frankfurt,Bundesliga,2019,DF,DF,1142.0,DF-0,Deep central defenders
Mijat Gaćinović,Eint Frankfurt,Bundesliga,2019,MF,MF,1626.0,MF-1,Advanced attacking midfielders
Obite N'Dicka,Eint Frankfurt,Bundesliga,2019,DF,DF,2304.0,DF-0,Deep central defenders
Sebastian Rode,Eint Frankfurt,Bundesliga,2019,MF,MF,923.0,MF-0,Deep ball winning midfielders
Simon Falette,Eint Frankfurt,Bundesliga,2019,DF,DF,600.0,DF-0,Deep central defenders
Sébastien Haller,Eint Frankfurt,Bundesliga,2019,FW,FW,2182.0,FW-0,Low involvement centre forwards
Amir Abrashi,Freiburg,Bundesliga,2019,MF,MF,790.0,MF-0,Deep ball winning midfielders
Christian Günter,Freiburg,Bundesliga,2019,DF,"DF,MF",2879.0,DF-1,Wide attacking defenders
Dominique Heintz,Freiburg,Bundesliga,2019,DF,DF,3053.0,DF-0,Deep central defenders
Florian Niederlechner,Freiburg,Bundesliga,2019,FW,"FW,MF",970.0,FW-0,Low involvement centre forwards
Janik Haberer,Freiburg,Bundesliga,2019,MF,MF,2340.0,MF-0,Deep ball winning midfielders
Jérôme Gondorf,Freiburg,Bundesliga,2019,MF,MF,1296.0,MF-1,Advanced attacking midfielders
Keven Schlotterbeck,Freiburg,Bundesliga,2019,DF,DF,773.0,DF-0,Deep central defenders
Luca Waldschmidt,Freiburg,Bundesliga,2019,FW,"FW,MF",1717.0,FW-1,Creating and carrying forwards
Lucas Höler,Freiburg,Bundesliga,2019,FW,"FW,MF",1006.0,FW-0,Low involvement centre forwards
Lukas Kübler,Freiburg,Bundesliga,2019,DF,"DF,MF",1184.0,DF-1,Wide attacking defenders
Manuel Gulde,Freiburg,Bundesliga,2019,DF,DF,1712.0,DF-0,Deep central defenders
Marco Terrazzino,Freiburg,Bundesliga,2019,MF,"MF,FW",517.0,MF-1,Advanced attacking midfielders
Mike Frantz,Freiburg,Bundesliga,2019,MF,MF,2216.0,MF-0,Deep ball winning midfielders
Nicolas Höfler,Freiburg,Bundesliga,2019,MF,MF,1615.0,MF-0,Deep ball winning midfielders
Nils Petersen,Freiburg,Bundesliga,2019,FW,FW,1929.0,FW-0,Low involvement centre forwards
Pascal Stenzel,Freiburg,Bundesliga,2019,DF,"DF,MF",1449.0,DF-1,Wide attacking defenders
Philipp Lienhart,Freiburg,Bundesliga,2019,DF,DF,614.0,DF-0,Deep central defenders
Robin Koch,Freiburg,Bundesliga,2019,MF,"MF,DF",1901.0,MF-0,Deep ball winning midfielders
Roland Sallai,Freiburg,Bundesliga,2019,MF,MF,527.0,MF-1,Advanced attacking midfielders
Vincenzo Grifo,Freiburg,Bundesliga,2019,MF,"MF,FW",1427.0,MF-1,Advanced attacking midfielders
Bobby Wood,Hannover 96,Bundesliga,2019,FW,"FW,MF",1182.0,FW-0,Low involvement centre forwards
Felipe,Hannover 96,Bundesliga,2019,DF,DF,1095.0,DF-0,Deep central defenders
Florent Muslija,Hannover 96,Bundesliga,2019,MF,"MF,FW",679.0,MF-1,Advanced attacking midfielders
Genki Haraguchi,Hannover 96,Bundesliga,2019,MF,"MF,DF",2133.0,MF-0,Deep ball winning midfielders
Hendrik Weydandt,Hannover 96,Bundesliga,2019,FW,FW,1723.0,FW-0,Low involvement centre forwards
Ihlas Bebou,Hannover 96,Bundesliga,2019,MF,"MF,FW",1066.0,MF-1,Advanced attacking midfielders
Iver Fossum,Hannover 96,Bundesliga,2019,MF,MF,455.0,MF-0,Deep ball winning midfielders
Jonathas,Hannover 96,Bundesliga,2019,FW,FW,607.0,FW-0,Low involvement centre forwards
Josip Elez,Hannover 96,Bundesliga,2019,DF,DF,646.0,DF-0,Deep central defenders
Julian Korb,Hannover 96,Bundesliga,2019,DF,DF,1006.0,DF-1,Wide attacking defenders
Kevin Wimmer,Hannover 96,Bundesliga,2019,DF,DF,1683.0,DF-0,Deep central defenders
Linton Maina,Hannover 96,Bundesliga,2019,MF,"MF,FW",1414.0,MF-1,Advanced attacking midfielders
Marvin Bakalorz,Hannover 96,Bundesliga,2019,MF,MF,1470.0,MF-0,Deep ball winning midfielders
Matthias Ostrzolek,Hannover 96,Bundesliga,2019,DF,DF,1468.0,DF-1,Wide attacking defenders
Miiko Albornoz,Hannover 96,Bundesliga,2019,DF,"DF,MF",1660.0,DF-1,Wide attacking defenders
Niclas Füllkrug,Hannover 96,Bundesliga,2019,FW,FW,1112.0,FW-0,Low involvement centre forwards
Nicolai Müller,Hannover 96,Bundesliga,2019,MF,"MF,FW",899.0,MF-1,Advanced attacking midfielders
Oliver Sorg,Hannover 96,Bundesliga,2019,DF,DF,1580.0,DF-0,Deep central defenders
Pirmin Schwegler,Hannover 96,Bundesliga,2019,MF,MF,2075.0,MF-0,Deep ball winning midfielders
Takuma Asano,Hannover 96,Bundesliga,2019,MF,"MF,FW",699.0,MF-1,Advanced attacking midfielders
Walace,Hannover 96,Bundesliga,2019,MF,MF,1996.0,MF-0,Deep ball winning midfielders
Waldemar Anton,Hannover 96,Bundesliga,2019,DF,DF,3060.0,DF-0,Deep central defenders
Arne Maier,Hertha BSC,Bundesliga,2019,MF,MF,2064.0,MF-0,Deep ball winning midfielders
Davie Selke,Hertha BSC,Bundesliga,2019,FW,"FW,MF",1739.0,FW-0,Low involvement centre forwards
Fabian Lustenberger,Hertha BSC,Bundesliga,2019,DF,"DF,MF",2172.0,DF-0,Deep central defenders
Javairô Dilrosun,Hertha BSC,Bundesliga,2019,MF,MF,898.0,MF-1,Advanced attacking midfielders
Jordan Torunarigha,Hertha BSC,Bundesliga,2019,DF,DF,1158.0,DF-0,Deep central defenders
Karim Rekik,Hertha BSC,Bundesliga,2019,DF,DF,2068.0,DF-0,Deep central defenders
Lukas Klünter,Hertha BSC,Bundesliga,2019,DF,DF,592.0,DF-1,Wide attacking defenders
Marko Grujić,Hertha BSC,Bundesliga,2019,MF,MF,1780.0,MF-0,Deep ball winning midfielders
Marvin Plattenhardt,Hertha BSC,Bundesliga,2019,DF,DF,1924.0,DF-1,Wide attacking defenders
Mathew Leckie,Hertha BSC,Bundesliga,2019,MF,MF,941.0,MF-1,Advanced attacking midfielders
Maximilian Mittelstädt,Hertha BSC,Bundesliga,2019,DF,"DF,MF",1804.0,DF-1,Wide attacking defenders
Niklas Stark,Hertha BSC,Bundesliga,2019,DF,DF,1868.0,DF-0,Deep central defenders
Ondrej Duda,Hertha BSC,Bundesliga,2019,MF,MF,2563.0,MF-1,Advanced attacking midfielders
Per Ciljan Skjelbred,Hertha BSC,Bundesliga,2019,MF,MF,997.0,MF-0,Deep ball winning midfielders
Salomon Kalou,Hertha BSC,Bundesliga,2019,MF,"MF,FW",2317.0,MF-1,Advanced attacking midfielders
Valentino Lazaro,Hertha BSC,Bundesliga,2019,DF,"DF,MF",2741.0,DF-1,Wide attacking defenders
Vedad Ibišević,Hertha BSC,Bundesliga,2019,FW,FW,1807.0,FW-0,Low involvement centre forwards
Andrej Kramarić,Hoffenheim,Bundesliga,2019,MF,"MF,FW",2396.0,MF-1,Advanced attacking midfielders
Benjamin Hübner,Hoffenheim,Bundesliga,2019,DF,DF,813.0,DF-0,Deep central defenders
Ermin Bičakčić,Hoffenheim,Bundesliga,2019,DF,DF,1790.0,DF-0,Deep central defenders
Florian Grillitsch,Hoffenheim,Bundesliga,2019,MF,MF,2394.0,MF-0,Deep ball winning midfielders
Håvard Nordtveit,Hoffenheim,Bundesliga,2019,MF,"MF,DF",470.0,MF-0,Deep ball winning midfielders
Ishak Belfodil,Hoffenheim,Bundesliga,2019,FW,"FW,MF",1863.0,FW-0,Low involvement centre forwards
Joelinton,Hoffenheim,Bundesliga,2019,FW,"FW,MF",2130.0,FW-1,Creating and carrying forwards
Joshua Brenet,Hoffenheim,Bundesliga,2019,DF,DF,906.0,DF-1,Wide attacking defenders
Kasim Nuhu,Hoffenheim,Bundesliga,2019,DF,DF,904.0,DF-0,Deep central defenders
Kerem Demirbay,Hoffenheim,Bundesliga,2019,MF,MF,2017.0,MF-1,Advanced attacking midfielders
Kevin Akpoguma,Hoffenheim,Bundesliga,2019,DF,DF,499.0,DF-0,Deep central defenders
Kevin Vogt,Hoffenheim,Bundesliga,2019,DF,DF,2391.0,DF-0,Deep central defenders
Leonardo Bittencourt,Hoffenheim,Bundesliga,2019,MF,MF,1069.0,MF-1,Advanced attacking midfielders
Nadiem Amiri,Hoffenheim,Bundesliga,2019,MF,MF,754.0,MF-1,Advanced attacking midfielders
Nico Schulz,Hoffenheim,Bundesliga,2019,DF,DF,2537.0,DF-1,Wide attacking defenders
Pavel Kadeřábek,Hoffenheim,Bundesliga,2019,DF,DF,2509.0,DF-1,Wide attacking defenders
Reiss Nelson,Hoffenheim,Bundesliga,2019,MF,"MF,FW",643.0,MF-1,Advanced attacking midfielders
Stefan Posch,Hoffenheim,Bundesliga,2019,DF,DF,1402.0,DF-0,Deep central defenders
Steven Zuber,Hoffenheim,Bundesliga,2019,MF,"MF,FW",571.0,MF-1,Advanced attacking midfielders
Ádám Szalai,Hoffenheim,Bundesliga,2019,FW,FW,1627.0,FW-0,Low involvement centre forwards
Aleksandar Dragović,Leverkusen,Bundesliga,2019,DF,DF,1335.0,DF-0,Deep central defenders
Charles Aránguiz,Leverkusen,Bundesliga,2019,MF,MF,1891.0,MF-0,Deep ball winning midfielders
Dominik Kohr,Leverkusen,Bundesliga,2019,MF,MF,973.0,MF-0,Deep ball winning midfielders
Jonathan Tah,Leverkusen,Bundesliga,2019,DF,DF,2937.0,DF-0,Deep central defenders
Julian Baumgartlinger,Leverkusen,Bundesliga,2019,MF,MF,1559.0,MF-0,Deep ball winning midfielders
Julian Brandt,Leverkusen,Bundesliga,2019,MF,MF,2666.0,MF-1,Advanced attacking midfielders
Kai Havertz,Leverkusen,Bundesliga,2019,MF,"MF,FW",2894.0,MF-1,Advanced attacking midfielders
Karim Bellarabi,Leverkusen,Bundesliga,2019,FW,"FW,MF",1057.0,FW-1,Creating and carrying forwards
Kevin Volland,Leverkusen,Bundesliga,2019,FW,"FW,MF",2814.0,FW-0,Low involvement centre forwards
Lars Bender,Leverkusen,Bundesliga,2019,MF,"MF,DF",1361.0,MF-0,Deep ball winning midfielders
Leon Bailey,Leverkusen,Bundesliga,2019,FW,"FW,MF",1914.0,FW-1,Creating and carrying forwards
Lucas Alario,Leverkusen,Bundesliga,2019,FW,FW,1265.0,FW-0,Low involvement centre forwards
Mitchell Weiser,Leverkusen,Bundesliga,2019,DF,DF,2111.0,DF-1,Wide attacking defenders
Sven Bender,Leverkusen,Bundesliga,2019,DF,DF,1991.0,DF-0,Deep central defenders
Tin Jedvaj,Leverkusen,Bundesliga,2019,DF,DF,1121.0,DF-0,Deep central defenders
Wendell,Leverkusen,Bundesliga,2019,DF,DF,2277.0,DF-1,Wide attacking defenders
Alassane Pléa,M'Gladbach,Bundesliga,2019,FW,FW,2503.0,FW-0,Low involvement centre forwards
Christoph Kramer,M'Gladbach,Bundesliga,2019,MF,MF,1136.0,MF-0,Deep ball winning midfielders
Denis Zakaria,M'Gladbach,Bundesliga,2019,MF,MF,1959.0,MF-0,Deep ball winning midfielders
Fabian Johnson,M'Gladbach,Bundesliga,2019,DF,"DF,FW",1012.0,DF-1,Wide attacking defenders
Florian Neuhaus,M'Gladbach,Bundesliga,2019,MF,MF,2062.0,MF-1,Advanced attacking midfielders
Ibrahima Traoré,M'Gladbach,Bundesliga,2019,FW,"FW,MF",552.0,FW-1,Creating and carrying forwards
Jonas Hofmann,M'Gladbach,Bundesliga,2019,MF,MF,1911.0,MF-1,Advanced attacking midfielders
Lars Stindl,M'Gladbach,Bundesliga,2019,FW,"FW,MF",1508.0,FW-1,Creating and carrying forwards
Louis Beyer,M'Gladbach,Bundesliga,2019,DF,DF,720.0,DF-0,Deep central defenders
Matthias Ginter,M'Gladbach,Bundesliga,2019,DF,DF,2379.0,DF-0,Deep central defenders
Michael Lang,M'Gladbach,Bundesliga,2019,DF,DF,1255.0,DF-1,Wide attacking defenders
Nico Elvedi,M'Gladbach,Bundesliga,2019,DF,DF,2623.0,DF-0,Deep central defenders
Oscar Wendt,M'Gladbach,Bundesliga,2019,DF,DF,2731.0,DF-1,Wide attacking defenders
Patrick Herrmann,M'Gladbach,Bundesliga,2019,FW,"FW,DF",1079.0,FW-1,Creating and carrying forwards
Raffael,M'Gladbach,Bundesliga,2019,FW,FW,543.0,FW-1,Creating and carrying forwards
Thorgan Hazard,M'Gladbach,Bundesliga,2019,FW,"FW,MF",2873.0,FW-1,Creating and carrying forwards
Tobias Strobl,M'Gladbach,Bundesliga,2019,MF,"MF,DF",2293.0,MF-0,Deep ball winning midfielders
Tony Jantschke,M'Gladbach,Bundesliga,2019,DF,DF,933.0,DF-0,Deep central defenders
Aarón Martín,Mainz 05,Bundesliga,2019,DF,DF,2878.0,DF-1,Wide attacking defenders
Alexander Hack,Mainz 05,Bundesliga,2019,DF,DF,1020.0,DF-0,Deep central defenders
Alexandru Maxim,Mainz 05,Bundesliga,2019,MF,"MF,FW",579.0,MF-1,Advanced attacking midfielders
Anthony Ujah,Mainz 05,Bundesliga,2019,FW,FW,735.0,FW-0,Low involvement centre forwards
Daniel Brosinski,Mainz 05,Bundesliga,2019,DF,DF,2203.0,DF-1,Wide attacking defenders
Danny Latza,Mainz 05,Bundesliga,2019,MF,MF,1863.0,MF-0,Deep ball winning midfielders
Giulio Donati,Mainz 05,Bundesliga,2019,DF,DF,625.0,DF-1,Wide attacking defenders
Jean-Paul Boëtius,Mainz 05,Bundesliga,2019,MF,MF,2127.0,MF-1,Advanced attacking midfielders
Jean-Philippe Gbamin,Mainz 05,Bundesliga,2019,MF,MF,2672.0,MF-0,Deep ball winning midfielders
Jean-Philippe Mateta,Mainz 05,Bundesliga,2019,FW,FW,2483.0,FW-0,Low involvement centre forwards
Karim Onisiwo,Mainz 05,Bundesliga,2019,FW,"FW,MF",1161.0,FW-0,Low involvement centre forwards
Levin Öztunalı,Mainz 05,Bundesliga,2019,MF,"MF,FW",921.0,MF-1,Advanced attacking midfielders
Moussa Niakhate,Mainz 05,Bundesliga,2019,DF,DF,2789.0,DF-0,Deep central defenders
Pierre Kunde,Mainz 05,Bundesliga,2019,MF,MF,1909.0,MF-0,Deep ball winning midfielders
Ridle Baku,Mainz 05,Bundesliga,2019,MF,MF,937.0,MF-0,Deep ball winning midfielders
Robin Quaison,Mainz 05,Bundesliga,2019,FW,"FW,MF",2194.0,FW-0,Low involvement centre forwards
Stefan Bell,Mainz 05,Bundesliga,2019,DF,DF,2250.0,DF-0,Deep central defenders
Adam Zreľák,Nürnberg,Bundesliga,2019,FW,FW,941.0,FW-0,Low involvement centre forwards
Alexander Fuchs,Nürnberg,Bundesliga,2019,MF,"MF,FW",655.0,MF-0,Deep ball winning midfielders
Eduard Löwen,Nürnberg,Bundesliga,2019,MF,"MF,FW",1623.0,MF-1,Advanced attacking midfielders
Enrico Valentini,Nürnberg,Bundesliga,2019,DF,DF,1299.0,DF-1,Wide attacking defenders
Ewerton,Nürnberg,Bundesliga,2019,DF,DF,1341.0,DF-0,Deep central defenders
Federico Palacios Martínez,Nürnberg,Bundesliga,2019,MF,"MF,FW",942.0,MF-1,Advanced attacking midfielders
Georg Margreitter,Nürnberg,Bundesliga,2019,DF,DF,2064.0,DF-0,Deep central defenders
Hanno Behrens,Nürnberg,Bundesliga,2019,MF,MF,2639.0,MF-0,Deep ball winning midfielders
Lukas Mühl,Nürnberg,Bundesliga,2019,DF,DF,2790.0,DF-0,Deep central defenders
Matheus Pereira,Nürnberg,Bundesliga,2019,MF,"MF,FW",1232.0,MF-1,Advanced attacking midfielders
Mikael Ishak,Nürnberg,Bundesliga,2019,FW,FW,1917.0,FW-0,Low involvement centre forwards
Ondřej Petrák,Nürnberg,Bundesliga,2019,MF,MF,1624.0,MF-0,Deep ball winning midfielders
Patrick Erras,Nürnberg,Bundesliga,2019,MF,MF,1222.0,MF-0,Deep ball winning midfielders
Robert Bauer,Nürnberg,Bundesliga,2019,DF,DF,1722.0,DF-1,Wide attacking defenders
Sebastian Kerk,Nürnberg,Bundesliga,2019,MF,"MF,FW",1179.0,MF-1,Advanced attacking midfielders
Simon Rhein,Nürnberg,Bundesliga,2019,MF,MF,494.0,MF-0,Deep ball winning midfielders
Tim Leibold,Nürnberg,Bundesliga,2019,DF,DF,2765.0,DF-1,Wide attacking defenders
Virgil Misidjan,Nürnberg,Bundesliga,2019,MF,"MF,FW",1543.0,MF-1,Advanced attacking midfielders
Yuya Kubo,Nürnberg,Bundesliga,2019,FW,"FW,MF",1357.0,FW-0,Low involvement centre forwards
Bruma,RB Leipzig,Bundesliga,2019,MF,MF,553.0,MF-1,Advanced attacking midfielders
Dayot Upamecano,RB Leipzig,Bundesliga,2019,DF,DF,1293.0,DF-0,Deep central defenders
Diego Demme,RB Leipzig,Bundesliga,2019,MF,MF,2055.0,MF-0,Deep ball winning midfielders
Emil Forsberg,RB Leipzig,Bundesliga,2019,MF,MF,1249.0,MF-1,Advanced attacking midfielders
Ibrahima Konaté,RB Leipzig,Bundesliga,2019,DF,DF,2431.0,DF-0,Deep central defenders
Jean-Kévin Augustin,RB Leipzig,Bundesliga,2019,FW,"FW,MF",461.0,FW-0,Low involvement centre forwards
Kevin Kampl,RB Leipzig,Bundesliga,2019,MF,MF,2113.0,MF-1,Advanced attacking midfielders
Konrad Laimer,RB Leipzig,Bundesliga,2019,MF,"MF,DF",1874.0,MF-0,Deep ball winning midfielders
Lukas Klostermann,RB Leipzig,Bundesliga,2019,DF,DF,2003.0,DF-1,Wide attacking defenders
Marcel Halstenberg,RB Leipzig,Bundesliga,2019,DF,"DF,FW",2414.0,DF-1,Wide attacking defenders
Marcel Sabitzer,RB Leipzig,Bundesliga,2019,MF,MF,2352.0,MF-1,Advanced attacking midfielders
Marcelo Saracchi,RB Leipzig,Bundesliga,2019,DF,DF,653.0,DF-1,Wide attacking defenders
Matheus Cunha,RB Leipzig,Bundesliga,2019,FW,"FW,MF",853.0,FW-0,Low involvement centre forwards
Nordi Mukiele,RB Leipzig,Bundesliga,2019,DF,DF,1225.0,DF-1,Wide attacking defenders
Stefan Ilsanker,RB Leipzig,Bundesliga,2019,DF,"DF,MF",933.0,DF-0,Deep central defenders
Timo Werner,RB Leipzig,Bundesliga,2019,FW,FW,2509.0,FW-1,Creating and carrying forwards
Tyler Adams,RB Leipzig,Bundesliga,2019,MF,MF,721.0,MF-0,Deep ball winning midfielders
Willi Orban,RB Leipzig,Bundesliga,2019,DF,DF,2049.0,DF-0,Deep central defenders
Yussuf Poulsen,RB Leipzig,Bundesliga,2019,FW,FW,2451.0,FW-0,Low involvement centre forwards
Alessandro Schöpf,Schalke 04,Bundesliga,2019,MF,"MF,DF",1004.0,MF-1,Advanced attacking midfielders
Amine Harit,Schalke 04,Bundesliga,2019,MF,MF,1082.0,MF-1,Advanced attacking midfielders
Bastian Oczipka,Schalke 04,Bundesliga,2019,DF,"DF,FW",1875.0,DF-1,Wide attacking defenders
Benjamin Stambouli,Schalke 04,Bundesliga,2019,DF,"DF,MF",1763.0,DF-0,Deep central defenders
Breel Embolo,Schalke 04,Bundesliga,2019,FW,"FW,MF",1345.0,FW-0,Low involvement centre forwards
Daniel Caligiuri,Schalke 04,Bundesliga,2019,DF,"DF,FW",2756.0,DF-1,Wide attacking defenders
Guido Burgstaller,Schalke 04,Bundesliga,2019,FW,FW,1526.0,FW-0,Low involvement centre forwards
Hamza Mendyl,Schalke 04,Bundesliga,2019,DF,DF,544.0,DF-1,Wide attacking defenders
Jeffrey Bruma,Schalke 04,Bundesliga,2019,DF,DF,624.0,DF-0,Deep central defenders
Mark Uth,Schalke 04,Bundesliga,2019,FW,"FW,MF",1407.0,FW-0,Low involvement centre forwards
Matija Nastasić,Schalke 04,Bundesliga,2019,DF,DF,2449.0,DF-0,Deep central defenders
Nabil Bentaleb,Schalke 04,Bundesliga,2019,MF,MF,1792.0,MF-0,Deep ball winning midfielders
Naldo,Schalke 04,Bundesliga,2019,DF,DF,630.0,DF-0,Deep central defenders
Omar Mascarell,Schalke 04,Bundesliga,2019,MF,MF,993.0,MF-0,Deep ball winning midfielders
Salif Sané,Schalke 04,Bundesliga,2019,DF,DF,2614.0,DF-0,Deep central defenders
Sebastian Rudy,Schalke 04,Bundesliga,2019,MF,MF,1356.0,MF-0,Deep ball winning midfielders
Steven Skrzybski,Schalke 04,Bundesliga,2019,FW,"FW,MF",664.0,FW-0,Low involvement centre forwards
Suat Serdar,Schalke 04,Bundesliga,2019,MF,MF,1729.0,MF-1,Advanced attacking midfielders
Weston McKennie,Schalke 04,Bundesliga,2019,MF,"MF,FW",1746.0,MF-0,Deep ball winning midfielders
Yevhen Konoplyanka,Schalke 04,Bundesliga,2019,MF,MF,656.0,MF-1,Advanced attacking midfielders
Alexander Esswein,Stuttgart,Bundesliga,2019,MF,"MF,FW",1251.0,MF-1,Advanced attacking midfielders
Anastasios Donis,Stuttgart,Bundesliga,2019,MF,"MF,FW",962.0,MF-1,Advanced attacking midfielders
Andreas Beck,Stuttgart,Bundesliga,2019,DF,DF,1776.0,DF-1,Wide attacking defenders
Benjamin Pavard,Stuttgart,Bundesliga,2019,DF,DF,2610.0,DF-0,Deep central defenders
Borna Sosa,Stuttgart,Bundesliga,2019,DF,"DF,MF",616.0,DF-1,Wide attacking defenders
Chadrac Akolo,Stuttgart,Bundesliga,2019,MF,"MF,FW",525.0,MF-1,Advanced attacking midfielders
Christian Gentner,Stuttgart,Bundesliga,2019,MF,"MF,FW",2018.0,MF-0,Deep ball winning midfielders
Daniel Didavi,Stuttgart,Bundesliga,2019,FW,"FW,MF",956.0,FW-1,Creating and carrying forwards
Dennis Aogo,Stuttgart,Bundesliga,2019,MF,MF,1025.0,MF-0,Deep ball winning midfielders
Emiliano Insúa,Stuttgart,Bundesliga,2019,DF,DF,2114.0,DF-1,Wide attacking defenders
Erik Thommy,Stuttgart,Bundesliga,2019,MF,"MF,FW",794.0,MF-1,Advanced attacking midfielders
Gonzalo Castro,Stuttgart,Bundesliga,2019,MF,MF,1692.0,MF-0,Deep ball winning midfielders
Holger Badstuber,Stuttgart,Bundesliga,2019,DF,DF,522.0,DF-0,Deep central defenders
Marc-Oliver Kempf,Stuttgart,Bundesliga,2019,DF,DF,2025.0,DF-0,Deep central defenders
Mario Gómez,Stuttgart,Bundesliga,2019,FW,FW,2211.0,FW-0,Low involvement centre forwards
Nicolás González,Stuttgart,Bundesliga,2019,FW,"FW,MF",2162.0,FW-0,Low involvement centre forwards
Ozan Kabak,Stuttgart,Bundesliga,2019,DF,DF,1350.0,DF-0,Deep central defenders
Pablo Maffeo,Stuttgart,Bundesliga,2019,DF,"DF,MF",597.0,DF-1,Wide attacking defenders
Santiago Ascacíbar,Stuttgart,Bundesliga,2019,MF,MF,2428.0,MF-0,Deep ball winning midfielders
Steven Zuber,Stuttgart,Bundesliga,2019,MF,MF,1051.0,MF-1,Advanced attacking midfielders
Timo Baumgartl,Stuttgart,Bundesliga,2019,DF,DF,1620.0,DF-0,Deep central defenders
Claudio Pizarro,Werder Bremen,Bundesliga,2019,FW,FW,692.0,FW-0,Low involvement centre forwards
Davy Klaassen,Werder Bremen,Bundesliga,2019,MF,MF,2816.0,MF-0,Deep ball winning midfielders
Johannes Eggestein,Werder Bremen,Bundesliga,2019,FW,"FW,MF",1113.0,FW-1,Creating and carrying forwards
Kevin Möhwald,Werder Bremen,Bundesliga,2019,MF,MF,873.0,MF-0,Deep ball winning midfielders
Ludwig Augustinsson,Werder Bremen,Bundesliga,2019,DF,DF,3026.0,DF-1,Wide attacking defenders
Marco Friedl,Werder Bremen,Bundesliga,2019,DF,DF,474.0,DF-0,Deep central defenders
Martin Harnik,Werder Bremen,Bundesliga,2019,FW,"FW,MF",828.0,FW-0,Low involvement centre forwards
Max Kruse,Werder Bremen,Bundesliga,2019,FW,"FW,MF",2832.0,FW-1,Creating and carrying forwards
Maximilian Eggestein,Werder Bremen,Bundesliga,2019,MF,MF,3052.0,MF-0,Deep ball winning midfielders
Milot Rashica,Werder Bremen,Bundesliga,2019,FW,"FW,MF",1550.0,FW-1,Creating and carrying forwards
Miloš Veljković,Werder Bremen,Bundesliga,2019,DF,DF,1877.0,DF-0,Deep central defenders
Niklas Moisander,Werder Bremen,Bundesliga,2019,DF,DF,2637.0,DF-0,Deep central defenders
Nuri Şahin,Werder Bremen,Bundesliga,2019,MF,MF,1476.0,MF-0,Deep ball winning midfielders
Philipp Bargfrede,Werder Bremen,Bundesliga,2019,MF,"MF,DF",1079.0,MF-0,Deep ball winning midfielders
Sebastian Langkamp,Werder Bremen,Bundesliga,2019,DF,DF,1414.0,DF-0,Deep central defenders
Theodor Gebre Selassie,Werder Bremen,Bundesliga,2019,DF,DF,2814.0,DF-1,Wide attacking defenders
Yuya Osako,Werder Bremen,Bundesliga,2019,FW,"FW,MF",1346.0,FW-0,Low involvement centre forwards
Admir Mehmedi,Wolfsburg,Bundesliga,2019,FW,"FW,MF",1692.0,FW-1,Creating and carrying forwards
Daniel Ginczek,Wolfsburg,Bundesliga,2019,FW,FW,1276.0,FW-0,Low involvement centre forwards
Elvis Rexhbeçaj,Wolfsburg,Bundesliga,2019,MF,MF,1144.0,MF-0,Deep ball winning midfielders
Ignacio Camacho,Wolfsburg,Bundesliga,2019,MF,MF,540.0,MF-0,Deep ball winning midfielders
John Brooks,Wolfsburg,Bundesliga,2019,DF,DF,2610.0,DF-0,Deep central defenders
Josip Brekalo,Wolfsburg,Bundesliga,2019,FW,"FW,MF",1415.0,FW-1,Creating and carrying forwards
Josuha Guilavogui,Wolfsburg,Bundesliga,2019,MF,MF,1570.0,MF-0,Deep ball winning midfielders
Jérôme Roussillon,Wolfsburg,Bundesliga,2019,DF,DF,2461.0,DF-1,Wide attacking defenders
Marcel Tisserand,Wolfsburg,Bundesliga,2019,DF,DF,886.0,DF-0,Deep central defenders
Maximilian Arnold,Wolfsburg,Bundesliga,2019,MF,MF,2872.0,MF-0,Deep ball winning midfielders
Renato Steffen,Wolfsburg,Bundesliga,2019,FW,"FW,MF",1503.0,FW-1,Creating and carrying forwards
Robin Knoche,Wolfsburg,Bundesliga,2019,DF,DF,2790.0,DF-0,Deep central defenders
William,Wolfsburg,Bundesliga,2019,DF,DF,2675.0,DF-1,Wide attacking defenders
Wout Weghorst,Wolfsburg,Bundesliga,2019,FW,FW,2925.0,FW-0,Low involvement centre forwards
Yannick Gerhardt,Wolfsburg,Bundesliga,2019,MF,MF,2455.0,MF-1,Advanced attacking midfielders
Yunus Mallı,Wolfsburg,Bundesliga,2019,MF,"MF,FW",701.0,MF-1,Advanced attacking midfielders
Borja Bastón,Alavés,La Liga,2019,FW,FW,1439.0,FW-0,Low involvement centre forwards
Burgui,Alavés,La Liga,2019,MF,"MF,FW",555.0,MF-1,Advanced attacking midfielders
Carlos Vigaray,Alavés,La Liga,2019,DF,DF,647.0,DF-1,Wide attacking defenders
Darko Brašanac,Alavés,La Liga,2019,MF,MF,1580.0,MF-0,Deep ball winning midfielders
Guillermo Maripán,Alavés,La Liga,2019,DF,DF,2008.0,DF-0,Deep central defenders
Ibai Gómez,Alavés,La Liga,2019,MF,"MF,FW",1449.0,MF-1,Advanced attacking midfielders
John Guidetti,Alavés,La Liga,2019,FW,FW,631.0,FW-0,Low involvement centre forwards
Jonathan Calleri,Alavés,La Liga,2019,FW,FW,2869.0,FW-0,Low involvement centre forwards
Jony,Alavés,La Liga,2019,MF,"MF,FW",2971.0,MF-1,Advanced attacking midfielders
Manu García,Alavés,La Liga,2019,MF,MF,2330.0,MF-0,Deep ball winning midfielders
Martin Agirregabiria,Alavés,La Liga,2019,DF,DF,2032.0,DF-1,Wide attacking defenders
Rubén Duarte,Alavés,La Liga,2019,DF,DF,2772.0,DF-1,Wide attacking defenders
Rubén Sobrino,Alavés,La Liga,2019,FW,"FW,MF",965.0,FW-0,Low involvement centre forwards
Takashi Inui,Alavés,La Liga,2019,MF,"MF,FW",828.0,MF-1,Advanced attacking midfielders
Tomás Pina Isla,Alavés,La Liga,2019,MF,MF,2340.0,MF-0,Deep ball winning midfielders
Víctor Laguardia,Alavés,La Liga,2019,DF,DF,3240.0,DF-0,Deep central defenders
Wakaso,Alavés,La Liga,2019,MF,MF,1669.0,MF-0,Deep ball winning midfielders
Ximo Navarro,Alavés,La Liga,2019,DF,DF,2533.0,DF-0,Deep central defenders
Ander Capa,Athletic Club,La Liga,2019,DF,DF,1642.0,DF-1,Wide attacking defenders
Aritz Aduriz,Athletic Club,La Liga,2019,FW,FW,943.0,FW-0,Low involvement centre forwards
Beñat Etxebarria,Athletic Club,La Liga,2019,MF,MF,2031.0,MF-0,Deep ball winning midfielders
Dani García,Athletic Club,La Liga,2019,MF,MF,2476.0,MF-0,Deep ball winning midfielders
Ibai Gómez,Athletic Club,La Liga,2019,MF,MF,580.0,MF-1,Advanced attacking midfielders
Iker Muniain,Athletic Club,La Liga,2019,MF,MF,2383.0,MF-1,Advanced attacking midfielders
Iñaki Williams,Athletic Club,La Liga,2019,FW,"FW,MF",3025.0,FW-0,Low involvement centre forwards
Iñigo Córdoba,Athletic Club,La Liga,2019,MF,MF,1321.0,MF-1,Advanced attacking midfielders
Iñigo Martínez,Athletic Club,La Liga,2019,DF,DF,2902.0,DF-0,Deep central defenders
Markel Susaeta,Athletic Club,La Liga,2019,MF,"MF,FW",1379.0,MF-1,Advanced attacking midfielders
Mikel Balenziaga,Athletic Club,La Liga,2019,DF,DF,523.0,DF-0,Deep central defenders
Mikel San José,Athletic Club,La Liga,2019,MF,MF,1733.0,MF-0,Deep ball winning midfielders
Peru Nolaskoain,Athletic Club,La Liga,2019,DF,DF,464.0,DF-0,Deep central defenders
Raúl García,Athletic Club,La Liga,2019,MF,MF,2369.0,MF-1,Advanced attacking midfielders
Unai Núñez,Athletic Club,La Liga,2019,DF,DF,1064.0,DF-0,Deep central defenders
Yeray Álvarez,Athletic Club,La Liga,2019,DF,DF,2613.0,DF-0,Deep central defenders
Yuri Berchiche,Athletic Club,La Liga,2019,DF,"DF,MF",3120.0,DF-1,Wide attacking defenders
Óscar de Marcos,Athletic Club,La Liga,2019,DF,"DF,MF",2421.0,DF-1,Wide attacking defenders
Antoine Griezmann,Atlético Madrid,La Liga,2019,FW,"FW,MF",3198.0,FW-1,Creating and carrying forwards
Diego Costa,Atlético Madrid,La Liga,2019,FW,FW,1112.0,FW-0,Low involvement centre forwards
Diego Godín,Atlético Madrid,La Liga,2019,DF,DF,2509.0,DF-0,Deep central defenders
Filipe Luís,Atlético Madrid,La Liga,2019,DF,DF,2030.0,DF-1,Wide attacking defenders
José María Giménez,Atlético Madrid,La Liga,2019,DF,DF,1772.0,DF-0,Deep central defenders
Juanfran,Atlético Madrid,La Liga,2019,DF,DF,1609.0,DF-1,Wide attacking defenders
Koke,Atlético Madrid,La Liga,2019,MF,MF,2586.0,MF-0,Deep ball winning midfielders
Lucas Hernández,Atlético Madrid,La Liga,2019,DF,DF,1117.0,DF-0,Deep central defenders
Nikola Kalinić,Atlético Madrid,La Liga,2019,FW,FW,642.0,FW-0,Low involvement centre forwards
Rodri,Atlético Madrid,La Liga,2019,MF,MF,2735.0,MF-0,Deep ball winning midfielders
Santiago Arias,Atlético Madrid,La Liga,2019,DF,DF,1772.0,DF-1,Wide attacking defenders
Saúl Ñíguez,Atlético Madrid,La Liga,2019,MF,"MF,DF",2925.0,MF-0,Deep ball winning midfielders
Stefan Savić,Atlético Madrid,La Liga,2019,DF,DF,1398.0,DF-0,Deep central defenders
Thomas Lemar,Atlético Madrid,La Liga,2019,MF,MF,1817.0,MF-1,Advanced attacking midfielders
Thomas Partey,Atlético Madrid,La Liga,2019,MF,MF,2070.0,MF-0,Deep ball winning midfielders
Vitolo,Atlético Madrid,La Liga,2019,MF,MF,753.0,MF-1,Advanced attacking midfielders
Álvaro Morata,Atlético Madrid,La Liga,2019,FW,FW,1083.0,FW-0,Low involvement centre forwards
Ángel Correa,Atlético Madrid,La Liga,2019,MF,"MF,FW",1919.0,MF-1,Advanced attacking midfielders
Arthur Melo,Barcelona,La Liga,2019,MF,MF,1430.0,MF-0,Deep ball winning midfielders
Arturo Vidal,Barcelona,La Liga,2019,MF,MF,1929.0,MF-0,Deep ball winning midfielders
Carles Aleñá,Barcelona,La Liga,2019,MF,MF,637.0,MF-1,Advanced attacking midfielders
Clément Lenglet,Barcelona,La Liga,2019,DF,DF,1933.0,DF-0,Deep central defenders
Gerard Piqué,Barcelona,La Liga,2019,DF,DF,3150.0,DF-0,Deep central defenders
Ivan Rakitić,Barcelona,La Liga,2019,MF,MF,2643.0,MF-0,Deep ball winning midfielders
Jordi Alba,Barcelona,La Liga,2019,DF,DF,2991.0,DF-1,Wide attacking defenders
Lionel Messi,Barcelona,La Liga,2019,FW,FW,2713.0,FW-1,Creating and carrying forwards
Luis Suárez,Barcelona,La Liga,2019,FW,FW,2827.0,FW-1,Creating and carrying forwards
Malcom,Barcelona,La Liga,2019,FW,"FW,MF",614.0,FW-1,Creating and carrying forwards
Nélson Semedo,Barcelona,La Liga,2019,DF,DF,1600.0,DF-1,Wide attacking defenders
Ousmane Dembélé,Barcelona,La Liga,2019,FW,"FW,MF",1661.0,FW-1,Creating and carrying forwards
Philippe Coutinho,Barcelona,La Liga,2019,FW,"FW,MF",2018.0,FW-1,Creating and carrying forwards
Samuel Umtiti,Barcelona,La Liga,2019,DF,DF,1189.0,DF-0,Deep central defenders
Sergi Roberto,Barcelona,La Liga,2019,DF,"DF,MF",2088.0,DF-1,Wide attacking defenders
Sergio Busquets,Barcelona,La Liga,2019,MF,MF,2715.0,MF-0,Deep ball winning midfielders
Thomas Vermaelen,Barcelona,La Liga,2019,DF,DF,587.0,DF-0,Deep central defenders
Andrés Guardado,Betis,La Liga,2019,MF,"MF,DF",2335.0,MF-0,Deep ball winning midfielders
Antonio Barragán,Betis,La Liga,2019,DF,"DF,FW",934.0,DF-1,Wide attacking defenders
Antonio Sanabria,Betis,La Liga,2019,FW,FW,811.0,FW-0,Low involvement centre forwards
Aïssa Mandi,Betis,La Liga,2019,DF,DF,3059.0,DF-0,Deep central defenders
Cristian Tello,Betis,La Liga,2019,DF,"DF,MF",1573.0,DF-1,Wide attacking defenders
Francis Guerrero,Betis,La Liga,2019,DF,"DF,FW",1778.0,DF-1,Wide attacking defenders
Giovani Lo Celso,Betis,La Liga,2019,MF,"MF,FW",2397.0,MF-1,Advanced attacking midfielders
Javi García,Betis,La Liga,2019,DF,"DF,MF",524.0,DF-0,Deep central defenders
Jesé,Betis,La Liga,2019,FW,"FW,MF",779.0,FW-0,Low involvement centre forwards
Joaquín,Betis,La Liga,2019,FW,"FW,MF",1696.0,FW-1,Creating and carrying forwards
Junior Firpo,Betis,La Liga,2019,DF,"DF,FW",1937.0,DF-1,Wide attacking defenders
Loren Morón,Betis,La Liga,2019,FW,FW,1957.0,FW-0,Low involvement centre forwards
Marc Bartra,Betis,La Liga,2019,DF,DF,2928.0,DF-0,Deep central defenders
Ryad Boudebouz,Betis,La Liga,2019,MF,"MF,FW",539.0,MF-1,Advanced attacking midfielders
Sergio Canales,Betis,La Liga,2019,MF,MF,2655.0,MF-1,Advanced attacking midfielders
Sergio León,Betis,La Liga,2019,FW,"FW,MF",638.0,FW-0,Low involvement centre forwards
Sidnei,Betis,La Liga,2019,DF,DF,1742.0,DF-0,Deep central defenders
Wilfrid Kaptoum,Betis,La Liga,2019,MF,MF,773.0,MF-0,Deep ball winning midfielders
William Carvalho,Betis,La Liga,2019,MF,MF,2385.0,MF-0,Deep ball winning midfielders
Zouhair Feddal,Betis,La Liga,2019,DF,DF,1702.0,DF-0,Deep central defenders
Brais Méndez,Celta Vigo,La Liga,2019,MF,MF,2349.0,MF-1,Advanced attacking midfielders
David Costas,Celta Vigo,La Liga,2019,DF,DF,1173.0,DF-0,Deep central defenders
David Juncà,Celta Vigo,La Liga,2019,DF,DF,1754.0,DF-1,Wide attacking defenders
Facundo Roncaglia,Celta Vigo,La Liga,2019,DF,DF,1070.0,DF-0,Deep central defenders
Fran Beltrán,Celta Vigo,La Liga,2019,MF,MF,1517.0,MF-0,Deep ball winning midfielders
Gustavo Cabral,Celta Vigo,La Liga,2019,DF,DF,1897.0,DF-0,Deep central defenders
Hugo Mallo,Celta Vigo,La Liga,2019,DF,DF,3092.0,DF-1,Wide attacking defenders
Iago Aspas,Celta Vigo,La Liga,2019,FW,"FW,MF",2251.0,FW-1,Creating and carrying forwards
Jozabed,Celta Vigo,La Liga,2019,MF,MF,1155.0,MF-0,Deep ball winning midfielders
Júnior Alonso,Celta Vigo,La Liga,2019,DF,"DF,MF",536.0,DF-1,Wide attacking defenders
Lucas Olaza,Celta Vigo,La Liga,2019,DF,DF,897.0,DF-1,Wide attacking defenders
Maxi Gómez,Celta Vigo,La Liga,2019,FW,FW,2960.0,FW-0,Low involvement centre forwards
Néstor Araujo,Celta Vigo,La Liga,2019,DF,DF,2682.0,DF-0,Deep central defenders
Okay Yokuşlu,Celta Vigo,La Liga,2019,MF,MF,2198.0,MF-0,Deep ball winning midfielders
Pione Sisto,Celta Vigo,La Liga,2019,MF,"MF,FW",844.0,MF-1,Advanced attacking midfielders
Ryad Boudebouz,Celta Vigo,La Liga,2019,MF,MF,717.0,MF-1,Advanced attacking midfielders
Sofiane Boufal,Celta Vigo,La Liga,2019,MF,MF,2085.0,MF-1,Advanced attacking midfielders
Stanislav Lobotka,Celta Vigo,La Liga,2019,MF,MF,2489.0,MF-0,Deep ball winning midfielders
Wesley Hoedt,Celta Vigo,La Liga,2019,DF,DF,893.0,DF-0,Deep central defenders
Anaitz Arbilla,Eibar,La Liga,2019,DF,DF,1950.0,DF-0,Deep central defenders
Charles,Eibar,La Liga,2019,FW,FW,1739.0,FW-0,Low involvement centre forwards
Fabián Orellana,Eibar,La Liga,2019,MF,MF,2733.0,MF-1,Advanced attacking midfielders
Gonzalo Escalante,Eibar,La Liga,2019,MF,MF,1789.0,MF-0,Deep ball winning midfielders
Iván Ramis,Eibar,La Liga,2019,DF,DF,1677.0,DF-0,Deep central defenders
Joan Jordán,Eibar,La Liga,2019,MF,MF,2875.0,MF-0,Deep ball winning midfielders
José Ángel,Eibar,La Liga,2019,DF,DF,3028.0,DF-1,Wide attacking defenders
Kike,Eibar,La Liga,2019,FW,FW,1298.0,FW-0,Low involvement centre forwards
Marc Cardona,Eibar,La Liga,2019,FW,"FW,MF",604.0,FW-0,Low involvement centre forwards
Marc Cucurella,Eibar,La Liga,2019,MF,"MF,DF",2354.0,MF-1,Advanced attacking midfielders
Pablo de Blasis,Eibar,La Liga,2019,MF,"MF,DF",1520.0,MF-1,Advanced attacking midfielders
Papakouli Diop,Eibar,La Liga,2019,MF,MF,2352.0,MF-0,Deep ball winning midfielders
Paulo Oliveira,Eibar,La Liga,2019,DF,DF,2245.0,DF-0,Deep central defenders
Pedro Bigas,Eibar,La Liga,2019,DF,DF,585.0,DF-0,Deep central defenders
Rubén Peña,Eibar,La Liga,2019,DF,DF,2674.0,DF-1,Wide attacking defenders
Sergi Enrich,Eibar,La Liga,2019,FW,FW,2582.0,FW-0,Low involvement centre forwards
Sergio Álvarez,Eibar,La Liga,2019,DF,"DF,MF",1069.0,DF-0,Deep central defenders
Borja Iglesias,Espanyol,La Liga,2019,FW,FW,3075.0,FW-0,Low involvement centre forwards
David López,Espanyol,La Liga,2019,DF,DF,1819.0,DF-0,Deep central defenders
Dídac Vilà,Espanyol,La Liga,2019,DF,DF,2354.0,DF-1,Wide attacking defenders
Esteban Granero,Espanyol,La Liga,2019,MF,MF,2013.0,MF-0,Deep ball winning midfielders
Hernán Pérez,Espanyol,La Liga,2019,FW,"FW,MF",795.0,FW-1,Creating and carrying forwards
Javi López,Espanyol,La Liga,2019,DF,DF,1948.0,DF-1,Wide attacking defenders
Lluis López,Espanyol,La Liga,2019,DF,DF,521.0,DF-0,Deep central defenders
Léo Baptistão,Espanyol,La Liga,2019,FW,"FW,MF",1233.0,FW-1,Creating and carrying forwards
Marc Roca,Espanyol,La Liga,2019,MF,MF,3112.0,MF-0,Deep ball winning midfielders
Mario Hermoso,Espanyol,La Liga,2019,DF,DF,2806.0,DF-0,Deep central defenders
Naldo,Espanyol,La Liga,2019,DF,DF,1362.0,DF-0,Deep central defenders
Pablo Piatti,Espanyol,La Liga,2019,FW,"FW,MF",743.0,FW-1,Creating and carrying forwards
Pedrosa,Espanyol,La Liga,2019,DF,DF,763.0,DF-1,Wide attacking defenders
Roberto Rosales,Espanyol,La Liga,2019,DF,DF,1749.0,DF-1,Wide attacking defenders
Sergi Darder,Espanyol,La Liga,2019,MF,MF,2709.0,MF-1,Advanced attacking midfielders
Sergio García,Espanyol,La Liga,2019,FW,"FW,MF",1486.0,FW-1,Creating and carrying forwards
Víctor Sánchez,Espanyol,La Liga,2019,MF,MF,1265.0,MF-0,Deep ball winning midfielders
Wu Lei,Espanyol,La Liga,2019,FW,"FW,MF",1061.0,FW-0,Low involvement centre forwards
Óscar Duarte,Espanyol,La Liga,2019,DF,"DF,MF",660.0,DF-0,Deep central defenders
Óscar Melendo,Espanyol,La Liga,2019,MF,"MF,FW",1997.0,MF-1,Advanced attacking midfielders
Amath,Getafe,La Liga,2019,MF,MF,1002.0,MF-1,Advanced attacking midfielders
Bruno González,Getafe,La Liga,2019,DF,DF,1701.0,DF-0,Deep central defenders
Damián Suárez,Getafe,La Liga,2019,DF,DF,3240.0,DF-1,Wide attacking defenders
Dimitri Foulquier,Getafe,La Liga,2019,MF,"MF,DF",1799.0,MF-1,Advanced attacking midfielders
Djené,Getafe,La Liga,2019,DF,DF,2976.0,DF-0,Deep central defenders
Francisco Portillo,Getafe,La Liga,2019,MF,MF,1994.0,MF-1,Advanced attacking midfielders
Jaime Mata,Getafe,La Liga,2019,FW,"FW,MF",2432.0,FW-0,Low involvement centre forwards
Jorge Molina,Getafe,La Liga,2019,FW,FW,2648.0,FW-0,Low involvement centre forwards
Leandro Cabrera,Getafe,La Liga,2019,DF,DF,2794.0,DF-0,Deep central defenders
Mathieu Flamini,Getafe,La Liga,2019,MF,MF,453.0,MF-0,Deep ball winning midfielders
Mathías Olivera,Getafe,La Liga,2019,DF,"DF,MF",1007.0,DF-1,Wide attacking defenders
Mauro Arambarri,Getafe,La Liga,2019,MF,MF,2676.0,MF-0,Deep ball winning midfielders
Nemanja Maksimović,Getafe,La Liga,2019,MF,MF,3209.0,MF-0,Deep ball winning midfielders
Sebastián Cristóforo,Getafe,La Liga,2019,MF,MF,450.0,MF-0,Deep ball winning midfielders
Vitorino Antunes,Getafe,La Liga,2019,DF,"DF,MF",2181.0,DF-1,Wide attacking defenders
Ángel Rodríguez,Getafe,La Liga,2019,FW,FW,1819.0,FW-0,Low involvement centre forwards
Aday,Girona,La Liga,2019,DF,"DF,MF",645.0,DF-1,Wide attacking defenders
Aleix García,Girona,La Liga,2019,MF,MF,1663.0,MF-0,Deep ball winning midfielders
Anthony Lozano,Girona,La Liga,2019,MF,"MF,FW",730.0,MF-1,Advanced attacking midfielders
Bernardo Espinosa,Girona,La Liga,2019,DF,DF,2727.0,DF-0,Deep central defenders
Borja García,Girona,La Liga,2019,MF,"MF,FW",2629.0,MF-1,Advanced attacking midfielders
Cristhian Stuani,Girona,La Liga,2019,FW,FW,2729.0,FW-0,Low involvement centre forwards
Douglas Luiz,Girona,La Liga,2019,MF,MF,1490.0,MF-0,Deep ball winning midfielders
Jonás Ramalho,Girona,La Liga,2019,DF,DF,1619.0,DF-0,Deep central defenders
Juanpe,Girona,La Liga,2019,DF,DF,2767.0,DF-0,Deep central defenders
Marc Muniesa,Girona,La Liga,2019,DF,"DF,MF",1406.0,DF-0,Deep central defenders
Patrick Roberts,Girona,La Liga,2019,MF,MF,601.0,MF-1,Advanced attacking midfielders
Pedro Alcalá,Girona,La Liga,2019,DF,DF,1868.0,DF-0,Deep central defenders
Pedro Porro,Girona,La Liga,2019,DF,DF,2211.0,DF-1,Wide attacking defenders
Pere Pons,Girona,La Liga,2019,MF,MF,2792.0,MF-0,Deep ball winning midfielders
Portu,Girona,La Liga,2019,MF,"MF,FW",2821.0,MF-1,Advanced attacking midfielders
Raúl García,Girona,La Liga,2019,DF,DF,850.0,DF-1,Wide attacking defenders
Seydou Doumbia,Girona,La Liga,2019,FW,"FW,MF",541.0,FW-0,Low involvement centre forwards
Valery,Girona,La Liga,2019,DF,DF,888.0,DF-1,Wide attacking defenders
Álex Granell,Girona,La Liga,2019,MF,"MF,DF",2391.0,MF-0,Deep ball winning midfielders
Adrián Diéguez,Huesca,La Liga,2019,DF,DF,749.0,DF-0,Deep central defenders
Carlos Akapo,Huesca,La Liga,2019,DF,DF,1023.0,DF-1,Wide attacking defenders
Cristian Rivera,Huesca,La Liga,2019,MF,MF,1692.0,MF-0,Deep ball winning midfielders
Cucho,Huesca,La Liga,2019,FW,FW,2150.0,FW-0,Low involvement centre forwards
Damián Musto,Huesca,La Liga,2019,MF,"MF,DF",1686.0,MF-0,Deep ball winning midfielders
David Ferreiro,Huesca,La Liga,2019,MF,"MF,DF",2280.0,MF-1,Advanced attacking midfielders
Enric Gallego,Huesca,La Liga,2019,FW,FW,1539.0,FW-0,Low involvement centre forwards
Ezequiel Ávila,Huesca,La Liga,2019,FW,"FW,MF",1997.0,FW-0,Low involvement centre forwards
Gonzalo Melero,Huesca,La Liga,2019,MF,MF,1345.0,MF-0,Deep ball winning midfielders
Javi Galán,Huesca,La Liga,2019,DF,"DF,FW",1440.0,DF-1,Wide attacking defenders
Jorge Miramón,Huesca,La Liga,2019,DF,DF,2492.0,DF-1,Wide attacking defenders
Jorge Pulido,Huesca,La Liga,2019,DF,DF,2785.0,DF-0,Deep central defenders
Juanpi,Huesca,La Liga,2019,MF,"MF,FW",670.0,MF-1,Advanced attacking midfielders
Luisinho,Huesca,La Liga,2019,DF,DF,507.0,DF-1,Wide attacking defenders
Martín Mantovani,Huesca,La Liga,2019,DF,DF,701.0,DF-0,Deep central defenders
Moi Gómez,Huesca,La Liga,2019,MF,MF,3055.0,MF-0,Deep ball winning midfielders
Pablo Insua,Huesca,La Liga,2019,DF,DF,776.0,DF-0,Deep central defenders
Rúben Semedo,Huesca,La Liga,2019,DF,DF,850.0,DF-0,Deep central defenders
Samuele Longo,Huesca,La Liga,2019,FW,FW,556.0,FW-0,Low involvement centre forwards
Serdar Gürler,Huesca,La Liga,2019,MF,MF,482.0,MF-1,Advanced attacking midfielders
Xabier Etxeita,Huesca,La Liga,2019,DF,DF,2677.0,DF-0,Deep central defenders
Yangel Herrera,Huesca,La Liga,2019,MF,"MF,DF",1154.0,MF-0,Deep ball winning midfielders
Álex Gallar,Huesca,La Liga,2019,MF,MF,1009.0,MF-1,Advanced attacking midfielders
Allan Nyom,Leganés,La Liga,2019,DF,"DF,FW",1708.0,DF-1,Wide attacking defenders
Dimitris Siovas,Leganés,La Liga,2019,DF,DF,2962.0,DF-0,Deep central defenders
Gerard Gumbau,Leganés,La Liga,2019,MF,MF,1199.0,MF-0,Deep ball winning midfielders
Guido Carrillo,Leganés,La Liga,2019,FW,FW,1992.0,FW-0,Low involvement centre forwards
Javier Eraso,Leganés,La Liga,2019,MF,"MF,FW",631.0,MF-1,Advanced attacking midfielders
Jonathan Silva,Leganés,La Liga,2019,DF,"DF,FW",2700.0,DF-1,Wide attacking defenders
Juanfran,Leganés,La Liga,2019,DF,"DF,FW",1459.0,DF-1,Wide attacking defenders
Kenneth Omeruo,Leganés,La Liga,2019,DF,DF,2433.0,DF-0,Deep central defenders
Martin Braithwaite,Leganés,La Liga,2019,FW,FW,1402.0,FW-0,Low involvement centre forwards
Michael Santos,Leganés,La Liga,2019,FW,"FW,MF",557.0,FW-0,Low involvement centre forwards
Mikel Vesga,Leganés,La Liga,2019,MF,MF,2070.0,MF-0,Deep ball winning midfielders
Nabil El Zhar,Leganés,La Liga,2019,MF,MF,966.0,MF-1,Advanced attacking midfielders
Recio,Leganés,La Liga,2019,MF,MF,1285.0,MF-0,Deep ball winning midfielders
Rodrigo Tarín,Leganés,La Liga,2019,DF,DF,1429.0,DF-0,Deep central defenders
Rubén Pérez,Leganés,La Liga,2019,MF,MF,2474.0,MF-0,Deep ball winning midfielders
Unai Bustinza,Leganés,La Liga,2019,DF,DF,2023.0,DF-0,Deep central defenders
Vasyl Kravets,Leganés,La Liga,2019,DF,"DF,FW",481.0,DF-1,Wide attacking defenders
Youssef En-Nesyri,Leganés,La Liga,2019,FW,FW,2106.0,FW-0,Low involvement centre forwards
Óscar Rodríguez Arnaiz,Leganés,La Liga,2019,MF,MF,2504.0,MF-1,Advanced attacking midfielders
Antonio Luna,Levante,La Liga,2019,DF,"DF,FW",1258.0,DF-1,Wide attacking defenders
Borja Mayoral,Levante,La Liga,2019,FW,FW,1621.0,FW-0,Low involvement centre forwards
Chema,Levante,La Liga,2019,DF,DF,1254.0,DF-0,Deep central defenders
Coke,Levante,La Liga,2019,DF,DF,1817.0,DF-1,Wide attacking defenders
Emmanuel Boateng,Levante,La Liga,2019,FW,FW,699.0,FW-0,Low involvement centre forwards
Enis Bardhi,Levante,La Liga,2019,MF,MF,2836.0,MF-1,Advanced attacking midfielders
Erick Cabaco,Levante,La Liga,2019,DF,DF,1632.0,DF-0,Deep central defenders
Jason,Levante,La Liga,2019,DF,"DF,FW",2330.0,DF-1,Wide attacking defenders
José Campaña,Levante,La Liga,2019,MF,MF,3210.0,MF-0,Deep ball winning midfielders
José Luis Morales,Levante,La Liga,2019,FW,"FW,MF",3195.0,FW-1,Creating and carrying forwards
Moses Simon,Levante,La Liga,2019,DF,"DF,MF",785.0,DF-1,Wide attacking defenders
Nikola Vukčević,Levante,La Liga,2019,MF,MF,670.0,MF-0,Deep ball winning midfielders
Pedro López Muñoz,Levante,La Liga,2019,DF,DF,465.0,DF-1,Wide attacking defenders
Rober,Levante,La Liga,2019,DF,DF,2854.0,DF-0,Deep central defenders
Roger Martí,Levante,La Liga,2019,FW,FW,1887.0,FW-0,Low involvement centre forwards
Rubén Rochina,Levante,La Liga,2019,MF,MF,1800.0,MF-1,Advanced attacking midfielders
Rúben Vezo,Levante,La Liga,2019,DF,DF,1339.0,DF-0,Deep central defenders
Sanjin Prcić,Levante,La Liga,2019,MF,MF,532.0,MF-0,Deep ball winning midfielders
Sergio Postigo,Levante,La Liga,2019,DF,DF,1449.0,DF-0,Deep central defenders
Toño,Levante,La Liga,2019,DF,"DF,FW",1763.0,DF-1,Wide attacking defenders
Abdoulaye Ba,Rayo Vallecano,La Liga,2019,DF,DF,2110.0,DF-0,Deep central defenders
Adri Embarba,Rayo Vallecano,La Liga,2019,MF,"MF,FW",2282.0,MF-1,Advanced attacking midfielders
Bebé,Rayo Vallecano,La Liga,2019,MF,"MF,FW",1302.0,MF-1,Advanced attacking midfielders
Emiliano Velázquez,Rayo Vallecano,La Liga,2019,DF,DF,1277.0,DF-0,Deep central defenders
Gaël Kakuta,Rayo Vallecano,La Liga,2019,MF,"MF,FW",717.0,MF-1,Advanced attacking midfielders
Giannelli Imbula,Rayo Vallecano,La Liga,2019,MF,MF,1732.0,MF-0,Deep ball winning midfielders
Jordi Amat,Rayo Vallecano,La Liga,2019,DF,DF,2763.0,DF-0,Deep central defenders
José Pozo,Rayo Vallecano,La Liga,2019,MF,MF,1617.0,MF-1,Advanced attacking midfielders
Luis Advíncula,Rayo Vallecano,La Liga,2019,DF,DF,2389.0,DF-1,Wide attacking defenders
Mario Suárez,Rayo Vallecano,La Liga,2019,MF,MF,1026.0,MF-0,Deep ball winning midfielders
Raúl de Tomás,Rayo Vallecano,La Liga,2019,FW,FW,2813.0,FW-0,Low involvement centre forwards
Santi Comesaña,Rayo Vallecano,La Liga,2019,MF,MF,2032.0,MF-0,Deep ball winning midfielders
Tito,Rayo Vallecano,La Liga,2019,DF,DF,1098.0,DF-1,Wide attacking defenders
Álex Gálvez,Rayo Vallecano,La Liga,2019,DF,DF,1412.0,DF-0,Deep central defenders
Álex Moreno,Rayo Vallecano,La Liga,2019,DF,"DF,MF",3136.0,DF-1,Wide attacking defenders
Álvaro García,Rayo Vallecano,La Liga,2019,MF,"MF,FW",1766.0,MF-1,Advanced attacking midfielders
Álvaro Medrán,Rayo Vallecano,La Liga,2019,MF,MF,1149.0,MF-0,Deep ball winning midfielders
Óscar Trejo,Rayo Vallecano,La Liga,2019,MF,"MF,FW",1764.0,MF-1,Advanced attacking midfielders
Casemiro,Real Madrid,La Liga,2019,MF,MF,2312.0,MF-0,Deep ball winning midfielders
Dani Carvajal,Real Madrid,La Liga,2019,DF,DF,2107.0,DF-1,Wide attacking defenders
Dani Ceballos,Real Madrid,La Liga,2019,MF,"MF,FW",1248.0,MF-1,Advanced attacking midfielders
Federico Valverde,Real Madrid,La Liga,2019,MF,MF,656.0,MF-0,Deep ball winning midfielders
Gareth Bale,Real Madrid,La Liga,2019,FW,"FW,MF",1786.0,FW-1,Creating and carrying forwards
Isco,Real Madrid,La Liga,2019,MF,"MF,FW",1192.0,MF-1,Advanced attacking midfielders
Karim Benzema,Real Madrid,La Liga,2019,FW,FW,2953.0,FW-1,Creating and carrying forwards
Lucas Vázquez,Real Madrid,La Liga,2019,FW,"FW,MF",1510.0,FW-1,Creating and carrying forwards
Luka Modrić,Real Madrid,La Liga,2019,MF,MF,2608.0,MF-1,Advanced attacking midfielders
Marcelo,Real Madrid,La Liga,2019,DF,DF,1853.0,DF-1,Wide attacking defenders
Marco Asensio,Real Madrid,La Liga,2019,FW,"FW,MF",1779.0,FW-1,Creating and carrying forwards
Marcos Llorente,Real Madrid,La Liga,2019,MF,MF,540.0,MF-0,Deep ball winning midfielders
Nacho,Real Madrid,La Liga,2019,DF,DF,1698.0,DF-0,Deep central defenders
Raphaël Varane,Real Madrid,La Liga,2019,DF,DF,2754.0,DF-0,Deep central defenders
Sergio Ramos,Real Madrid,La Liga,2019,DF,DF,2474.0,DF-0,Deep central defenders
Sergio Reguilón,Real Madrid,La Liga,2019,DF,DF,1119.0,DF-1,Wide attacking defenders
Toni Kroos,Real Madrid,La Liga,2019,MF,MF,2221.0,MF-0,Deep ball winning midfielders
Vinicius Júnior,Real Madrid,La Liga,2019,FW,"FW,MF",869.0,FW-1,Creating and carrying forwards
Álvaro Odriozola,Real Madrid,La Liga,2019,DF,DF,1178.0,DF-1,Wide attacking defenders
Adnan Januzaj,Real Sociedad,La Liga,2019,MF,"MF,FW",1254.0,MF-1,Advanced attacking midfielders
Aihen Muñoz,Real Sociedad,La Liga,2019,DF,DF,951.0,DF-1,Wide attacking defenders
Andoni Gorosabel,Real Sociedad,La Liga,2019,DF,DF,455.0,DF-1,Wide attacking defenders
Aritz Elustondo,Real Sociedad,La Liga,2019,DF,DF,2254.0,DF-0,Deep central defenders
Asier Illarramendi,Real Sociedad,La Liga,2019,MF,MF,1821.0,MF-0,Deep ball winning midfielders
David Zurutuza,Real Sociedad,La Liga,2019,MF,MF,1222.0,MF-0,Deep ball winning midfielders
Diego Llorente,Real Sociedad,La Liga,2019,DF,DF,1752.0,DF-0,Deep central defenders
Héctor Moreno,Real Sociedad,La Liga,2019,DF,DF,1933.0,DF-0,Deep central defenders
Igor Zubeldia,Real Sociedad,La Liga,2019,MF,MF,2549.0,MF-0,Deep ball winning midfielders
Jon Bautista,Real Sociedad,La Liga,2019,FW,FW,597.0,FW-0,Low involvement centre forwards
Joseba Zaldúa,Real Sociedad,La Liga,2019,DF,DF,2139.0,DF-1,Wide attacking defenders
Juanmi,Real Sociedad,La Liga,2019,FW,"FW,MF",1523.0,FW-0,Low involvement centre forwards
Kévin Rodrigues,Real Sociedad,La Liga,2019,DF,DF,484.0,DF-1,Wide attacking defenders
Luca Sangalli,Real Sociedad,La Liga,2019,MF,MF,999.0,MF-1,Advanced attacking midfielders
Mikel Merino,Real Sociedad,La Liga,2019,MF,MF,2055.0,MF-0,Deep ball winning midfielders
Mikel Oyarzabal,Real Sociedad,La Liga,2019,MF,"MF,FW",3153.0,MF-1,Advanced attacking midfielders
Raúl Navas,Real Sociedad,La Liga,2019,DF,DF,1310.0,DF-0,Deep central defenders
Rubén Pardo,Real Sociedad,La Liga,2019,MF,"MF,FW",1368.0,MF-1,Advanced attacking midfielders
Sandro Ramírez,Real Sociedad,La Liga,2019,MF,"MF,FW",1055.0,MF-1,Advanced attacking midfielders
Theo Hernández,Real Sociedad,La Liga,2019,DF,DF,1976.0,DF-1,Wide attacking defenders
Willian José,Real Sociedad,La Liga,2019,FW,FW,2367.0,FW-0,Low involvement centre forwards
Aleix Vidal,Sevilla,La Liga,2019,DF,"DF,MF",528.0,DF-1,Wide attacking defenders
André Silva,Sevilla,La Liga,2019,FW,FW,2159.0,FW-0,Low involvement centre forwards
Daniel Carriço,Sevilla,La Liga,2019,DF,DF,2130.0,DF-0,Deep central defenders
Franco Vázquez,Sevilla,La Liga,2019,MF,MF,2280.0,MF-1,Advanced attacking midfielders
Gabriel Mercado,Sevilla,La Liga,2019,DF,DF,1738.0,DF-0,Deep central defenders
Guilherme Arana,Sevilla,La Liga,2019,DF,DF,629.0,DF-1,Wide attacking defenders
Ibrahim Amadou,Sevilla,La Liga,2019,MF,"MF,DF",762.0,MF-0,Deep ball winning midfielders
Jesús Navas,Sevilla,La Liga,2019,DF,"DF,FW",2712.0,DF-1,Wide attacking defenders
Maxime Gonalons,Sevilla,La Liga,2019,MF,MF,540.0,MF-0,Deep ball winning midfielders
Maximilian Wöber,Sevilla,La Liga,2019,DF,DF,536.0,DF-1,Wide attacking defenders
Munir El Haddadi,Sevilla,La Liga,2019,FW,"FW,MF",1042.0,FW-0,Low involvement centre forwards
Pablo Sarabia,Sevilla,La Liga,2019,MF,MF,2724.0,MF-1,Advanced attacking midfielders
Quincy Promes,Sevilla,La Liga,2019,FW,"FW,DF",1583.0,FW-1,Creating and carrying forwards
Roque Mesa,Sevilla,La Liga,2019,MF,MF,1746.0,MF-0,Deep ball winning midfielders
Sergi Gómez,Sevilla,La Liga,2019,DF,DF,2765.0,DF-0,Deep central defenders
Sergio Escudero,Sevilla,La Liga,2019,DF,"DF,FW",1545.0,DF-1,Wide attacking defenders
Simon Kjær,Sevilla,La Liga,2019,DF,DF,2008.0,DF-0,Deep central defenders
Wissam Ben Yedder,Sevilla,La Liga,2019,FW,FW,2812.0,FW-0,Low involvement centre forwards
Éver Banega,Sevilla,La Liga,2019,MF,MF,2667.0,MF-0,Deep ball winning midfielders
Carlos Soler,Valencia,La Liga,2019,MF,MF,2460.0,MF-1,Advanced attacking midfielders
Cristiano Piccini,Valencia,La Liga,2019,DF,DF,1868.0,DF-1,Wide attacking defenders
Daniel Parejo,Valencia,La Liga,2019,MF,MF,3061.0,MF-0,Deep ball winning midfielders
Daniel Wass,Valencia,La Liga,2019,DF,"DF,MF",2354.0,DF-1,Wide attacking defenders
Denis Cheryshev,Valencia,La Liga,2019,MF,MF,1706.0,MF-1,Advanced attacking midfielders
Ezequiel Garay,Valencia,La Liga,2019,DF,DF,2136.0,DF-0,Deep central defenders
Facundo Roncaglia,Valencia,La Liga,2019,DF,DF,601.0,DF-0,Deep central defenders
Ferrán Torres,Valencia,La Liga,2019,MF,MF,850.0,MF-1,Advanced attacking midfielders
Francis Coquelin,Valencia,La Liga,2019,MF,MF,1761.0,MF-0,Deep ball winning midfielders
Gabriel Paulista,Valencia,La Liga,2019,DF,DF,2623.0,DF-0,Deep central defenders
Geoffrey Kondogbia,Valencia,La Liga,2019,MF,MF,1245.0,MF-0,Deep ball winning midfielders
Gonçalo Guedes,Valencia,La Liga,2019,MF,"MF,FW",1465.0,MF-1,Advanced attacking midfielders
José Luis Gayà,Valencia,La Liga,2019,DF,DF,3137.0,DF-1,Wide attacking defenders
Kévin Gameiro,Valencia,La Liga,2019,FW,FW,1612.0,FW-0,Low involvement centre forwards
Michy Batshuayi,Valencia,La Liga,2019,FW,FW,527.0,FW-0,Low involvement centre forwards
Mouctar Diakhaby,Valencia,La Liga,2019,DF,DF,1580.0,DF-0,Deep central defenders
Rodrigo,Valencia,La Liga,2019,FW,FW,2528.0,FW-0,Low involvement centre forwards
Santi Mina,Valencia,La Liga,2019,FW,FW,1852.0,FW-0,Low involvement centre forwards
Antoñito,Valladolid,La Liga,2019,DF,"DF,MF",1863.0,DF-1,Wide attacking defenders
Anuar,Valladolid,La Liga,2019,MF,"MF,FW",1081.0,MF-0,Deep ball winning midfielders
Borja Fernández,Valladolid,La Liga,2019,MF,"MF,DF",841.0,MF-0,Deep ball winning midfielders
Daniele Verde,Valladolid,La Liga,2019,MF,"MF,FW",657.0,MF-1,Advanced attacking midfielders
Duje Čop,Valladolid,La Liga,2019,FW,FW,687.0,FW-0,Low involvement centre forwards
Enes Ünal,Valladolid,La Liga,2019,FW,FW,2148.0,FW-0,Low involvement centre forwards
Fernando Calero,Valladolid,La Liga,2019,DF,DF,3130.0,DF-0,Deep central defenders
Javi Moyano,Valladolid,La Liga,2019,DF,DF,2098.0,DF-0,Deep central defenders
Joaquín Fernández,Valladolid,La Liga,2019,DF,"DF,MF",839.0,DF-0,Deep central defenders
Keko,Valladolid,La Liga,2019,MF,MF,1533.0,MF-1,Advanced attacking midfielders
Kiko Olivas,Valladolid,La Liga,2019,DF,DF,3100.0,DF-0,Deep central defenders
Leonardo Suárez,Valladolid,La Liga,2019,FW,"FW,MF",517.0,FW-0,Low involvement centre forwards
Míchel,Valladolid,La Liga,2019,MF,MF,2553.0,MF-0,Deep ball winning midfielders
Nacho,Valladolid,La Liga,2019,DF,DF,3150.0,DF-1,Wide attacking defenders
Rubén Alcaraz,Valladolid,La Liga,2019,MF,MF,2976.0,MF-0,Deep ball winning midfielders
Sergi Guardiola,Valladolid,La Liga,2019,FW,FW,1514.0,FW-0,Low involvement centre forwards
Toni Villa,Valladolid,La Liga,2019,MF,"MF,FW",1762.0,MF-1,Advanced attacking midfielders
Waldo Rubio,Valladolid,La Liga,2019,MF,MF,492.0,MF-1,Advanced attacking midfielders
Óscar Plano,Valladolid,La Liga,2019,MF,"MF,FW",2693.0,MF-1,Advanced attacking midfielders
Alfonso Pedraza,Villarreal,La Liga,2019,DF,"DF,MF",2095.0,DF-1,Wide attacking defenders
Carlos Bacca,Villarreal,La Liga,2019,FW,FW,1270.0,FW-0,Low involvement centre forwards
Gerard Moreno,Villarreal,La Liga,2019,FW,FW,2315.0,FW-0,Low involvement centre forwards
Jaume Costa,Villarreal,La Liga,2019,DF,DF,1495.0,DF-1,Wide attacking defenders
Karl Toko Ekambi,Villarreal,La Liga,2019,FW,"FW,MF",2144.0,FW-0,Low involvement centre forwards
Manu Morlanes,Villarreal,La Liga,2019,MF,MF,610.0,MF-0,Deep ball winning midfielders
Manu Trigueros,Villarreal,La Liga,2019,MF,MF,1547.0,MF-0,Deep ball winning midfielders
Mario Gaspar,Villarreal,La Liga,2019,DF,DF,2599.0,DF-1,Wide attacking defenders
Miguel Juan Llambrich,Villarreal,La Liga,2019,DF,"DF,FW",544.0,DF-1,Wide attacking defenders
Miguel Layún,Villarreal,La Liga,2019,MF,"MF,DF",506.0,MF-1,Advanced attacking midfielders
Pablo Fornals,Villarreal,La Liga,2019,MF,"MF,FW",2479.0,MF-1,Advanced attacking midfielders
Ramiro Funes Mori,Villarreal,La Liga,2019,DF,"DF,MF",2627.0,DF-0,Deep central defenders
Samuel Chukwueze,Villarreal,La Liga,2019,MF,"MF,FW",1706.0,MF-1,Advanced attacking midfielders
Santi Cazorla,Villarreal,La Liga,2019,MF,MF,2647.0,MF-1,Advanced attacking midfielders
Santiago Cáseres,Villarreal,La Liga,2019,MF,MF,1588.0,MF-0,Deep ball winning midfielders
Vicente Iborra,Villarreal,La Liga,2019,MF,MF,1665.0,MF-0,Deep ball winning midfielders
Víctor Ruiz,Villarreal,La Liga,2019,DF,DF,1975.0,DF-0,Deep central defenders
Xavi Quintillà,Villarreal,La Liga,2019,DF,DF,627.0,DF-1,Wide attacking defenders
Álvaro González,Villarreal,La Liga,2019,DF,DF,2964.0,DF-0,Deep central defenders
Alexis Blin,Amiens,Ligue 1,2019,MF,MF,1990.0,MF-0,Deep ball winning midfielders
Bakaye Dibassy,Amiens,Ligue 1,2019,DF,DF,2942.0,DF-0,Deep central defenders
Cheick Timite,Amiens,Ligue 1,2019,MF,"MF,FW",1456.0,MF-1,Advanced attacking midfielders
Eddy Gnahoré,Amiens,Ligue 1,2019,MF,MF,2243.0,MF-0,Deep ball winning midfielders
Emil Krafth,Amiens,Ligue 1,2019,DF,DF,2974.0,DF-1,Wide attacking defenders
Erik Pieters,Amiens,Ligue 1,2019,DF,DF,1261.0,DF-1,Wide attacking defenders
Ganso,Amiens,Ligue 1,2019,MF,"MF,FW",520.0,MF-0,Deep ball winning midfielders
Jordan Lefort,Amiens,Ligue 1,2019,DF,DF,1802.0,DF-0,Deep central defenders
Juan Ferney Otero,Amiens,Ligue 1,2019,MF,"MF,FW",2175.0,MF-1,Advanced attacking midfielders
Khaled Adénon,Amiens,Ligue 1,2019,DF,DF,1994.0,DF-0,Deep central defenders
Mathieu Bodmer,Amiens,Ligue 1,2019,MF,"MF,FW",1073.0,MF-1,Advanced attacking midfielders
Moussa Konaté,Amiens,Ligue 1,2019,FW,FW,1876.0,FW-0,Low involvement centre forwards
Oualid El Hajjam,Amiens,Ligue 1,2019,DF,"DF,MF",544.0,DF-1,Wide attacking defenders
Prince-Désir Gouano,Amiens,Ligue 1,2019,DF,DF,2620.0,DF-0,Deep central defenders
Saman Ghoddos,Amiens,Ligue 1,2019,MF,"MF,FW",1827.0,MF-1,Advanced attacking midfielders
Sehrou Guirassy,Amiens,Ligue 1,2019,FW,FW,1111.0,FW-0,Low involvement centre forwards
Stiven Mendoza,Amiens,Ligue 1,2019,MF,"MF,FW",1877.0,MF-1,Advanced attacking midfielders
Thomas Monconduit,Amiens,Ligue 1,2019,MF,MF,2818.0,MF-0,Deep ball winning midfielders
Abdoulaye Bamba,Angers,Ligue 1,2019,DF,DF,2573.0,DF-1,Wide attacking defenders
Angelo Fulgini,Angers,Ligue 1,2019,MF,"MF,FW",1635.0,MF-1,Advanced attacking midfielders
Baptiste Santamaria,Angers,Ligue 1,2019,MF,MF,3245.0,MF-0,Deep ball winning midfielders
Cheikh N'Doye,Angers,Ligue 1,2019,MF,MF,2334.0,MF-0,Deep ball winning midfielders
Flavien Tait,Angers,Ligue 1,2019,MF,"MF,FW",2985.0,MF-1,Advanced attacking midfielders
Ismaël Traoré,Angers,Ligue 1,2019,DF,DF,2636.0,DF-0,Deep central defenders
Jeff Reine-Adélaïde,Angers,Ligue 1,2019,MF,"MF,FW",2556.0,MF-1,Advanced attacking midfielders
Mateo Pavlović,Angers,Ligue 1,2019,DF,DF,2490.0,DF-0,Deep central defenders
Pierrick Capelle,Angers,Ligue 1,2019,DF,"DF,MF",1842.0,DF-1,Wide attacking defenders
Romain Thomas,Angers,Ligue 1,2019,DF,DF,2394.0,DF-0,Deep central defenders
Stéphane Bahoken,Angers,Ligue 1,2019,FW,FW,2469.0,FW-0,Low involvement centre forwards
Thomas Mangani,Angers,Ligue 1,2019,MF,MF,1598.0,MF-0,Deep ball winning midfielders
Théo Pellenard,Angers,Ligue 1,2019,DF,DF,495.0,DF-1,Wide attacking defenders
Vincent Manceau,Angers,Ligue 1,2019,DF,DF,2790.0,DF-1,Wide attacking defenders
Vincent Pajot,Angers,Ligue 1,2019,MF,MF,713.0,MF-0,Deep ball winning midfielders
Wilfried Kanga,Angers,Ligue 1,2019,FW,FW,493.0,FW-0,Low involvement centre forwards
Andreas Cornelius,Bordeaux,Ligue 1,2019,FW,FW,792.0,FW-0,Low involvement centre forwards
Aurélien Tchouaméni,Bordeaux,Ligue 1,2019,MF,MF,704.0,MF-0,Deep ball winning midfielders
François Kamano,Bordeaux,Ligue 1,2019,MF,"MF,FW",2561.0,MF-1,Advanced attacking midfielders
Jaroslav Plašil,Bordeaux,Ligue 1,2019,MF,MF,1443.0,MF-0,Deep ball winning midfielders
Jimmy Briand,Bordeaux,Ligue 1,2019,FW,"FW,MF",2495.0,FW-0,Low involvement centre forwards
Jules Koundé,Bordeaux,Ligue 1,2019,DF,DF,3330.0,DF-0,Deep central defenders
Lukas Lerager,Bordeaux,Ligue 1,2019,MF,MF,1298.0,MF-0,Deep ball winning midfielders
Maxime Poundjé,Bordeaux,Ligue 1,2019,DF,DF,2537.0,DF-1,Wide attacking defenders
Nicolas de Préville,Bordeaux,Ligue 1,2019,MF,"MF,FW",1271.0,MF-1,Advanced attacking midfielders
Otávio,Bordeaux,Ligue 1,2019,MF,MF,2875.0,MF-0,Deep ball winning midfielders
Pablo,Bordeaux,Ligue 1,2019,DF,DF,1936.0,DF-0,Deep central defenders
Samuel Kalu,Bordeaux,Ligue 1,2019,MF,"MF,FW",1281.0,MF-1,Advanced attacking midfielders
Sergi Palencia,Bordeaux,Ligue 1,2019,DF,DF,1986.0,DF-1,Wide attacking defenders
Toma Bašić,Bordeaux,Ligue 1,2019,MF,MF,1333.0,MF-0,Deep ball winning midfielders
Vukašin Jovanović,Bordeaux,Ligue 1,2019,DF,DF,1377.0,DF-0,Deep central defenders
Yann Karamoh,Bordeaux,Ligue 1,2019,MF,"MF,FW",1224.0,MF-1,Advanced attacking midfielders
Younousse Sankharé,Bordeaux,Ligue 1,2019,MF,MF,1476.0,MF-1,Advanced attacking midfielders
Youssouf Sabaly,Bordeaux,Ligue 1,2019,DF,"DF,MF",1908.0,DF-1,Wide attacking defenders
Adama Mbengue,Caen,Ligue 1,2019,DF,DF,739.0,DF-1,Wide attacking defenders
Alexander Djiku,Caen,Ligue 1,2019,DF,DF,2754.0,DF-0,Deep central defenders
Baissama Sankoh,Caen,Ligue 1,2019,MF,MF,651.0,MF-0,Deep ball winning midfielders
Casimir Ninga,Caen,Ligue 1,2019,MF,"MF,FW",2468.0,MF-1,Advanced attacking midfielders
Claudio Beauvue,Caen,Ligue 1,2019,MF,"MF,FW",1499.0,MF-1,Advanced attacking midfielders
Emmanuel Imorou,Caen,Ligue 1,2019,DF,DF,1119.0,DF-0,Deep central defenders
Enzo Crivelli,Caen,Ligue 1,2019,FW,FW,2260.0,FW-0,Low involvement centre forwards
Fayçal Fajr,Caen,Ligue 1,2019,MF,MF,3240.0,MF-0,Deep ball winning midfielders
Frederic Guilbert,Caen,Ligue 1,2019,DF,DF,2916.0,DF-1,Wide attacking defenders
Ismaël Diomandé,Caen,Ligue 1,2019,MF,"MF,DF",1293.0,MF-0,Deep ball winning midfielders
Jessy Deminguet,Caen,Ligue 1,2019,MF,MF,1269.0,MF-0,Deep ball winning midfielders
Jonathan Gradit,Caen,Ligue 1,2019,DF,DF,2010.0,DF-0,Deep central defenders
Malik Tchokounté,Caen,Ligue 1,2019,FW,"FW,MF",1473.0,FW-0,Low involvement centre forwards
Paul Baysse,Caen,Ligue 1,2019,DF,DF,1788.0,DF-0,Deep central defenders
Prince Oniangué,Caen,Ligue 1,2019,MF,MF,2343.0,MF-0,Deep ball winning midfielders
Saîf-Eddine Khaoui,Caen,Ligue 1,2019,MF,MF,1353.0,MF-1,Advanced attacking midfielders
Yacine Bammou,Caen,Ligue 1,2019,MF,"MF,FW",923.0,MF-1,Advanced attacking midfielders
Younn Zahary,Caen,Ligue 1,2019,DF,DF,736.0,DF-0,Deep central defenders
Yoël Armougom,Caen,Ligue 1,2019,DF,"DF,MF",1853.0,DF-1,Wide attacking defenders
Benjamin Jeannot,Dijon,Ligue 1,2019,FW,"FW,MF",1436.0,FW-0,Low involvement centre forwards
Cédric Yamberé,Dijon,Ligue 1,2019,DF,DF,2805.0,DF-0,Deep central defenders
Enzo Loiodice,Dijon,Ligue 1,2019,MF,MF,850.0,MF-0,Deep ball winning midfielders
Florent Balmont,Dijon,Ligue 1,2019,MF,MF,1076.0,MF-0,Deep ball winning midfielders
Fouad Chafik,Dijon,Ligue 1,2019,DF,DF,1847.0,DF-1,Wide attacking defenders
Frédéric Sammaritano,Dijon,Ligue 1,2019,MF,MF,538.0,MF-1,Advanced attacking midfielders
Jordan Marié,Dijon,Ligue 1,2019,MF,MF,1803.0,MF-0,Deep ball winning midfielders
Jules Keita,Dijon,Ligue 1,2019,MF,"MF,FW",456.0,MF-1,Advanced attacking midfielders
Júlio Tavares,Dijon,Ligue 1,2019,FW,FW,2805.0,FW-0,Low involvement centre forwards
Kwon Chang-hoon,Dijon,Ligue 1,2019,MF,"MF,FW",938.0,MF-1,Advanced attacking midfielders
Laurent Ciman,Dijon,Ligue 1,2019,DF,DF,717.0,DF-0,Deep central defenders
Mehdi Abeid,Dijon,Ligue 1,2019,MF,MF,2023.0,MF-0,Deep ball winning midfielders
Mickaël Alphonse,Dijon,Ligue 1,2019,DF,DF,571.0,DF-1,Wide attacking defenders
Nayef Aguerd,Dijon,Ligue 1,2019,DF,DF,1050.0,DF-0,Deep central defenders
Naïm Sliti,Dijon,Ligue 1,2019,MF,"MF,FW",2286.0,MF-1,Advanced attacking midfielders
Oussama Haddadi,Dijon,Ligue 1,2019,DF,DF,2674.0,DF-1,Wide attacking defenders
Romain Amalfitano,Dijon,Ligue 1,2019,MF,MF,2522.0,MF-0,Deep ball winning midfielders
Valentin Rosier,Dijon,Ligue 1,2019,DF,"DF,MF",1460.0,DF-1,Wide attacking defenders
Wesley Lautoa,Dijon,Ligue 1,2019,DF,"DF,MF",3024.0,DF-0,Deep central defenders
Wesley Saïd,Dijon,Ligue 1,2019,FW,"FW,MF",2253.0,FW-0,Low involvement centre forwards
Alexandre Mendy,Guingamp,Ligue 1,2019,FW,FW,767.0,FW-0,Low involvement centre forwards
Cheick Traoré,Guingamp,Ligue 1,2019,DF,DF,1508.0,DF-1,Wide attacking defenders
Christophe Kerbrat,Guingamp,Ligue 1,2019,DF,DF,2095.0,DF-0,Deep central defenders
Didier Ibrahim Ndong,Guingamp,Ligue 1,2019,MF,MF,744.0,MF-0,Deep ball winning midfielders
Félix Eboa Eboa,Guingamp,Ligue 1,2019,DF,DF,2426.0,DF-0,Deep central defenders
Guessouma Fofana,Guingamp,Ligue 1,2019,MF,MF,479.0,MF-0,Deep ball winning midfielders
Jordan Ikoko,Guingamp,Ligue 1,2019,DF,DF,1707.0,DF-1,Wide attacking defenders
Jérémy Sorbon,Guingamp,Ligue 1,2019,DF,DF,2647.0,DF-0,Deep central defenders
Lebogang Phiri,Guingamp,Ligue 1,2019,MF,MF,1928.0,MF-0,Deep ball winning midfielders
Lucas Deaux,Guingamp,Ligue 1,2019,MF,MF,1188.0,MF-0,Deep ball winning midfielders
Ludovic Blas,Guingamp,Ligue 1,2019,MF,MF,2372.0,MF-0,Deep ball winning midfielders
Marcus Coco,Guingamp,Ligue 1,2019,MF,"MF,FW",1840.0,MF-1,Advanced attacking midfielders
Marcus Thuram,Guingamp,Ligue 1,2019,MF,"MF,FW",2571.0,MF-1,Advanced attacking midfielders
Mehdi Merghem,Guingamp,Ligue 1,2019,MF,"MF,FW",721.0,MF-1,Advanced attacking midfielders
Nicolas Benezet,Guingamp,Ligue 1,2019,MF,"MF,FW",1666.0,MF-1,Advanced attacking midfielders
Nolan Roux,Guingamp,Ligue 1,2019,FW,FW,1536.0,FW-0,Low involvement centre forwards
Pedro Rebocho,Guingamp,Ligue 1,2019,DF,DF,3240.0,DF-1,Wide attacking defenders
Ronny Rodelin,Guingamp,Ligue 1,2019,MF,"MF,FW",788.0,MF-1,Advanced attacking midfielders
Yeni Ngbakoto,Guingamp,Ligue 1,2019,MF,MF,566.0,MF-1,Advanced attacking midfielders
Étienne Didot,Guingamp,Ligue 1,2019,MF,MF,2105.0,MF-0,Deep ball winning midfielders
Adama Soumaoro,Lille,Ligue 1,2019,DF,DF,1723.0,DF-0,Deep central defenders
Boubakary Soumaré,Lille,Ligue 1,2019,MF,MF,564.0,MF-0,Deep ball winning midfielders
Fodé Ballo-Touré,Lille,Ligue 1,2019,DF,DF,1593.0,DF-1,Wide attacking defenders
Gabriel Dos Santos,Lille,Ligue 1,2019,DF,DF,1066.0,DF-0,Deep central defenders
Jonathan Bamba,Lille,Ligue 1,2019,MF,MF,3004.0,MF-1,Advanced attacking midfielders
Jonathan Ikone,Lille,Ligue 1,2019,MF,MF,2796.0,MF-1,Advanced attacking midfielders
José Fonte,Lille,Ligue 1,2019,DF,DF,3110.0,DF-0,Deep central defenders
Jérémy Pied,Lille,Ligue 1,2019,DF,DF,469.0,DF-1,Wide attacking defenders
Kouadio-Yves Dabila,Lille,Ligue 1,2019,DF,DF,782.0,DF-0,Deep central defenders
Loïc Rémy,Lille,Ligue 1,2019,FW,FW,1204.0,FW-0,Low involvement centre forwards
Luiz Araújo,Lille,Ligue 1,2019,MF,MF,781.0,MF-1,Advanced attacking midfielders
Nicolas Pépé,Lille,Ligue 1,2019,MF,MF,3324.0,MF-1,Advanced attacking midfielders
Rafael Leão,Lille,Ligue 1,2019,FW,FW,1287.0,FW-0,Low involvement centre forwards
Rui Fonte,Lille,Ligue 1,2019,FW,"FW,MF",627.0,FW-0,Low involvement centre forwards
Thiago Maia,Lille,Ligue 1,2019,MF,MF,1021.0,MF-0,Deep ball winning midfielders
Thiago Mendes,Lille,Ligue 1,2019,MF,MF,3074.0,MF-0,Deep ball winning midfielders
Xeka,Lille,Ligue 1,2019,MF,MF,2260.0,MF-0,Deep ball winning midfielders
Youssouf Koné,Lille,Ligue 1,2019,DF,DF,1709.0,DF-1,Wide attacking defenders
Zeki Çelik,Lille,Ligue 1,2019,DF,DF,2971.0,DF-1,Wide attacking defenders
Bertrand Traoré,Lyon,Ligue 1,2019,MF,"MF,FW",2117.0,MF-1,Advanced attacking midfielders
Ferland Mendy,Lyon,Ligue 1,2019,DF,DF,2531.0,DF-1,Wide attacking defenders
Fernando Marçal,Lyon,Ligue 1,2019,DF,DF,878.0,DF-1,Wide attacking defenders
Houssem Aouar,Lyon,Ligue 1,2019,MF,MF,3061.0,MF-1,Advanced attacking midfielders
Jason Denayer,Lyon,Ligue 1,2019,DF,DF,2754.0,DF-0,Deep central defenders
Jérémy Morel,Lyon,Ligue 1,2019,DF,DF,1064.0,DF-0,Deep central defenders
Kenny Tete,Lyon,Ligue 1,2019,DF,DF,1048.0,DF-1,Wide attacking defenders
Leo Dubois,Lyon,Ligue 1,2019,DF,DF,2044.0,DF-1,Wide attacking defenders
Lucas Tousart,Lyon,Ligue 1,2019,MF,MF,1727.0,MF-0,Deep ball winning midfielders
Marcelo,Lyon,Ligue 1,2019,DF,DF,2878.0,DF-0,Deep central defenders
Martin Terrier,Lyon,Ligue 1,2019,MF,"MF,FW",1486.0,MF-1,Advanced attacking midfielders
Maxwel Cornet,Lyon,Ligue 1,2019,MF,"MF,FW",1281.0,MF-1,Advanced attacking midfielders
Memphis Depay,Lyon,Ligue 1,2019,FW,"FW,MF",2737.0,FW-1,Creating and carrying forwards
Moussa Dembélé,Lyon,Ligue 1,2019,FW,FW,2016.0,FW-0,Low involvement centre forwards
Nabil Fekir,Lyon,Ligue 1,2019,MF,MF,1988.0,MF-1,Advanced attacking midfielders
Pape Cheikh Diop,Lyon,Ligue 1,2019,MF,MF,454.0,MF-0,Deep ball winning midfielders
Rafael,Lyon,Ligue 1,2019,DF,DF,1023.0,DF-1,Wide attacking defenders
Tanguy Ndombele,Lyon,Ligue 1,2019,MF,MF,2690.0,MF-0,Deep ball winning midfielders
Adil Rami,Marseille,Ligue 1,2019,DF,DF,1412.0,DF-0,Deep central defenders
Boubacar Kamara,Marseille,Ligue 1,2019,DF,DF,2411.0,DF-0,Deep central defenders
Bouna Sarr,Marseille,Ligue 1,2019,DF,"DF,MF",2242.0,DF-1,Wide attacking defenders
Dimitri Payet,Marseille,Ligue 1,2019,MF,"MF,FW",1904.0,MF-1,Advanced attacking midfielders
Duje Ćaleta-Car,Marseille,Ligue 1,2019,DF,DF,1547.0,DF-0,Deep central defenders
Florian Thauvin,Marseille,Ligue 1,2019,MF,"MF,FW",2613.0,MF-1,Advanced attacking midfielders
Hiroki Sakai,Marseille,Ligue 1,2019,DF,DF,2374.0,DF-1,Wide attacking defenders
Jordan Amavi,Marseille,Ligue 1,2019,DF,DF,2177.0,DF-1,Wide attacking defenders
Kevin Strootman,Marseille,Ligue 1,2019,MF,MF,1942.0,MF-0,Deep ball winning midfielders
Kostas Mitroglou,Marseille,Ligue 1,2019,FW,FW,580.0,FW-0,Low involvement centre forwards
Lucas Ocampos,Marseille,Ligue 1,2019,MF,"MF,FW",2708.0,MF-1,Advanced attacking midfielders
Luiz Gustavo,Marseille,Ligue 1,2019,MF,"MF,DF",2436.0,MF-0,Deep ball winning midfielders
Mario Balotelli,Marseille,Ligue 1,2019,FW,FW,933.0,FW-0,Low involvement centre forwards
Maxime Lopez,Marseille,Ligue 1,2019,MF,MF,2180.0,MF-0,Deep ball winning midfielders
Morgan Sanson,Marseille,Ligue 1,2019,MF,MF,2403.0,MF-0,Deep ball winning midfielders
Nemanja Radonjić,Marseille,Ligue 1,2019,MF,"MF,FW",681.0,MF-1,Advanced attacking midfielders
Rolando,Marseille,Ligue 1,2019,DF,DF,804.0,DF-0,Deep central defenders
Valère Germain,Marseille,Ligue 1,2019,FW,FW,2170.0,FW-0,Low involvement centre forwards
Adrien Silva,Monaco,Ligue 1,2019,MF,MF,1184.0,MF-0,Deep ball winning midfielders
Aleksandr Golovin,Monaco,Ligue 1,2019,MF,"MF,FW",2290.0,MF-1,Advanced attacking midfielders
Andrea Raggi,Monaco,Ligue 1,2019,DF,DF,494.0,DF-0,Deep central defenders
Antonio Barreca,Monaco,Ligue 1,2019,DF,DF,593.0,DF-1,Wide attacking defenders
Benjamin Henrichs,Monaco,Ligue 1,2019,DF,"DF,MF",1824.0,DF-1,Wide attacking defenders
Benoît Badiashile,Monaco,Ligue 1,2019,DF,DF,1762.0,DF-0,Deep central defenders
Carlos Vinícius,Monaco,Ligue 1,2019,FW,"FW,MF",523.0,FW-0,Low involvement centre forwards
Cesc Fàbregas,Monaco,Ligue 1,2019,MF,MF,966.0,MF-0,Deep ball winning midfielders
Djibril Sidibé,Monaco,Ligue 1,2019,DF,"DF,MF",2076.0,DF-1,Wide attacking defenders
Fodé Ballo-Touré,Monaco,Ligue 1,2019,DF,DF,1594.0,DF-1,Wide attacking defenders
Gelson Martins,Monaco,Ligue 1,2019,MF,MF,1389.0,MF-1,Advanced attacking midfielders
Jean-Eudes Aholou,Monaco,Ligue 1,2019,MF,MF,1075.0,MF-0,Deep ball winning midfielders
Jemerson,Monaco,Ligue 1,2019,DF,"DF,MF",2224.0,DF-0,Deep central defenders
Kamil Glik,Monaco,Ligue 1,2019,DF,DF,2970.0,DF-0,Deep central defenders
Moussa Sylla,Monaco,Ligue 1,2019,FW,"FW,MF",769.0,FW-0,Low involvement centre forwards
Nacer Chadli,Monaco,Ligue 1,2019,MF,"MF,DF",691.0,MF-1,Advanced attacking midfielders
Pelé,Monaco,Ligue 1,2019,MF,MF,469.0,MF-0,Deep ball winning midfielders
Radamel Falcao,Monaco,Ligue 1,2019,FW,FW,2557.0,FW-0,Low involvement centre forwards
Rony Lopes,Monaco,Ligue 1,2019,MF,"MF,FW",1849.0,MF-1,Advanced attacking midfielders
Samuel Grandsir,Monaco,Ligue 1,2019,MF,MF,469.0,MF-1,Advanced attacking midfielders
Sofiane Diop,Monaco,Ligue 1,2019,MF,MF,741.0,MF-1,Advanced attacking midfielders
Youri Tielemans,Monaco,Ligue 1,2019,MF,MF,1680.0,MF-0,Deep ball winning midfielders
Youssef Aït Bennasser,Monaco,Ligue 1,2019,MF,MF,1073.0,MF-0,Deep ball winning midfielders
Ambroise Oyongo,Montpellier,Ligue 1,2019,DF,DF,2136.0,DF-1,Wide attacking defenders
Andy Delort,Montpellier,Ligue 1,2019,FW,FW,3115.0,FW-1,Creating and carrying forwards
Damien Le Tallec,Montpellier,Ligue 1,2019,MF,MF,2805.0,MF-0,Deep ball winning midfielders
Daniel Congré,Montpellier,Ligue 1,2019,DF,DF,3292.0,DF-0,Deep central defenders
Ellyes Skhiri,Montpellier,Ligue 1,2019,MF,MF,3090.0,MF-0,Deep ball winning midfielders
Florent Mollet,Montpellier,Ligue 1,2019,MF,MF,2564.0,MF-1,Advanced attacking midfielders
Gaëtan Laborde,Montpellier,Ligue 1,2019,FW,"FW,MF",2895.0,FW-0,Low involvement centre forwards
Junior Sambia,Montpellier,Ligue 1,2019,MF,"MF,FW",926.0,MF-1,Advanced attacking midfielders
Mathías Suárez,Montpellier,Ligue 1,2019,DF,DF,550.0,DF-1,Wide attacking defenders
Nicolas Cozza,Montpellier,Ligue 1,2019,DF,DF,984.0,DF-0,Deep central defenders
Paul Lasne,Montpellier,Ligue 1,2019,MF,"MF,DF",1789.0,MF-0,Deep ball winning midfielders
Pedro Mendes,Montpellier,Ligue 1,2019,DF,DF,2667.0,DF-0,Deep central defenders
Petar Škuletić,Montpellier,Ligue 1,2019,FW,FW,603.0,FW-0,Low involvement centre forwards
Ruben Aguilar,Montpellier,Ligue 1,2019,DF,DF,2528.0,DF-1,Wide attacking defenders
Vitorino Hilton,Montpellier,Ligue 1,2019,DF,DF,3232.0,DF-0,Deep central defenders
Abdoulaye Touré,Nantes,Ligue 1,2019,MF,MF,2749.0,MF-0,Deep ball winning midfielders
Abdul Majeed Waris,Nantes,Ligue 1,2019,FW,"FW,MF",2246.0,FW-0,Low involvement centre forwards
Andrei Girotto,Nantes,Ligue 1,2019,MF,MF,1475.0,MF-0,Deep ball winning midfielders
Anthony Limbombe,Nantes,Ligue 1,2019,FW,"FW,MF",1237.0,FW-1,Creating and carrying forwards
Charles Traore,Nantes,Ligue 1,2019,DF,"DF,FW",1163.0,DF-1,Wide attacking defenders
Diego Carlos,Nantes,Ligue 1,2019,DF,DF,3148.0,DF-0,Deep central defenders
Edgar Ié,Nantes,Ligue 1,2019,DF,DF,776.0,DF-0,Deep central defenders
Emiliano Sala,Nantes,Ligue 1,2019,FW,FW,1369.0,FW-0,Low involvement centre forwards
Enock Kwateng,Nantes,Ligue 1,2019,DF,DF,2040.0,DF-1,Wide attacking defenders
Fábio,Nantes,Ligue 1,2019,DF,"DF,FW",1276.0,DF-1,Wide attacking defenders
Gabriel Boschilia,Nantes,Ligue 1,2019,MF,"MF,FW",1319.0,MF-1,Advanced attacking midfielders
Kalifa Coulibaly,Nantes,Ligue 1,2019,FW,FW,1751.0,FW-0,Low involvement centre forwards
Kara Mbodji,Nantes,Ligue 1,2019,DF,DF,506.0,DF-0,Deep central defenders
Lucas Evangelista,Nantes,Ligue 1,2019,MF,"MF,FW",720.0,MF-1,Advanced attacking midfielders
Lucas Lima,Nantes,Ligue 1,2019,DF,"DF,FW",2496.0,DF-1,Wide attacking defenders
Matt Miazga,Nantes,Ligue 1,2019,DF,DF,720.0,DF-0,Deep central defenders
Nicolas Pallois,Nantes,Ligue 1,2019,DF,DF,2160.0,DF-0,Deep central defenders
Rene Krhin,Nantes,Ligue 1,2019,MF,MF,1057.0,MF-0,Deep ball winning midfielders
Samuel Moutoussamy,Nantes,Ligue 1,2019,MF,"MF,FW",1648.0,MF-1,Advanced attacking midfielders
Valentin Rongier,Nantes,Ligue 1,2019,MF,MF,3226.0,MF-1,Advanced attacking midfielders
Adrien Tameze,Nice,Ligue 1,2019,MF,MF,2942.0,MF-0,Deep ball winning midfielders
Allan Saint-Maximin,Nice,Ligue 1,2019,FW,FW,2900.0,FW-1,Creating and carrying forwards
Bassem Srarfi,Nice,Ligue 1,2019,FW,"FW,MF",817.0,FW-1,Creating and carrying forwards
Christophe Hérelle,Nice,Ligue 1,2019,DF,DF,2937.0,DF-0,Deep central defenders
Christophe Jallet,Nice,Ligue 1,2019,DF,DF,885.0,DF-1,Wide attacking defenders
Danilo Barbosa,Nice,Ligue 1,2019,MF,MF,1548.0,MF-0,Deep ball winning midfielders
Dante,Nice,Ligue 1,2019,DF,DF,3226.0,DF-0,Deep central defenders
Ignatius Ganago,Nice,Ligue 1,2019,FW,FW,1036.0,FW-0,Low involvement centre forwards
Jean-Victor Makengo,Nice,Ligue 1,2019,MF,"MF,FW",1029.0,MF-1,Advanced attacking midfielders
Malang Sarr,Nice,Ligue 1,2019,DF,DF,2994.0,DF-0,Deep central defenders
Mario Balotelli,Nice,Ligue 1,2019,FW,FW,752.0,FW-0,Low involvement centre forwards
Myziane Maolida,Nice,Ligue 1,2019,FW,FW,952.0,FW-1,Creating and carrying forwards
Olivier Boscagli,Nice,Ligue 1,2019,DF,DF,863.0,DF-1,Wide attacking defenders
Patrick Burner,Nice,Ligue 1,2019,DF,DF,1352.0,DF-1,Wide attacking defenders
Pierre Lees-Melou,Nice,Ligue 1,2019,MF,MF,2394.0,MF-0,Deep ball winning midfielders
Racine Coly,Nice,Ligue 1,2019,DF,"DF,MF",503.0,DF-1,Wide attacking defenders
Rémi Walter,Nice,Ligue 1,2019,MF,MF,833.0,MF-0,Deep ball winning midfielders
Wylan Cyprien,Nice,Ligue 1,2019,MF,MF,2360.0,MF-0,Deep ball winning midfielders
Youcef Atal,Nice,Ligue 1,2019,DF,"DF,FW",2263.0,DF-1,Wide attacking defenders
Anthony Briançon,Nîmes,Ligue 1,2019,DF,DF,2924.0,DF-0,Deep central defenders
Antonin Bobichon,Nîmes,Ligue 1,2019,MF,MF,2153.0,MF-0,Deep ball winning midfielders
Baptiste Guillaume,Nîmes,Ligue 1,2019,FW,FW,1183.0,FW-0,Low involvement centre forwards
Denis Bouanga,Nîmes,Ligue 1,2019,MF,"MF,FW",2633.0,MF-1,Advanced attacking midfielders
Faitout Maouassa,Nîmes,Ligue 1,2019,DF,DF,2137.0,DF-1,Wide attacking defenders
Florian Miguel,Nîmes,Ligue 1,2019,DF,DF,1117.0,DF-0,Deep central defenders
Gaëtan Paquiez,Nîmes,Ligue 1,2019,DF,DF,1329.0,DF-1,Wide attacking defenders
Hervé Lybohy,Nîmes,Ligue 1,2019,DF,DF,1480.0,DF-0,Deep central defenders
Jordan Ferri,Nîmes,Ligue 1,2019,MF,MF,1874.0,MF-0,Deep ball winning midfielders
Loïck Landre,Nîmes,Ligue 1,2019,DF,DF,1591.0,DF-0,Deep central defenders
Mustapha Diallo,Nîmes,Ligue 1,2019,MF,MF,455.0,MF-0,Deep ball winning midfielders
Rachid Alioui,Nîmes,Ligue 1,2019,FW,FW,1252.0,FW-0,Low involvement centre forwards
Renaud Ripart,Nîmes,Ligue 1,2019,FW,"FW,DF",3006.0,FW-0,Low involvement centre forwards
Sada Thioub,Nîmes,Ligue 1,2019,MF,"MF,FW",2476.0,MF-1,Advanced attacking midfielders
Sofiane Alakouch,Nîmes,Ligue 1,2019,DF,DF,1895.0,DF-1,Wide attacking defenders
Theo Valls,Nîmes,Ligue 1,2019,MF,MF,1770.0,MF-0,Deep ball winning midfielders
Téji Savanier,Nîmes,Ligue 1,2019,MF,MF,2864.0,MF-0,Deep ball winning midfielders
Umut Bozok,Nîmes,Ligue 1,2019,FW,FW,1235.0,FW-0,Low involvement centre forwards
Adrien Rabiot,Paris S-G,Ligue 1,2019,MF,MF,1063.0,MF-0,Deep ball winning midfielders
Christopher Nkunku,Paris S-G,Ligue 1,2019,MF,"MF,FW",1156.0,MF-1,Advanced attacking midfielders
Colin Dagba,Paris S-G,Ligue 1,2019,DF,"DF,MF",918.0,DF-1,Wide attacking defenders
Dani Alves,Paris S-G,Ligue 1,2019,MF,"MF,DF",1622.0,MF-1,Advanced attacking midfielders
Edinson Cavani,Paris S-G,Ligue 1,2019,FW,FW,1671.0,FW-0,Low involvement centre forwards
Eric Maxim Choupo-Moting,Paris S-G,Ligue 1,2019,FW,FW,802.0,FW-0,Low involvement centre forwards
Juan Bernat,Paris S-G,Ligue 1,2019,DF,"DF,MF",1836.0,DF-1,Wide attacking defenders
Julian Draxler,Paris S-G,Ligue 1,2019,MF,MF,2046.0,MF-1,Advanced attacking midfielders
Kylian Mbappé,Paris S-G,Ligue 1,2019,FW,"FW,MF",2343.0,FW-1,Creating and carrying forwards
Layvin Kurzawa,Paris S-G,Ligue 1,2019,DF,"DF,MF",1010.0,DF-1,Wide attacking defenders
Leandro Paredes,Paris S-G,Ligue 1,2019,MF,MF,1249.0,MF-0,Deep ball winning midfielders
Marco Verratti,Paris S-G,Ligue 1,2019,MF,MF,1879.0,MF-0,Deep ball winning midfielders
Marquinhos,Paris S-G,Ligue 1,2019,DF,"DF,MF",2693.0,DF-0,Deep central defenders
Moussa Diaby,Paris S-G,Ligue 1,2019,MF,"MF,DF",1141.0,MF-1,Advanced attacking midfielders
Neymar,Paris S-G,Ligue 1,2019,MF,"MF,FW",1439.0,MF-1,Advanced attacking midfielders
Presnel Kimpembe,Paris S-G,Ligue 1,2019,DF,DF,2005.0,DF-0,Deep central defenders
Stanley N'Soki,Paris S-G,Ligue 1,2019,DF,DF,698.0,DF-1,Wide attacking defenders
Thiago Silva,Paris S-G,Ligue 1,2019,DF,DF,2077.0,DF-0,Deep central defenders
Thilo Kehrer,Paris S-G,Ligue 1,2019,DF,DF,1902.0,DF-0,Deep central defenders
Thomas Meunier,Paris S-G,Ligue 1,2019,DF,DF,1610.0,DF-1,Wide attacking defenders
Ángel Di María,Paris S-G,Ligue 1,2019,MF,"MF,FW",2324.0,MF-1,Advanced attacking midfielders
Alaixys Romao,Reims,Ligue 1,2019,MF,MF,3160.0,MF-0,Deep ball winning midfielders
Arber Zeneli,Reims,Ligue 1,2019,MF,MF,810.0,MF-1,Advanced attacking midfielders
Baba Rahman,Reims,Ligue 1,2019,DF,DF,964.0,DF-1,Wide attacking defenders
Björn Engels,Reims,Ligue 1,2019,DF,DF,2970.0,DF-0,Deep central defenders
Boulaye Dia,Reims,Ligue 1,2019,FW,"FW,MF",747.0,FW-0,Low involvement centre forwards
Ghislain Konan,Reims,Ligue 1,2019,DF,DF,1800.0,DF-1,Wide attacking defenders
Hassane Kamara,Reims,Ligue 1,2019,DF,"DF,MF",926.0,DF-1,Wide attacking defenders
Marvin Martin,Reims,Ligue 1,2019,MF,MF,623.0,MF-1,Advanced attacking midfielders
Mathieu Cafaro,Reims,Ligue 1,2019,MF,MF,2095.0,MF-1,Advanced attacking midfielders
Moussa Doumbia,Reims,Ligue 1,2019,MF,"MF,FW",1600.0,MF-1,Advanced attacking midfielders
Pablo Chavarría,Reims,Ligue 1,2019,FW,FW,1973.0,FW-0,Low involvement centre forwards
Remi Oudin,Reims,Ligue 1,2019,MF,"MF,FW",2612.0,MF-1,Advanced attacking midfielders
Sheyi Ojo,Reims,Ligue 1,2019,MF,"MF,FW",468.0,MF-1,Advanced attacking midfielders
Suk Hyun-jun,Reims,Ligue 1,2019,FW,FW,793.0,FW-0,Low involvement centre forwards
Thomas Foket,Reims,Ligue 1,2019,DF,DF,2880.0,DF-1,Wide attacking defenders
Tristan Dingomé,Reims,Ligue 1,2019,MF,MF,1344.0,MF-1,Advanced attacking midfielders
Xavier Chavalerin,Reims,Ligue 1,2019,MF,MF,3240.0,MF-0,Deep ball winning midfielders
Yunis Abdelhamid,Reims,Ligue 1,2019,DF,DF,3420.0,DF-0,Deep central defenders
Adrien Hunou,Rennes,Ligue 1,2019,FW,"FW,MF",1240.0,FW-0,Low involvement centre forwards
Benjamin André,Rennes,Ligue 1,2019,MF,MF,2495.0,MF-0,Deep ball winning midfielders
Benjamin Bourigeaud,Rennes,Ligue 1,2019,MF,MF,2425.0,MF-1,Advanced attacking midfielders
Clément Grenier,Rennes,Ligue 1,2019,MF,MF,2668.0,MF-0,Deep ball winning midfielders
Damien Da Silva,Rennes,Ligue 1,2019,DF,DF,2874.0,DF-0,Deep central defenders
Gerzino Nyamsi,Rennes,Ligue 1,2019,DF,DF,539.0,DF-0,Deep central defenders
Hamari Traoré,Rennes,Ligue 1,2019,DF,DF,2972.0,DF-1,Wide attacking defenders
Hatem Ben Arfa,Rennes,Ligue 1,2019,FW,"FW,MF",2033.0,FW-1,Creating and carrying forwards
Ismaila Sarr,Rennes,Ligue 1,2019,MF,"MF,FW",2788.0,MF-1,Advanced attacking midfielders
Jakob Johansson,Rennes,Ligue 1,2019,MF,MF,712.0,MF-0,Deep ball winning midfielders
James Lea Siliki,Rennes,Ligue 1,2019,MF,MF,1220.0,MF-1,Advanced attacking midfielders
Jordan Pefok,Rennes,Ligue 1,2019,FW,FW,608.0,FW-0,Low involvement centre forwards
Jérémy Gélin,Rennes,Ligue 1,2019,DF,"DF,MF",1278.0,DF-0,Deep central defenders
M'Baye Niang,Rennes,Ligue 1,2019,FW,"FW,MF",1793.0,FW-0,Low involvement centre forwards
Mehdi Zeffane,Rennes,Ligue 1,2019,DF,"DF,MF",1214.0,DF-1,Wide attacking defenders
Mexer,Rennes,Ligue 1,2019,DF,DF,2469.0,DF-0,Deep central defenders
Ramy Bensebaini,Rennes,Ligue 1,2019,DF,DF,2152.0,DF-1,Wide attacking defenders
Romain Del Castillo,Rennes,Ligue 1,2019,MF,MF,1343.0,MF-1,Advanced attacking midfielders
Souleyman Doumbia,Rennes,Ligue 1,2019,DF,DF,605.0,DF-0,Deep central defenders
Arnaud Nordin,Saint-Étienne,Ligue 1,2019,MF,"MF,DF",1050.0,MF-1,Advanced attacking midfielders
Gabriel Silva,Saint-Étienne,Ligue 1,2019,DF,DF,1429.0,DF-1,Wide attacking defenders
Kévin Monnet-Paquet,Saint-Étienne,Ligue 1,2019,MF,"MF,DF",1482.0,MF-0,Deep ball winning midfielders
Lois Diony,Saint-Étienne,Ligue 1,2019,FW,"FW,MF",1591.0,FW-0,Low involvement centre forwards
Loïc Perrin,Saint-Étienne,Ligue 1,2019,DF,DF,2700.0,DF-0,Deep central defenders
Mathieu Debuchy,Saint-Étienne,Ligue 1,2019,DF,DF,1941.0,DF-1,Wide attacking defenders
Neven Subotić,Saint-Étienne,Ligue 1,2019,DF,DF,2149.0,DF-0,Deep central defenders
Ole Selnæs,Saint-Étienne,Ligue 1,2019,MF,MF,1669.0,MF-0,Deep ball winning midfielders
Pierre-Yves Polomat,Saint-Étienne,Ligue 1,2019,DF,DF,950.0,DF-1,Wide attacking defenders
Robert Berić,Saint-Étienne,Ligue 1,2019,FW,FW,1175.0,FW-0,Low involvement centre forwards
Romain Hamouma,Saint-Étienne,Ligue 1,2019,MF,"MF,FW",1586.0,MF-1,Advanced attacking midfielders
Rémy Cabella,Saint-Étienne,Ligue 1,2019,MF,MF,2997.0,MF-1,Advanced attacking midfielders
Timothée Kolodziejczak,Saint-Étienne,Ligue 1,2019,DF,DF,3184.0,DF-0,Deep central defenders
Wahbi Khazri,Saint-Étienne,Ligue 1,2019,FW,"FW,MF",2817.0,FW-1,Creating and carrying forwards
William Saliba,Saint-Étienne,Ligue 1,2019,DF,DF,1277.0,DF-0,Deep central defenders
Yann M'Vila,Saint-Étienne,Ligue 1,2019,MF,MF,3258.0,MF-0,Deep ball winning midfielders
Yannis Salibur,Saint-Étienne,Ligue 1,2019,MF,MF,885.0,MF-1,Advanced attacking midfielders
Youssef Aït Bennasser,Saint-Étienne,Ligue 1,2019,MF,MF,936.0,MF-0,Deep ball winning midfielders
Adrien Thomasson,Strasbourg,Ligue 1,2019,MF,"MF,FW",2479.0,MF-1,Advanced attacking midfielders
Anthony Caci,Strasbourg,Ligue 1,2019,DF,DF,2298.0,DF-0,Deep central defenders
Anthony Gonçalves,Strasbourg,Ligue 1,2019,MF,"MF,DF",1058.0,MF-1,Advanced attacking midfielders
Benjamin Corgnet,Strasbourg,Ligue 1,2019,MF,"MF,FW",671.0,MF-1,Advanced attacking midfielders
Dimitri Liénard,Strasbourg,Ligue 1,2019,MF,"MF,DF",1291.0,MF-0,Deep ball winning midfielders
Ibrahima Sissoko,Strasbourg,Ligue 1,2019,MF,MF,2665.0,MF-0,Deep ball winning midfielders
Jonas Martin,Strasbourg,Ligue 1,2019,MF,MF,2059.0,MF-0,Deep ball winning midfielders
Kenny Lala,Strasbourg,Ligue 1,2019,DF,"DF,FW",3060.0,DF-1,Wide attacking defenders
Kévin Zohi,Strasbourg,Ligue 1,2019,MF,"MF,FW",627.0,MF-1,Advanced attacking midfielders
Lamine Koné,Strasbourg,Ligue 1,2019,DF,DF,2152.0,DF-0,Deep central defenders
Lebo Mothiba,Strasbourg,Ligue 1,2019,FW,FW,1771.0,FW-0,Low involvement centre forwards
Lionel Carole,Strasbourg,Ligue 1,2019,DF,"DF,FW",1727.0,DF-1,Wide attacking defenders
Ludovic Ajorque,Strasbourg,Ligue 1,2019,FW,FW,1531.0,FW-0,Low involvement centre forwards
Nuno da Costa,Strasbourg,Ligue 1,2019,FW,"FW,MF",2052.0,FW-0,Low involvement centre forwards
Pablo Martinez,Strasbourg,Ligue 1,2019,DF,DF,2815.0,DF-0,Deep central defenders
Sanjin Prcić,Strasbourg,Ligue 1,2019,MF,MF,1053.0,MF-0,Deep ball winning midfielders
Stefan Mitrović,Strasbourg,Ligue 1,2019,DF,DF,3026.0,DF-0,Deep central defenders
Youssouf Fofana,Strasbourg,Ligue 1,2019,MF,MF,912.0,MF-0,Deep ball winning midfielders
Aaron Leya Iseka,Toulouse,Ligue 1,2019,FW,FW,1444.0,FW-0,Low involvement centre forwards
Bafodé Diakité,Toulouse,Ligue 1,2019,DF,DF,633.0,DF-0,Deep central defenders
Christopher Jullien,Toulouse,Ligue 1,2019,DF,DF,3015.0,DF-0,Deep central defenders
Corentin Jean,Toulouse,Ligue 1,2019,MF,"MF,FW",629.0,MF-1,Advanced attacking midfielders
François Moubandje,Toulouse,Ligue 1,2019,DF,DF,1935.0,DF-1,Wide attacking defenders
Gen Shoji,Toulouse,Ligue 1,2019,DF,DF,1620.0,DF-0,Deep central defenders
Ibrahim Sangaré,Toulouse,Ligue 1,2019,MF,MF,2467.0,MF-0,Deep ball winning midfielders
Issiaga Sylla,Toulouse,Ligue 1,2019,DF,"DF,MF",1994.0,DF-1,Wide attacking defenders
Jean-Clair Todibo,Toulouse,Ligue 1,2019,DF,DF,834.0,DF-0,Deep central defenders
Jimmy Durmaz,Toulouse,Ligue 1,2019,MF,"MF,FW",1899.0,MF-1,Advanced attacking midfielders
John Bostock,Toulouse,Ligue 1,2019,MF,MF,984.0,MF-0,Deep ball winning midfielders
Kalidou Sidibé,Toulouse,Ligue 1,2019,MF,MF,1259.0,MF-0,Deep ball winning midfielders
Kelvin Amian,Toulouse,Ligue 1,2019,DF,DF,2880.0,DF-0,Deep central defenders
Manu García,Toulouse,Ligue 1,2019,MF,MF,1843.0,MF-1,Advanced attacking midfielders
Mathieu Dossevi,Toulouse,Ligue 1,2019,MF,"MF,FW",2469.0,MF-1,Advanced attacking midfielders
Max Gradel,Toulouse,Ligue 1,2019,MF,"MF,FW",3240.0,MF-1,Advanced attacking midfielders
Ndombe Mubele,Toulouse,Ligue 1,2019,FW,"FW,MF",465.0,FW-0,Low involvement centre forwards
Steven Moreira,Toulouse,Ligue 1,2019,DF,"DF,MF",863.0,DF-1,Wide attacking defenders
Yannick Cahuzac,Toulouse,Ligue 1,2019,MF,"MF,DF",1431.0,MF-0,Deep ball winning midfielders
Yaya Sanogo,Toulouse,Ligue 1,2019,FW,FW,1243.0,FW-0,Low involvement centre forwards
Aaron Ramsey,Arsenal,Premier League,2019,MF,MF,1331.0,MF-1,Advanced attacking midfielders
Ainsley Maitland-Niles,Arsenal,Premier League,2019,DF,"DF,MF",987.0,DF-1,Wide attacking defenders
Alex Iwobi,Arsenal,Premier League,2019,MF,"MF,FW",1970.0,MF-1,Advanced attacking midfielders
Alexandre Lacazette,Arsenal,Premier League,2019,FW,FW,2502.0,FW-0,Low involvement centre forwards
Granit Xhaka,Arsenal,Premier League,2019,MF,"MF,DF",2498.0,MF-0,Deep ball winning midfielders
Henrikh Mkhitaryan,Arsenal,Premier League,2019,MF,"MF,FW",1641.0,MF-1,Advanced attacking midfielders
Héctor Bellerín,Arsenal,Premier League,2019,DF,DF,1533.0,DF-1,Wide attacking defenders
Laurent Koscielny,Arsenal,Premier League,2019,DF,DF,1331.0,DF-0,Deep central defenders
Lucas Torreira,Arsenal,Premier League,2019,MF,MF,2382.0,MF-0,Deep ball winning midfielders
Mattéo Guendouzi,Arsenal,Premier League,2019,MF,MF,2149.0,MF-0,Deep ball winning midfielders
Mesut Özil,Arsenal,Premier League,2019,MF,MF,1735.0,MF-1,Advanced attacking midfielders
Nacho Monreal,Arsenal,Premier League,2019,DF,DF,1861.0,DF-1,Wide attacking defenders
Pierre-Emerick Aubameyang,Arsenal,Premier League,2019,FW,"FW,MF",2726.0,FW-0,Low involvement centre forwards
Rob Holding,Arsenal,Premier League,2019,DF,DF,807.0,DF-0,Deep central defenders
Sead Kolašinac,Arsenal,Premier League,2019,DF,"DF,MF",1887.0,DF-1,Wide attacking defenders
Shkodran Mustafi,Arsenal,Premier League,2019,DF,DF,2611.0,DF-0,Deep central defenders
Sokratis Papastathopoulos,Arsenal,Premier League,2019,DF,DF,2198.0,DF-0,Deep central defenders
Stephan Lichtsteiner,Arsenal,Premier League,2019,DF,DF,938.0,DF-1,Wide attacking defenders
Adam Smith,Bournemouth,Premier League,2019,DF,"DF,MF",2066.0,DF-1,Wide attacking defenders
Andrew Surman,Bournemouth,Premier League,2019,MF,MF,1439.0,MF-0,Deep ball winning midfielders
Callum Wilson,Bournemouth,Premier League,2019,FW,FW,2528.0,FW-0,Low involvement centre forwards
Charlie Daniels,Bournemouth,Premier League,2019,DF,DF,1585.0,DF-1,Wide attacking defenders
Chris Mepham,Bournemouth,Premier League,2019,DF,DF,850.0,DF-0,Deep central defenders
Dan Gosling,Bournemouth,Premier League,2019,MF,MF,1739.0,MF-0,Deep ball winning midfielders
David Brooks,Bournemouth,Premier League,2019,MF,"MF,FW",2261.0,MF-1,Advanced attacking midfielders
Diego Rico,Bournemouth,Premier League,2019,DF,"DF,MF",612.0,DF-1,Wide attacking defenders
Jefferson Lerma,Bournemouth,Premier League,2019,MF,MF,2506.0,MF-0,Deep ball winning midfielders
Jordon Ibe,Bournemouth,Premier League,2019,MF,"MF,DF",797.0,MF-1,Advanced attacking midfielders
Joshua King,Bournemouth,Premier League,2019,FW,"FW,MF",2961.0,FW-0,Low involvement centre forwards
Junior Stanislas,Bournemouth,Premier League,2019,MF,"MF,FW",1031.0,MF-1,Advanced attacking midfielders
Lewis Cook,Bournemouth,Premier League,2019,MF,MF,723.0,MF-0,Deep ball winning midfielders
Nathan Aké,Bournemouth,Premier League,2019,DF,DF,3411.0,DF-0,Deep central defenders
Nathaniel Clyne,Bournemouth,Premier League,2019,DF,DF,1143.0,DF-1,Wide attacking defenders
Ryan Fraser,Bournemouth,Premier League,2019,MF,"MF,FW",3166.0,MF-1,Advanced attacking midfielders
Simon Francis,Bournemouth,Premier League,2019,DF,DF,1229.0,DF-1,Wide attacking defenders
Steve Cook,Bournemouth,Premier League,2019,DF,DF,2786.0,DF-0,Deep central defenders
Alireza Jahanbakhsh,Brighton,Premier League,2019,MF,"MF,FW",1020.0,MF-1,Advanced attacking midfielders
Anthony Knockaert,Brighton,Premier League,2019,MF,"MF,FW",1837.0,MF-1,Advanced attacking midfielders
Beram Kayal,Brighton,Premier League,2019,MF,MF,940.0,MF-0,Deep ball winning midfielders
Bernardo,Brighton,Premier League,2019,DF,DF,1752.0,DF-1,Wide attacking defenders
Bruno,Brighton,Premier League,2019,DF,DF,1131.0,DF-0,Deep central defenders
Dale Stephens,Brighton,Premier League,2019,MF,MF,2485.0,MF-0,Deep ball winning midfielders
Davy Pröpper,Brighton,Premier League,2019,MF,MF,2546.0,MF-0,Deep ball winning midfielders
Florin Andone,Brighton,Premier League,2019,FW,FW,881.0,FW-0,Low involvement centre forwards
Gaëtan Bong,Brighton,Premier League,2019,DF,DF,1808.0,DF-1,Wide attacking defenders
Glenn Murray,Brighton,Premier League,2019,FW,FW,2508.0,FW-0,Low involvement centre forwards
José Izquierdo,Brighton,Premier League,2019,MF,"MF,FW",795.0,MF-1,Advanced attacking midfielders
Jürgen Locadia,Brighton,Premier League,2019,FW,"FW,MF",1236.0,FW-0,Low involvement centre forwards
Leon Balogun,Brighton,Premier League,2019,DF,DF,594.0,DF-0,Deep central defenders
Lewis Dunk,Brighton,Premier League,2019,DF,DF,3151.0,DF-0,Deep central defenders
Martín Montoya,Brighton,Premier League,2019,DF,DF,2167.0,DF-1,Wide attacking defenders
Pascal Groß,Brighton,Premier League,2019,MF,"MF,FW",1864.0,MF-1,Advanced attacking midfielders
Shane Duffy,Brighton,Premier League,2019,DF,DF,3087.0,DF-0,Deep central defenders
Solly March,Brighton,Premier League,2019,FW,"FW,MF",2463.0,FW-1,Creating and carrying forwards
Yves Bissouma,Brighton,Premier League,2019,MF,MF,1774.0,MF-0,Deep ball winning midfielders
Aaron Lennon,Burnley,Premier League,2019,MF,MF,1215.0,MF-1,Advanced attacking midfielders
Ashley Barnes,Burnley,Premier League,2019,FW,FW,2388.0,FW-0,Low involvement centre forwards
Ashley Westwood,Burnley,Premier League,2019,MF,MF,2824.0,MF-0,Deep ball winning midfielders
Ben Mee,Burnley,Premier League,2019,DF,DF,3420.0,DF-0,Deep central defenders
Charlie Taylor,Burnley,Premier League,2019,DF,DF,3243.0,DF-1,Wide attacking defenders
Chris Wood,Burnley,Premier League,2019,FW,FW,2588.0,FW-0,Low involvement centre forwards
Dwight McNeil,Burnley,Premier League,2019,MF,MF,1591.0,MF-1,Advanced attacking midfielders
Jack Cork,Burnley,Premier League,2019,MF,MF,3312.0,MF-0,Deep ball winning midfielders
James Tarkowski,Burnley,Premier League,2019,DF,DF,3086.0,DF-0,Deep central defenders
Jeff Hendrick,Burnley,Premier League,2019,MF,"MF,FW",2063.0,MF-0,Deep ball winning midfielders
Jóhann Berg Guðmundsson,Burnley,Premier League,2019,MF,MF,1752.0,MF-1,Advanced attacking midfielders
Kevin Long,Burnley,Premier League,2019,DF,DF,514.0,DF-0,Deep central defenders
Matthew Lowton,Burnley,Premier League,2019,DF,DF,1750.0,DF-1,Wide attacking defenders
Phil Bardsley,Burnley,Premier League,2019,DF,DF,1670.0,DF-1,Wide attacking defenders
Robbie Brady,Burnley,Premier League,2019,MF,MF,720.0,MF-1,Advanced attacking midfielders
Sam Vokes,Burnley,Premier League,2019,FW,FW,915.0,FW-0,Low involvement centre forwards
Aron Gunnarsson,Cardiff City,Premier League,2019,MF,MF,2266.0,MF-0,Deep ball winning midfielders
Bobby Reid,Cardiff City,Premier League,2019,FW,"FW,MF",1424.0,FW-0,Low involvement centre forwards
Bruno Ecuele Manga,Cardiff City,Premier League,2019,DF,DF,3376.0,DF-0,Deep central defenders
Callum Paterson,Cardiff City,Premier League,2019,FW,"FW,MF",1998.0,FW-0,Low involvement centre forwards
Greg Cunningham,Cardiff City,Premier League,2019,DF,DF,630.0,DF-1,Wide attacking defenders
Harry Arter,Cardiff City,Premier League,2019,MF,MF,1997.0,MF-0,Deep ball winning midfielders
Joe Bennett,Cardiff City,Premier League,2019,DF,DF,2639.0,DF-0,Deep central defenders
Joe Ralls,Cardiff City,Premier League,2019,MF,MF,1959.0,MF-0,Deep ball winning midfielders
Josh Murphy,Cardiff City,Premier League,2019,MF,"MF,FW",1817.0,MF-1,Advanced attacking midfielders
Junior Hoilett,Cardiff City,Premier League,2019,MF,MF,2141.0,MF-1,Advanced attacking midfielders
Kenneth Zohore,Cardiff City,Premier League,2019,FW,FW,753.0,FW-0,Low involvement centre forwards
Leandro Bacuna,Cardiff City,Premier League,2019,MF,MF,561.0,MF-0,Deep ball winning midfielders
Lee Peltier,Cardiff City,Premier League,2019,DF,DF,1544.0,DF-0,Deep central defenders
Nathaniel Mendez-Laing,Cardiff City,Premier League,2019,MF,MF,985.0,MF-1,Advanced attacking midfielders
Oumar Niasse,Cardiff City,Premier League,2019,FW,FW,931.0,FW-0,Low involvement centre forwards
Sean Morrison,Cardiff City,Premier League,2019,DF,DF,3039.0,DF-0,Deep central defenders
Sol Bamba,Cardiff City,Premier League,2019,DF,DF,2474.0,DF-0,Deep central defenders
Víctor Camarasa,Cardiff City,Premier League,2019,MF,MF,2569.0,MF-1,Advanced attacking midfielders
Andreas Christensen,Chelsea,Premier League,2019,DF,DF,617.0,DF-0,Deep central defenders
Antonio Rüdiger,Chelsea,Premier League,2019,DF,DF,2871.0,DF-0,Deep central defenders
César Azpilicueta,Chelsea,Premier League,2019,DF,DF,3402.0,DF-1,Wide attacking defenders
David Luiz,Chelsea,Premier League,2019,DF,DF,3238.0,DF-0,Deep central defenders
Eden Hazard,Chelsea,Premier League,2019,FW,FW,2923.0,FW-1,Creating and carrying forwards
Emerson Palmieri,Chelsea,Premier League,2019,DF,DF,663.0,DF-1,Wide attacking defenders
Gonzalo Higuaín,Chelsea,Premier League,2019,FW,FW,1085.0,FW-0,Low involvement centre forwards
Jorginho,Chelsea,Premier League,2019,MF,MF,3156.0,MF-0,Deep ball winning midfielders
Marcos Alonso,Chelsea,Premier League,2019,DF,DF,2759.0,DF-1,Wide attacking defenders
Mateo Kovačić,Chelsea,Premier League,2019,MF,MF,1735.0,MF-0,Deep ball winning midfielders
N'Golo Kanté,Chelsea,Premier League,2019,MF,MF,3092.0,MF-0,Deep ball winning midfielders
Olivier Giroud,Chelsea,Premier League,2019,FW,FW,847.0,FW-0,Low involvement centre forwards
Pedro,Chelsea,Premier League,2019,FW,FW,1778.0,FW-1,Creating and carrying forwards
Ross Barkley,Chelsea,Premier League,2019,MF,MF,1245.0,MF-1,Advanced attacking midfielders
Ruben Loftus-Cheek,Chelsea,Premier League,2019,MF,"MF,FW",998.0,MF-1,Advanced attacking midfielders
Willian,Chelsea,Premier League,2019,FW,FW,2097.0,FW-1,Creating and carrying forwards
Álvaro Morata,Chelsea,Premier League,2019,FW,FW,941.0,FW-0,Low involvement centre forwards
Aaron Wan-Bissaka,Crystal Palace,Premier League,2019,DF,DF,3134.0,DF-1,Wide attacking defenders
Andros Townsend,Crystal Palace,Premier League,2019,FW,"FW,MF",3009.0,FW-1,Creating and carrying forwards
Cheikhou Kouyaté,Crystal Palace,Premier League,2019,MF,MF,1899.0,MF-0,Deep ball winning midfielders
Christian Benteke,Crystal Palace,Premier League,2019,FW,FW,814.0,FW-0,Low involvement centre forwards
James McArthur,Crystal Palace,Premier League,2019,MF,MF,3058.0,MF-0,Deep ball winning midfielders
James Tomkins,Crystal Palace,Premier League,2019,DF,DF,2560.0,DF-0,Deep central defenders
Jeffrey Schlupp,Crystal Palace,Premier League,2019,MF,"MF,FW",1670.0,MF-1,Advanced attacking midfielders
Joel Ward,Crystal Palace,Premier League,2019,DF,DF,552.0,DF-1,Wide attacking defenders
Jordan Ayew,Crystal Palace,Premier League,2019,FW,FW,1181.0,FW-0,Low involvement centre forwards
Luka Milivojević,Crystal Palace,Premier League,2019,MF,MF,3420.0,MF-0,Deep ball winning midfielders
Mamadou Sakho,Crystal Palace,Premier League,2019,DF,DF,2416.0,DF-0,Deep central defenders
Martin Kelly,Crystal Palace,Premier League,2019,DF,DF,1111.0,DF-0,Deep central defenders
Max Meyer,Crystal Palace,Premier League,2019,MF,MF,1416.0,MF-1,Advanced attacking midfielders
Michy Batshuayi,Crystal Palace,Premier League,2019,FW,FW,750.0,FW-0,Low involvement centre forwards
Patrick van Aanholt,Crystal Palace,Premier League,2019,DF,DF,3195.0,DF-1,Wide attacking defenders
Scott Dann,Crystal Palace,Premier League,2019,DF,DF,663.0,DF-0,Deep central defenders
Wilfried Zaha,Crystal Palace,Premier League,2019,FW,FW,3036.0,FW-1,Creating and carrying forwards
Ademola Lookman,Everton,Premier League,2019,MF,MF,618.0,MF-1,Advanced attacking midfielders
André Gomes,Everton,Premier League,2019,MF,MF,1980.0,MF-0,Deep ball winning midfielders
Bernard,Everton,Premier League,2019,MF,MF,2116.0,MF-1,Advanced attacking midfielders
Cenk Tosun,Everton,Premier League,2019,FW,FW,1059.0,FW-0,Low involvement centre forwards
Dominic Calvert-Lewin,Everton,Premier League,2019,FW,FW,1784.0,FW-0,Low involvement centre forwards
Gylfi Sigurðsson,Everton,Premier League,2019,MF,MF,3117.0,MF-1,Advanced attacking midfielders
Idrissa Gana Gueye,Everton,Premier League,2019,MF,MF,2822.0,MF-0,Deep ball winning midfielders
Jonjoe Kenny,Everton,Premier League,2019,DF,DF,791.0,DF-1,Wide attacking defenders
Kurt Zouma,Everton,Premier League,2019,DF,DF,2612.0,DF-0,Deep central defenders
Lucas Digne,Everton,Premier League,2019,DF,DF,2965.0,DF-1,Wide attacking defenders
Michael Keane,Everton,Premier League,2019,DF,DF,2969.0,DF-0,Deep central defenders
Morgan Schneiderlin,Everton,Premier League,2019,MF,MF,834.0,MF-0,Deep ball winning midfielders
Richarlison,Everton,Premier League,2019,MF,"MF,FW",2665.0,MF-1,Advanced attacking midfielders
Séamus Coleman,Everton,Premier League,2019,DF,DF,2558.0,DF-1,Wide attacking defenders
Theo Walcott,Everton,Premier League,2019,MF,MF,2119.0,MF-1,Advanced attacking midfielders
Tom Davies,Everton,Premier League,2019,MF,MF,980.0,MF-0,Deep ball winning midfielders
Yerry Mina,Everton,Premier League,2019,DF,DF,892.0,DF-0,Deep central defenders
Aboubakar Kamara,Fulham,Premier League,2019,FW,"FW,MF",693.0,FW-1,Creating and carrying forwards
Aleksandar Mitrović,Fulham,Premier League,2019,FW,FW,3280.0,FW-0,Low involvement centre forwards
Alfie Mawson,Fulham,Premier League,2019,DF,DF,1131.0,DF-0,Deep central defenders
Andre-Frank Zambo Anguissa,Fulham,Premier League,2019,MF,MF,1517.0,MF-0,Deep ball winning midfielders
André Schürrle,Fulham,Premier League,2019,FW,"FW,MF",1641.0,FW-1,Creating and carrying forwards
Calum Chambers,Fulham,Premier League,2019,MF,"MF,DF",2588.0,MF-0,Deep ball winning midfielders
Cyrus Christie,Fulham,Premier League,2019,DF,"DF,MF",1948.0,DF-1,Wide attacking defenders
Denis Odoi,Fulham,Premier League,2019,DF,DF,2594.0,DF-0,Deep central defenders
Floyd Ayité,Fulham,Premier League,2019,MF,"MF,FW",476.0,MF-1,Advanced attacking midfielders
Jean Seri,Fulham,Premier League,2019,MF,MF,2244.0,MF-0,Deep ball winning midfielders
Joe Bryan,Fulham,Premier League,2019,DF,"DF,MF",2345.0,DF-1,Wide attacking defenders
Kevin McDonald,Fulham,Premier League,2019,MF,MF,841.0,MF-0,Deep ball winning midfielders
Luciano Vietto,Fulham,Premier League,2019,FW,"FW,MF",986.0,FW-1,Creating and carrying forwards
Maxime Le Marchand,Fulham,Premier League,2019,DF,DF,2250.0,DF-0,Deep central defenders
Ryan Babel,Fulham,Premier League,2019,FW,"FW,MF",1251.0,FW-1,Creating and carrying forwards
Ryan Sessegnon,Fulham,Premier League,2019,MF,"MF,FW",2300.0,MF-1,Advanced attacking midfielders
Tim Ream,Fulham,Premier League,2019,DF,DF,2047.0,DF-0,Deep central defenders
Timothy Fosu-Mensah,Fulham,Premier League,2019,DF,DF,793.0,DF-1,Wide attacking defenders
Tom Cairney,Fulham,Premier League,2019,MF,MF,2194.0,MF-0,Deep ball winning midfielders
Aaron Mooy,Huddersfield,Premier League,2019,MF,MF,2330.0,MF-1,Advanced attacking midfielders
Adama Diakhaby,Huddersfield,Premier League,2019,FW,"FW,MF",552.0,FW-0,Low involvement centre forwards
Alex Pritchard,Huddersfield,Premier League,2019,MF,"MF,FW",2081.0,MF-1,Advanced attacking midfielders
Chris Löwe,Huddersfield,Premier League,2019,DF,"DF,MF",2057.0,DF-1,Wide attacking defenders
Christopher Schindler,Huddersfield,Premier League,2019,DF,DF,3260.0,DF-0,Deep central defenders
Elias Kachunga,Huddersfield,Premier League,2019,MF,"MF,FW",1182.0,MF-1,Advanced attacking midfielders
Erik Durm,Huddersfield,Premier League,2019,DF,DF,2055.0,DF-1,Wide attacking defenders
Florent Hadergjonaj,Huddersfield,Premier League,2019,DF,"DF,MF",1842.0,DF-1,Wide attacking defenders
Isaac Mbenza,Huddersfield,Premier League,2019,MF,"MF,FW",986.0,MF-1,Advanced attacking midfielders
Jon Gorenc Stanković,Huddersfield,Premier League,2019,MF,"MF,DF",715.0,MF-0,Deep ball winning midfielders
Jonathan Hogg,Huddersfield,Premier League,2019,MF,MF,2367.0,MF-0,Deep ball winning midfielders
Juninho Bacuna,Huddersfield,Premier League,2019,MF,"MF,DF",1412.0,MF-0,Deep ball winning midfielders
Karlan Grant,Huddersfield,Premier League,2019,FW,FW,877.0,FW-0,Low involvement centre forwards
Laurent Depoitre,Huddersfield,Premier League,2019,FW,FW,1068.0,FW-0,Low involvement centre forwards
Mathias Jørgensen,Huddersfield,Premier League,2019,DF,DF,2147.0,DF-0,Deep central defenders
Philip Billing,Huddersfield,Premier League,2019,MF,MF,2188.0,MF-0,Deep ball winning midfielders
Steve Mounié,Huddersfield,Premier League,2019,FW,FW,1778.0,FW-0,Low involvement centre forwards
Terence Kongolo,Huddersfield,Premier League,2019,DF,DF,2716.0,DF-0,Deep central defenders
Tommy Smith,Huddersfield,Premier League,2019,DF,DF,1141.0,DF-0,Deep central defenders
Ben Chilwell,Leicester City,Premier League,2019,DF,DF,3240.0,DF-1,Wide attacking defenders
Daniel Amartey,Leicester City,Premier League,2019,DF,DF,641.0,DF-0,Deep central defenders
Demarai Gray,Leicester City,Premier League,2019,MF,"MF,FW",1985.0,MF-1,Advanced attacking midfielders
Hamza Choudhury,Leicester City,Premier League,2019,MF,MF,595.0,MF-0,Deep ball winning midfielders
Harry Maguire,Leicester City,Premier League,2019,DF,DF,2596.0,DF-0,Deep central defenders
Harvey Barnes,Leicester City,Premier League,2019,MF,"MF,FW",1004.0,MF-1,Advanced attacking midfielders
James Maddison,Leicester City,Premier League,2019,MF,"MF,FW",2831.0,MF-1,Advanced attacking midfielders
Jamie Vardy,Leicester City,Premier League,2019,FW,FW,2726.0,FW-0,Low involvement centre forwards
Jonny Evans,Leicester City,Premier League,2019,DF,DF,1996.0,DF-0,Deep central defenders
Kelechi Iheanacho,Leicester City,Premier League,2019,FW,"FW,MF",941.0,FW-0,Low involvement centre forwards
Marc Albrighton,Leicester City,Premier League,2019,MF,"MF,FW",1625.0,MF-1,Advanced attacking midfielders
Nampalys Mendy,Leicester City,Premier League,2019,MF,MF,2092.0,MF-0,Deep ball winning midfielders
Rachid Ghezzal,Leicester City,Premier League,2019,MF,"MF,FW",743.0,MF-1,Advanced attacking midfielders
Ricardo Pereira,Leicester City,Premier League,2019,DF,"DF,MF",3123.0,DF-1,Wide attacking defenders
Wes Morgan,Leicester City,Premier League,2019,DF,DF,1925.0,DF-0,Deep central defenders
Wilfred Ndidi,Leicester City,Premier League,2019,MF,MF,3296.0,MF-0,Deep ball winning midfielders
Youri Tielemans,Leicester City,Premier League,2019,MF,MF,1086.0,MF-1,Advanced attacking midfielders
Adam Lallana,Liverpool,Premier League,2019,MF,"MF,FW",468.0,MF-1,Advanced attacking midfielders
Andrew Robertson,Liverpool,Premier League,2019,DF,DF,3216.0,DF-1,Wide attacking defenders
Daniel Sturridge,Liverpool,Premier League,2019,FW,"FW,MF",509.0,FW-1,Creating and carrying forwards
Dejan Lovren,Liverpool,Premier League,2019,DF,DF,986.0,DF-0,Deep central defenders
Fabinho,Liverpool,Premier League,2019,MF,MF,2017.0,MF-0,Deep ball winning midfielders
Georginio Wijnaldum,Liverpool,Premier League,2019,MF,MF,2725.0,MF-0,Deep ball winning midfielders
James Milner,Liverpool,Premier League,2019,MF,"MF,DF",1789.0,MF-0,Deep ball winning midfielders
Joe Gomez,Liverpool,Premier League,2019,DF,DF,1063.0,DF-0,Deep central defenders
Jordan Henderson,Liverpool,Premier League,2019,MF,MF,1987.0,MF-0,Deep ball winning midfielders
Joël Matip,Liverpool,Premier League,2019,DF,DF,1537.0,DF-0,Deep central defenders
Mohamed Salah,Liverpool,Premier League,2019,FW,FW,3250.0,FW-1,Creating and carrying forwards
Naby Keïta,Liverpool,Premier League,2019,MF,MF,1390.0,MF-1,Advanced attacking midfielders
Roberto Firmino,Liverpool,Premier League,2019,FW,"FW,MF",2607.0,FW-1,Creating and carrying forwards
Sadio Mané,Liverpool,Premier League,2019,FW,"FW,MF",3077.0,FW-1,Creating and carrying forwards
Trent Alexander-Arnold,Liverpool,Premier League,2019,DF,DF,2462.0,DF-1,Wide attacking defenders
Virgil van Dijk,Liverpool,Premier League,2019,DF,DF,3384.0,DF-0,Deep central defenders
Xherdan Shaqiri,Liverpool,Premier League,2019,MF,"MF,FW",1064.0,MF-1,Advanced attacking midfielders
Aymeric Laporte,Manchester City,Premier League,2019,DF,DF,3057.0,DF-0,Deep central defenders
Benjamin Mendy,Manchester City,Premier League,2019,DF,DF,900.0,DF-1,Wide attacking defenders
Bernardo Silva,Manchester City,Premier League,2019,MF,"MF,FW",2854.0,MF-1,Advanced attacking midfielders
Danilo,Manchester City,Premier League,2019,DF,DF,807.0,DF-1,Wide attacking defenders
David Silva,Manchester City,Premier League,2019,MF,MF,2401.0,MF-1,Advanced attacking midfielders
Fabian Delph,Manchester City,Premier League,2019,DF,DF,725.0,DF-1,Wide attacking defenders
Fernandinho,Manchester City,Premier League,2019,MF,MF,2377.0,MF-0,Deep ball winning midfielders
Gabriel Jesus,Manchester City,Premier League,2019,FW,FW,1036.0,FW-1,Creating and carrying forwards
John Stones,Manchester City,Premier League,2019,DF,DF,1764.0,DF-0,Deep central defenders
Kevin De Bruyne,Manchester City,Premier League,2019,MF,MF,975.0,MF-1,Advanced attacking midfielders
Kyle Walker,Manchester City,Premier League,2019,DF,DF,2779.0,DF-1,Wide attacking defenders
Leroy Sané,Manchester City,Premier League,2019,FW,FW,1867.0,FW-1,Creating and carrying forwards
Nicolás Otamendi,Manchester City,Premier League,2019,DF,DF,1236.0,DF-0,Deep central defenders
Oleksandr Zinchenko,Manchester City,Premier League,2019,DF,DF,1151.0,DF-1,Wide attacking defenders
Raheem Sterling,Manchester City,Premier League,2019,FW,"FW,MF",2771.0,FW-1,Creating and carrying forwards
Riyad Mahrez,Manchester City,Premier League,2019,FW,"FW,MF",1343.0,FW-1,Creating and carrying forwards
Sergio Agüero,Manchester City,Premier League,2019,FW,FW,2459.0,FW-1,Creating and carrying forwards
Vincent Kompany,Manchester City,Premier League,2019,DF,DF,1224.0,DF-0,Deep central defenders
İlkay Gündoğan,Manchester City,Premier League,2019,MF,MF,2137.0,MF-1,Advanced attacking midfielders
Alexis Sánchez,Manchester Utd,Premier League,2019,FW,"FW,MF",880.0,FW-1,Creating and carrying forwards
Ander Herrera,Manchester Utd,Premier League,2019,MF,MF,1403.0,MF-0,Deep ball winning midfielders
Andreas Pereira,Manchester Utd,Premier League,2019,MF,MF,599.0,MF-0,Deep ball winning midfielders
Anthony Martial,Manchester Utd,Premier League,2019,FW,"FW,MF",1621.0,FW-1,Creating and carrying forwards
Antonio Valencia,Manchester Utd,Premier League,2019,DF,DF,466.0,DF-1,Wide attacking defenders
Ashley Young,Manchester Utd,Premier League,2019,DF,DF,2569.0,DF-1,Wide attacking defenders
Chris Smalling,Manchester Utd,Premier League,2019,DF,DF,2127.0,DF-0,Deep central defenders
Diogo Dalot,Manchester Utd,Premier League,2019,DF,DF,1013.0,DF-1,Wide attacking defenders
Eric Bailly,Manchester Utd,Premier League,2019,DF,DF,638.0,DF-0,Deep central defenders
Fred,Manchester Utd,Premier League,2019,MF,MF,1041.0,MF-0,Deep ball winning midfielders
Jesse Lingard,Manchester Utd,Premier League,2019,MF,"MF,FW",1663.0,MF-1,Advanced attacking midfielders
Juan Mata,Manchester Utd,Premier League,2019,MF,"MF,FW",1289.0,MF-1,Advanced attacking midfielders
Luke Shaw,Manchester Utd,Premier League,2019,DF,DF,2591.0,DF-1,Wide attacking defenders
Marcus Rashford,Manchester Utd,Premier League,2019,FW,"FW,MF",2334.0,FW-0,Low involvement centre forwards
Marouane Fellaini,Manchester Utd,Premier League,2019,MF,MF,752.0,MF-0,Deep ball winning midfielders
Nemanja Matić,Manchester Utd,Premier League,2019,MF,MF,2436.0,MF-0,Deep ball winning midfielders
Paul Pogba,Manchester Utd,Premier League,2019,MF,MF,3006.0,MF-1,Advanced attacking midfielders
Phil Jones,Manchester Utd,Premier League,2019,DF,DF,1263.0,DF-0,Deep central defenders
Romelu Lukaku,Manchester Utd,Premier League,2019,FW,FW,2136.0,FW-0,Low involvement centre forwards
Scott McTominay,Manchester Utd,Premier League,2019,MF,"MF,DF",867.0,MF-0,Deep ball winning midfielders
Victor Lindelöf,Manchester Utd,Premier League,2019,DF,DF,2601.0,DF-0,Deep central defenders
Ayoze Pérez,Newcastle Utd,Premier League,2019,MF,"MF,FW",2917.0,MF-1,Advanced attacking midfielders
Christian Atsu,Newcastle Utd,Premier League,2019,MF,MF,1493.0,MF-1,Advanced attacking midfielders
Ciaran Clark,Newcastle Utd,Premier League,2019,DF,DF,858.0,DF-0,Deep central defenders
DeAndre Yedlin,Newcastle Utd,Premier League,2019,DF,DF,2473.0,DF-1,Wide attacking defenders
Fabian Schär,Newcastle Utd,Premier League,2019,DF,DF,1999.0,DF-0,Deep central defenders
Federico Fernández,Newcastle Utd,Premier League,2019,DF,DF,1484.0,DF-0,Deep central defenders
Florian Lejeune,Newcastle Utd,Premier League,2019,DF,DF,1054.0,DF-0,Deep central defenders
Isaac Hayden,Newcastle Utd,Premier League,2019,MF,MF,1859.0,MF-0,Deep ball winning midfielders
Jamaal Lascelles,Newcastle Utd,Premier League,2019,DF,DF,2745.0,DF-0,Deep central defenders
Javier Manquillo,Newcastle Utd,Premier League,2019,DF,DF,1101.0,DF-1,Wide attacking defenders
Jonjo Shelvey,Newcastle Utd,Premier League,2019,MF,MF,948.0,MF-0,Deep ball winning midfielders
Joselu,Newcastle Utd,Premier League,2019,FW,FW,596.0,FW-0,Low involvement centre forwards
Kenedy,Newcastle Utd,Premier League,2019,MF,"MF,DF",1348.0,MF-0,Deep ball winning midfielders
Ki Sung-yueng,Newcastle Utd,Premier League,2019,MF,MF,1302.0,MF-0,Deep ball winning midfielders
Matt Ritchie,Newcastle Utd,Premier League,2019,DF,"DF,MF",2928.0,DF-1,Wide attacking defenders
Miguel Almirón,Newcastle Utd,Premier League,2019,MF,MF,759.0,MF-1,Advanced attacking midfielders
Mohamed Diamé,Newcastle Utd,Premier League,2019,MF,MF,2166.0,MF-0,Deep ball winning midfielders
Paul Dummett,Newcastle Utd,Premier League,2019,DF,DF,1990.0,DF-0,Deep central defenders
Salomón Rondón,Newcastle Utd,Premier League,2019,FW,FW,2603.0,FW-0,Low involvement centre forwards
Sean Longstaff,Newcastle Utd,Premier League,2019,MF,MF,687.0,MF-0,Deep ball winning midfielders
Yoshinori Mutō,Newcastle Utd,Premier League,2019,FW,"FW,MF",524.0,FW-0,Low involvement centre forwards
Charlie Austin,Southampton,Premier League,2019,FW,FW,983.0,FW-0,Low involvement centre forwards
Cédric Soares,Southampton,Premier League,2019,DF,DF,1495.0,DF-1,Wide attacking defenders
Danny Ings,Southampton,Premier League,2019,FW,FW,1651.0,FW-0,Low involvement centre forwards
Jack Stephens,Southampton,Premier League,2019,DF,DF,1700.0,DF-0,Deep central defenders
James Ward-Prowse,Southampton,Premier League,2019,MF,"MF,DF",1945.0,MF-1,Advanced attacking midfielders
Jan Bednarek,Southampton,Premier League,2019,DF,DF,2151.0,DF-0,Deep central defenders
Jannik Vestergaard,Southampton,Premier League,2019,DF,DF,2027.0,DF-0,Deep central defenders
Manolo Gabbiadini,Southampton,Premier League,2019,FW,"FW,MF",476.0,FW-0,Low involvement centre forwards
Mario Lemina,Southampton,Premier League,2019,MF,MF,1613.0,MF-0,Deep ball winning midfielders
Matt Targett,Southampton,Premier League,2019,DF,DF,1186.0,DF-1,Wide attacking defenders
Maya Yoshida,Southampton,Premier League,2019,DF,DF,1518.0,DF-0,Deep central defenders
Mohamed Elyounoussi,Southampton,Premier League,2019,MF,MF,793.0,MF-1,Advanced attacking midfielders
Nathan Redmond,Southampton,Premier League,2019,MF,"MF,FW",3270.0,MF-1,Advanced attacking midfielders
Oriol Romeu,Southampton,Premier League,2019,MF,MF,2136.0,MF-0,Deep ball winning midfielders
Pierre Højbjerg,Southampton,Premier League,2019,MF,MF,2760.0,MF-0,Deep ball winning midfielders
Ryan Bertrand,Southampton,Premier League,2019,DF,DF,2160.0,DF-1,Wide attacking defenders
Shane Long,Southampton,Premier League,2019,FW,"FW,MF",1272.0,FW-0,Low involvement centre forwards
Stuart Armstrong,Southampton,Premier League,2019,MF,MF,1432.0,MF-1,Advanced attacking midfielders
Wesley Hoedt,Southampton,Premier League,2019,DF,DF,1170.0,DF-0,Deep central defenders
Yan Valery,Southampton,Premier League,2019,DF,DF,1712.0,DF-1,Wide attacking defenders
Ben Davies,Tottenham,Premier League,2019,DF,DF,1844.0,DF-1,Wide attacking defenders
Christian Eriksen,Tottenham,Premier League,2019,MF,MF,2774.0,MF-1,Advanced attacking midfielders
Danny Rose,Tottenham,Premier League,2019,DF,"DF,MF",1798.0,DF-1,Wide attacking defenders
Davinson Sánchez,Tottenham,Premier League,2019,DF,DF,1942.0,DF-0,Deep central defenders
Dele Alli,Tottenham,Premier League,2019,MF,MF,1825.0,MF-1,Advanced attacking midfielders
Eric Dier,Tottenham,Premier League,2019,MF,"MF,DF",1506.0,MF-0,Deep ball winning midfielders
Fernando Llorente,Tottenham,Premier League,2019,FW,FW,694.0,FW-0,Low involvement centre forwards
Harry Kane,Tottenham,Premier League,2019,FW,FW,2424.0,FW-0,Low involvement centre forwards
Harry Winks,Tottenham,Premier League,2019,MF,MF,1597.0,MF-0,Deep ball winning midfielders
Jan Vertonghen,Tottenham,Premier League,2019,DF,DF,1911.0,DF-0,Deep central defenders
Juan Foyth,Tottenham,Premier League,2019,DF,DF,888.0,DF-0,Deep central defenders
Kieran Trippier,Tottenham,Premier League,2019,DF,DF,2276.0,DF-1,Wide attacking defenders
Lucas Moura,Tottenham,Premier League,2019,MF,"MF,FW",2121.0,MF-1,Advanced attacking midfielders
Mousa Dembélé,Tottenham,Premier League,2019,MF,MF,515.0,MF-0,Deep ball winning midfielders
Moussa Sissoko,Tottenham,Premier League,2019,MF,MF,2330.0,MF-0,Deep ball winning midfielders
Serge Aurier,Tottenham,Premier League,2019,DF,DF,564.0,DF-1,Wide attacking defenders
Son Heung-min,Tottenham,Premier League,2019,FW,"FW,MF",2039.0,FW-1,Creating and carrying forwards
Toby Alderweireld,Tottenham,Premier League,2019,DF,DF,2922.0,DF-0,Deep central defenders
Victor Wanyama,Tottenham,Premier League,2019,MF,MF,516.0,MF-0,Deep ball winning midfielders
Érik Lamela,Tottenham,Premier League,2019,MF,MF,974.0,MF-1,Advanced attacking midfielders
Abdoulaye Doucouré,Watford,Premier League,2019,MF,MF,3062.0,MF-0,Deep ball winning midfielders
Adam Masina,Watford,Premier League,2019,DF,DF,1004.0,DF-0,Deep central defenders
Adrian Mariappa,Watford,Premier League,2019,DF,DF,1927.0,DF-0,Deep central defenders
Andre Gray,Watford,Premier League,2019,FW,FW,1366.0,FW-0,Low involvement centre forwards
Christian Kabasele,Watford,Premier League,2019,DF,DF,1586.0,DF-0,Deep central defenders
Craig Cathcart,Watford,Premier League,2019,DF,DF,3096.0,DF-0,Deep central defenders
Daryl Janmaat,Watford,Premier League,2019,DF,DF,1520.0,DF-1,Wide attacking defenders
Gerard Deulofeu,Watford,Premier League,2019,FW,"FW,MF",2066.0,FW-1,Creating and carrying forwards
Isaac Success,Watford,Premier League,2019,FW,"FW,MF",1052.0,FW-1,Creating and carrying forwards
José Holebas,Watford,Premier League,2019,DF,DF,2393.0,DF-1,Wide attacking defenders
Ken Sema,Watford,Premier League,2019,MF,MF,754.0,MF-1,Advanced attacking midfielders
Kiko Femenía,Watford,Premier League,2019,DF,DF,2049.0,DF-1,Wide attacking defenders
Roberto Pereyra,Watford,Premier League,2019,MF,MF,2815.0,MF-1,Advanced attacking midfielders
Tom Cleverley,Watford,Premier League,2019,MF,MF,478.0,MF-0,Deep ball winning midfielders
Troy Deeney,Watford,Premier League,2019,FW,FW,2545.0,FW-0,Low involvement centre forwards
Will Hughes,Watford,Premier League,2019,MF,MF,2418.0,MF-0,Deep ball winning midfielders
Étienne Capoue,Watford,Premier League,2019,MF,MF,2944.0,MF-0,Deep ball winning midfielders
Aaron Cresswell,West Ham,Premier League,2019,DF,DF,1589.0,DF-1,Wide attacking defenders
Andriy Yarmolenko,West Ham,Premier League,2019,MF,"MF,FW",459.0,MF-1,Advanced attacking midfielders
Andy Carroll,West Ham,Premier League,2019,FW,FW,461.0,FW-0,Low involvement centre forwards
Angelo Ogbonna,West Ham,Premier League,2019,DF,DF,1874.0,DF-0,Deep central defenders
Arthur Masuaku,West Ham,Premier League,2019,DF,DF,1759.0,DF-1,Wide attacking defenders
Declan Rice,West Ham,Premier League,2019,MF,MF,3003.0,MF-0,Deep ball winning midfielders
Fabián Balbuena,West Ham,Premier League,2019,DF,DF,2013.0,DF-0,Deep central defenders
Felipe Anderson,West Ham,Premier League,2019,MF,MF,3043.0,MF-1,Advanced attacking midfielders
Grady Diangana,West Ham,Premier League,2019,MF,MF,609.0,MF-1,Advanced attacking midfielders
Issa Diop,West Ham,Premier League,2019,DF,DF,2970.0,DF-0,Deep central defenders
Javier Hernández,West Ham,Premier League,2019,FW,FW,1334.0,FW-0,Low involvement centre forwards
Lucas Pérez,West Ham,Premier League,2019,FW,"FW,MF",475.0,FW-0,Low involvement centre forwards
Manuel Lanzini,West Ham,Premier League,2019,MF,MF,686.0,MF-1,Advanced attacking midfielders
Mark Noble,West Ham,Premier League,2019,MF,MF,2291.0,MF-0,Deep ball winning midfielders
Marko Arnautović,West Ham,Premier League,2019,FW,FW,1990.0,FW-0,Low involvement centre forwards
Michail Antonio,West Ham,Premier League,2019,MF,"MF,FW",2103.0,MF-1,Advanced attacking midfielders
Pablo Zabaleta,West Ham,Premier League,2019,DF,DF,2092.0,DF-1,Wide attacking defenders
Pedro Obiang,West Ham,Premier League,2019,MF,MF,1128.0,MF-0,Deep ball winning midfielders
Robert Snodgrass,West Ham,Premier League,2019,MF,MF,2220.0,MF-1,Advanced attacking midfielders
Ryan Fredericks,West Ham,Premier League,2019,DF,DF,1086.0,DF-1,Wide attacking defenders
Adama Traoré,Wolves,Premier League,2019,FW,"FW,MF",902.0,FW-1,Creating and carrying forwards
Conor Coady,Wolves,Premier League,2019,DF,DF,3420.0,DF-0,Deep central defenders
Diogo Jota,Wolves,Premier League,2019,FW,"FW,MF",2355.0,FW-1,Creating and carrying forwards
Hélder Costa,Wolves,Premier League,2019,FW,"FW,MF",1341.0,FW-1,Creating and carrying forwards
Ivan Cavaleiro,Wolves,Premier League,2019,FW,"FW,MF",693.0,FW-1,Creating and carrying forwards
Jonny Castro,Wolves,Premier League,2019,DF,"DF,MF",2771.0,DF-1,Wide attacking defenders
João Moutinho,Wolves,Premier League,2019,MF,MF,3032.0,MF-0,Deep ball winning midfielders
Leander Dendoncker,Wolves,Premier League,2019,MF,MF,1467.0,MF-0,Deep ball winning midfielders
Matt Doherty,Wolves,Premier League,2019,DF,"DF,MF",3144.0,DF-1,Wide attacking defenders
Morgan Gibbs-White,Wolves,Premier League,2019,MF,"MF,FW",663.0,MF-1,Advanced attacking midfielders
Raúl Jiménez,Wolves,Premier League,2019,FW,FW,3111.0,FW-0,Low involvement centre forwards
Romain Saïss,Wolves,Premier League,2019,MF,"MF,DF",1149.0,MF-0,Deep ball winning midfielders
Ryan Bennett,Wolves,Premier League,2019,DF,DF,3060.0,DF-0,Deep central defenders
Rúben Neves,Wolves,Premier League,2019,MF,MF,3007.0,MF-0,Deep ball winning midfielders
Rúben Vinagre,Wolves,Premier League,2019,DF,"DF,MF",710.0,DF-1,Wide attacking defenders
Willy Boly,Wolves,Premier League,2019,DF,DF,3167.0,DF-0,Deep central defenders
Andrea Masiello,Atalanta,Serie A,2019,DF,DF,1836.0,DF-0,Deep central defenders
Berat Djimsiti,Atalanta,Serie A,2019,DF,DF,1807.0,DF-0,Deep central defenders
Duván Zapata,Atalanta,Serie A,2019,FW,FW,2896.0,FW-1,Creating and carrying forwards
Emiliano Rigoni,Atalanta,Serie A,2019,FW,"FW,MF",522.0,FW-1,Creating and carrying forwards
Gianluca Mancini,Atalanta,Serie A,2019,DF,DF,2246.0,DF-0,Deep central defenders
Hans Hateboer,Atalanta,Serie A,2019,DF,DF,2973.0,DF-1,Wide attacking defenders
Josip Iličić,Atalanta,Serie A,2019,FW,"FW,MF",2145.0,FW-1,Creating and carrying forwards
José Luis Palomino,Atalanta,Serie A,2019,DF,DF,2261.0,DF-0,Deep central defenders
Mario Pašalić,Atalanta,Serie A,2019,MF,MF,1618.0,MF-1,Advanced attacking midfielders
Marten de Roon,Atalanta,Serie A,2019,MF,MF,2975.0,MF-0,Deep ball winning midfielders
Musa Barrow,Atalanta,Serie A,2019,FW,"FW,MF",601.0,FW-1,Creating and carrying forwards
Papu Gómez,Atalanta,Serie A,2019,MF,"MF,FW",2899.0,MF-1,Advanced attacking midfielders
Rafael Tolói,Atalanta,Serie A,2019,DF,DF,1746.0,DF-1,Wide attacking defenders
Remo Freuler,Atalanta,Serie A,2019,MF,MF,3022.0,MF-0,Deep ball winning midfielders
Robin Gosens,Atalanta,Serie A,2019,DF,"DF,MF",1942.0,DF-1,Wide attacking defenders
Timothy Castagne,Atalanta,Serie A,2019,DF,DF,2006.0,DF-1,Wide attacking defenders
Andrea Poli,Bologna,Serie A,2019,MF,MF,1932.0,MF-0,Deep ball winning midfielders
Arturo Calabresi,Bologna,Serie A,2019,DF,DF,1412.0,DF-0,Deep central defenders
Blerim Džemaili,Bologna,Serie A,2019,MF,MF,1750.0,MF-1,Advanced attacking midfielders
Danilo Larangeira,Bologna,Serie A,2019,DF,DF,3077.0,DF-0,Deep central defenders
Diego Falcinelli,Bologna,Serie A,2019,FW,FW,703.0,FW-0,Low involvement centre forwards
Erick Pulgar,Bologna,Serie A,2019,MF,MF,2357.0,MF-0,Deep ball winning midfielders
Federico Mattiello,Bologna,Serie A,2019,DF,"DF,FW",1333.0,DF-1,Wide attacking defenders
Federico Santander,Bologna,Serie A,2019,FW,FW,2065.0,FW-0,Low involvement centre forwards
Filip Helander,Bologna,Serie A,2019,DF,DF,1713.0,DF-0,Deep central defenders
Giancarlo González,Bologna,Serie A,2019,DF,DF,746.0,DF-0,Deep central defenders
Ibrahima Mbaye,Bologna,Serie A,2019,DF,DF,2010.0,DF-0,Deep central defenders
Ladislav Krejčí,Bologna,Serie A,2019,DF,"DF,MF",1065.0,DF-1,Wide attacking defenders
Lyanco,Bologna,Serie A,2019,DF,DF,1119.0,DF-0,Deep central defenders
Mattia Destro,Bologna,Serie A,2019,FW,FW,493.0,FW-0,Low involvement centre forwards
Mattias Svanberg,Bologna,Serie A,2019,MF,MF,1176.0,MF-1,Advanced attacking midfielders
Mitchell Dijks,Bologna,Serie A,2019,DF,DF,2023.0,DF-1,Wide attacking defenders
Nicola Sansone,Bologna,Serie A,2019,MF,"MF,FW",1139.0,MF-1,Advanced attacking midfielders
Riccardo Orsolini,Bologna,Serie A,2019,MF,"MF,FW",1964.0,MF-1,Advanced attacking midfielders
Roberto Soriano,Bologna,Serie A,2019,MF,MF,1489.0,MF-1,Advanced attacking midfielders
Rodrigo Palacio,Bologna,Serie A,2019,FW,"FW,MF",2329.0,FW-1,Creating and carrying forwards
Sebastien De Maio,Bologna,Serie A,2019,DF,DF,491.0,DF-0,Deep central defenders
Ádám Nagy,Bologna,Serie A,2019,MF,MF,975.0,MF-0,Deep ball winning midfielders
Alberto Cerri,Cagliari,Serie A,2019,FW,FW,670.0,FW-0,Low involvement centre forwards
Alessandro Deiola,Cagliari,Serie A,2019,MF,MF,450.0,MF-0,Deep ball winning midfielders
Artur Ioniță,Cagliari,Serie A,2019,MF,MF,2968.0,MF-0,Deep ball winning midfielders
Charalambos Lykogiannis,Cagliari,Serie A,2019,DF,DF,830.0,DF-1,Wide attacking defenders
Darijo Srna,Cagliari,Serie A,2019,DF,DF,2087.0,DF-1,Wide attacking defenders
Diego Farias,Cagliari,Serie A,2019,FW,"FW,MF",700.0,FW-0,Low involvement centre forwards
Fabio Pisacane,Cagliari,Serie A,2019,DF,DF,2266.0,DF-0,Deep central defenders
Fabrizio Cacciatore,Cagliari,Serie A,2019,DF,DF,580.0,DF-1,Wide attacking defenders
Filip Bradarić,Cagliari,Serie A,2019,MF,MF,1494.0,MF-0,Deep ball winning midfielders
Filippo Romagna,Cagliari,Serie A,2019,DF,DF,1474.0,DF-0,Deep central defenders
João Pedro,Cagliari,Serie A,2019,FW,"FW,MF",2555.0,FW-0,Low involvement centre forwards
Leonardo Pavoletti,Cagliari,Serie A,2019,FW,FW,2734.0,FW-0,Low involvement centre forwards
Luca Ceppitelli,Cagliari,Serie A,2019,DF,DF,2051.0,DF-0,Deep central defenders
Luca Cigarini,Cagliari,Serie A,2019,MF,MF,1682.0,MF-0,Deep ball winning midfielders
Luca Pellegrini,Cagliari,Serie A,2019,DF,DF,940.0,DF-1,Wide attacking defenders
Lucas Castro,Cagliari,Serie A,2019,MF,MF,896.0,MF-1,Advanced attacking midfielders
Marco Sau,Cagliari,Serie A,2019,FW,"FW,MF",558.0,FW-0,Low involvement centre forwards
Nicolò Barella,Cagliari,Serie A,2019,MF,MF,3107.0,MF-1,Advanced attacking midfielders
Paolo Faragò,Cagliari,Serie A,2019,MF,"MF,DF",1703.0,MF-0,Deep ball winning midfielders
Ragnar Klavan,Cagliari,Serie A,2019,DF,DF,1230.0,DF-0,Deep central defenders
Simone Padoin,Cagliari,Serie A,2019,DF,"DF,MF",1915.0,DF-1,Wide attacking defenders
Assane Dioussé,Chievo,Serie A,2019,MF,MF,892.0,MF-0,Deep ball winning midfielders
Boštjan Cesar,Chievo,Serie A,2019,DF,DF,1079.0,DF-0,Deep central defenders
Emanuel Vignato,Chievo,Serie A,2019,MF,"MF,FW",655.0,MF-1,Advanced attacking midfielders
Emanuele Giaccherini,Chievo,Serie A,2019,MF,"MF,FW",2009.0,MF-1,Advanced attacking midfielders
Fabio Depaoli,Chievo,Serie A,2019,DF,DF,2468.0,DF-1,Wide attacking defenders
Fabrizio Cacciatore,Chievo,Serie A,2019,DF,DF,497.0,DF-1,Wide attacking defenders
Federico Barba,Chievo,Serie A,2019,DF,DF,2483.0,DF-0,Deep central defenders
Filip Đorđević,Chievo,Serie A,2019,FW,FW,634.0,FW-0,Low involvement centre forwards
Ivan Radovanović,Chievo,Serie A,2019,MF,MF,1706.0,MF-0,Deep ball winning midfielders
Joel Obi,Chievo,Serie A,2019,MF,MF,659.0,MF-0,Deep ball winning midfielders
Luca Rossettini,Chievo,Serie A,2019,DF,DF,1823.0,DF-0,Deep central defenders
Marco Andreolli,Chievo,Serie A,2019,DF,DF,646.0,DF-0,Deep central defenders
Mariusz Stępiński,Chievo,Serie A,2019,FW,FW,2476.0,FW-0,Low involvement centre forwards
Mattia Bani,Chievo,Serie A,2019,DF,DF,2610.0,DF-0,Deep central defenders
Mehdi Léris,Chievo,Serie A,2019,MF,"MF,DF",1607.0,MF-0,Deep ball winning midfielders
Nenad Tomović,Chievo,Serie A,2019,DF,DF,739.0,DF-0,Deep central defenders
Nicola Rigoni,Chievo,Serie A,2019,MF,MF,1951.0,MF-0,Deep ball winning midfielders
Paweł Jaroszyński,Chievo,Serie A,2019,DF,DF,1348.0,DF-1,Wide attacking defenders
Përparim Hetemaj,Chievo,Serie A,2019,MF,MF,2156.0,MF-0,Deep ball winning midfielders
Riccardo Meggiorini,Chievo,Serie A,2019,FW,FW,1548.0,FW-0,Low involvement centre forwards
Sergio Pellissier,Chievo,Serie A,2019,FW,FW,953.0,FW-0,Low involvement centre forwards
Sofian Kiyine,Chievo,Serie A,2019,MF,"MF,DF",816.0,MF-1,Advanced attacking midfielders
Valter Birsa,Chievo,Serie A,2019,MF,"MF,FW",1101.0,MF-1,Advanced attacking midfielders
Afriyie Acquah,Empoli,Serie A,2019,MF,MF,1510.0,MF-1,Advanced attacking midfielders
Antonino La Gumina,Empoli,Serie A,2019,FW,"FW,MF",1090.0,FW-0,Low involvement centre forwards
Cristian Dell'Orco,Empoli,Serie A,2019,DF,DF,1035.0,DF-0,Deep central defenders
Diego Farias,Empoli,Serie A,2019,FW,FW,1193.0,FW-1,Creating and carrying forwards
Domenico Maietta,Empoli,Serie A,2019,DF,DF,1714.0,DF-0,Deep central defenders
Francesco Caputo,Empoli,Serie A,2019,FW,FW,3420.0,FW-0,Low involvement centre forwards
Freddie Veseli,Empoli,Serie A,2019,DF,DF,2539.0,DF-0,Deep central defenders
Giovanni Di Lorenzo,Empoli,Serie A,2019,DF,"DF,FW",3330.0,DF-1,Wide attacking defenders
Hamed Junior Traorè,Empoli,Serie A,2019,MF,MF,2259.0,MF-1,Advanced attacking midfielders
Ismaël Bennacer,Empoli,Serie A,2019,MF,MF,2961.0,MF-0,Deep ball winning midfielders
Jacob Rasmussen,Empoli,Serie A,2019,DF,"DF,MF",1016.0,DF-0,Deep central defenders
Leonardo Capezzi,Empoli,Serie A,2019,MF,MF,772.0,MF-0,Deep ball winning midfielders
Luca Antonelli,Empoli,Serie A,2019,DF,DF,755.0,DF-1,Wide attacking defenders
Manuel Pasqual,Empoli,Serie A,2019,DF,DF,1342.0,DF-1,Wide attacking defenders
Marko Pajač,Empoli,Serie A,2019,FW,"FW,DF",738.0,FW-1,Creating and carrying forwards
Matías Silvestre,Empoli,Serie A,2019,DF,DF,3060.0,DF-0,Deep central defenders
Miha Zajc,Empoli,Serie A,2019,MF,"MF,FW",1166.0,MF-1,Advanced attacking midfielders
Rade Krunić,Empoli,Serie A,2019,MF,MF,2772.0,MF-1,Advanced attacking midfielders
Bryan Dabo,Fiorentina,Serie A,2019,MF,"MF,DF",831.0,MF-0,Deep ball winning midfielders
Cristiano Biraghi,Fiorentina,Serie A,2019,DF,DF,3194.0,DF-1,Wide attacking defenders
Edimilson Fernandes,Fiorentina,Serie A,2019,MF,MF,1970.0,MF-0,Deep ball winning midfielders
Federico Ceccherini,Fiorentina,Serie A,2019,DF,DF,994.0,DF-0,Deep central defenders
Federico Chiesa,Fiorentina,Serie A,2019,FW,"FW,MF",3034.0,FW-1,Creating and carrying forwards
Germán Pezzella,Fiorentina,Serie A,2019,DF,DF,2850.0,DF-0,Deep central defenders
Gerson,Fiorentina,Serie A,2019,MF,"MF,FW",2426.0,MF-0,Deep ball winning midfielders
Giovanni Simeone,Fiorentina,Serie A,2019,FW,FW,2454.0,FW-0,Low involvement centre forwards
Jordan Veretout,Fiorentina,Serie A,2019,MF,MF,2941.0,MF-0,Deep ball winning midfielders
Kevin Mirallas,Fiorentina,Serie A,2019,FW,"FW,MF",1299.0,FW-1,Creating and carrying forwards
Luis Muriel,Fiorentina,Serie A,2019,FW,FW,1441.0,FW-0,Low involvement centre forwards
Marco Benassi,Fiorentina,Serie A,2019,MF,MF,2282.0,MF-1,Advanced attacking midfielders
Marko Pjaca,Fiorentina,Serie A,2019,FW,"FW,MF",750.0,FW-1,Creating and carrying forwards
Nikola Milenković,Fiorentina,Serie A,2019,DF,DF,3008.0,DF-0,Deep central defenders
Vincent Laurini,Fiorentina,Serie A,2019,DF,DF,920.0,DF-1,Wide attacking defenders
Vitor Hugo,Fiorentina,Serie A,2019,DF,DF,2470.0,DF-0,Deep central defenders
Andrea Beghetto,Frosinone,Serie A,2019,DF,DF,2226.0,DF-1,Wide attacking defenders
Andrea Pinamonti,Frosinone,Serie A,2019,FW,FW,1625.0,FW-0,Low involvement centre forwards
Bartosz Salamon,Frosinone,Serie A,2019,DF,DF,1725.0,DF-0,Deep central defenders
Camillo Ciano,Frosinone,Serie A,2019,FW,"FW,MF",2454.0,FW-1,Creating and carrying forwards
Cristian Molinaro,Frosinone,Serie A,2019,DF,"DF,MF",1159.0,DF-1,Wide attacking defenders
Daniel Ciofani,Frosinone,Serie A,2019,FW,FW,1618.0,FW-0,Low involvement centre forwards
Edoardo Goldaniga,Frosinone,Serie A,2019,DF,DF,2610.0,DF-0,Deep central defenders
Francesco Cassata,Frosinone,Serie A,2019,MF,MF,1124.0,MF-0,Deep ball winning midfielders
Francesco Zampano,Frosinone,Serie A,2019,DF,"DF,MF",2102.0,DF-1,Wide attacking defenders
Joel Campbell,Frosinone,Serie A,2019,FW,"FW,MF",891.0,FW-1,Creating and carrying forwards
Lorenzo Ariaudo,Frosinone,Serie A,2019,DF,DF,1682.0,DF-0,Deep central defenders
Lorenzo Crisetig,Frosinone,Serie A,2019,MF,MF,507.0,MF-0,Deep ball winning midfielders
Luca Paganini,Frosinone,Serie A,2019,DF,"DF,MF",1123.0,DF-1,Wide attacking defenders
Luca Valzania,Frosinone,Serie A,2019,MF,MF,897.0,MF-1,Advanced attacking midfielders
Luka Krajnc,Frosinone,Serie A,2019,DF,DF,788.0,DF-0,Deep central defenders
Marco Capuano,Frosinone,Serie A,2019,DF,DF,2307.0,DF-0,Deep central defenders
Nicolò Brighenti,Frosinone,Serie A,2019,DF,DF,990.0,DF-0,Deep central defenders
Paolo Ghiglione,Frosinone,Serie A,2019,DF,DF,514.0,DF-1,Wide attacking defenders
Paolo Sammarco,Frosinone,Serie A,2019,MF,MF,553.0,MF-0,Deep ball winning midfielders
Raffaele Maiello,Frosinone,Serie A,2019,MF,MF,2043.0,MF-0,Deep ball winning midfielders
Raman Chibsah,Frosinone,Serie A,2019,MF,MF,2622.0,MF-0,Deep ball winning midfielders
Stipe Perica,Frosinone,Serie A,2019,FW,FW,480.0,FW-0,Low involvement centre forwards
Antonio Sanabria,Genoa,Serie A,2019,FW,FW,766.0,FW-0,Low involvement centre forwards
Christian Kouamé,Genoa,Serie A,2019,FW,"FW,MF",3066.0,FW-0,Low involvement centre forwards
Cristian Romero,Genoa,Serie A,2019,DF,DF,2336.0,DF-0,Deep central defenders
Daniel Bessa,Genoa,Serie A,2019,MF,MF,2441.0,MF-1,Advanced attacking midfielders
Darko Lazović,Genoa,Serie A,2019,DF,"DF,FW",2542.0,DF-1,Wide attacking defenders
Davide Biraschi,Genoa,Serie A,2019,DF,DF,2841.0,DF-0,Deep central defenders
Domenico Criscito,Genoa,Serie A,2019,DF,DF,3070.0,DF-1,Wide attacking defenders
Ervin Zukanović,Genoa,Serie A,2019,DF,DF,1960.0,DF-0,Deep central defenders
Esteban Rolón,Genoa,Serie A,2019,MF,MF,1046.0,MF-0,Deep ball winning midfielders
Goran Pandev,Genoa,Serie A,2019,FW,"FW,MF",1122.0,FW-1,Creating and carrying forwards
Ivan Radovanović,Genoa,Serie A,2019,MF,MF,1278.0,MF-0,Deep ball winning midfielders
Koray Günter,Genoa,Serie A,2019,DF,DF,835.0,DF-0,Deep central defenders
Krzysztof Piątek,Genoa,Serie A,2019,FW,FW,1593.0,FW-0,Low involvement centre forwards
Lukas Lerager,Genoa,Serie A,2019,MF,MF,1122.0,MF-0,Deep ball winning midfielders
Miguel Veloso,Genoa,Serie A,2019,MF,MF,1257.0,MF-0,Deep ball winning midfielders
Nicolás Spolli,Genoa,Serie A,2019,DF,DF,538.0,DF-0,Deep central defenders
Oscar Hiljemark,Genoa,Serie A,2019,MF,MF,1196.0,MF-0,Deep ball winning midfielders
Pedro Pereira,Genoa,Serie A,2019,DF,"DF,FW",1384.0,DF-1,Wide attacking defenders
Rômulo,Genoa,Serie A,2019,MF,"MF,FW",1351.0,MF-1,Advanced attacking midfielders
Sandro,Genoa,Serie A,2019,MF,MF,711.0,MF-0,Deep ball winning midfielders
Antonio Candreva,Inter,Serie A,2019,MF,MF,502.0,MF-1,Advanced attacking midfielders
Borja Valero,Inter,Serie A,2019,MF,MF,1231.0,MF-0,Deep ball winning midfielders
Dalbert Henrique,Inter,Serie A,2019,DF,DF,778.0,DF-1,Wide attacking defenders
Danilo D'Ambrosio,Inter,Serie A,2019,DF,DF,2579.0,DF-1,Wide attacking defenders
Ivan Perišić,Inter,Serie A,2019,MF,"MF,FW",2701.0,MF-1,Advanced attacking midfielders
João Mário,Inter,Serie A,2019,MF,MF,1082.0,MF-1,Advanced attacking midfielders
Keita Baldé,Inter,Serie A,2019,FW,"FW,MF",889.0,FW-1,Creating and carrying forwards
Kwadwo Asamoah,Inter,Serie A,2019,DF,DF,2671.0,DF-1,Wide attacking defenders
Lautaro Martínez,Inter,Serie A,2019,FW,"FW,MF",1344.0,FW-0,Low involvement centre forwards
Marcelo Brozović,Inter,Serie A,2019,MF,MF,2650.0,MF-0,Deep ball winning midfielders
Matteo Politano,Inter,Serie A,2019,MF,"MF,FW",2549.0,MF-1,Advanced attacking midfielders
Matías Vecino,Inter,Serie A,2019,MF,MF,2015.0,MF-0,Deep ball winning midfielders
Mauro Icardi,Inter,Serie A,2019,FW,FW,2267.0,FW-0,Low involvement centre forwards
Milan Škriniar,Inter,Serie A,2019,DF,DF,3150.0,DF-0,Deep central defenders
Miranda,Inter,Serie A,2019,DF,DF,1158.0,DF-0,Deep central defenders
Radja Nainggolan,Inter,Serie A,2019,MF,MF,1967.0,MF-1,Advanced attacking midfielders
Roberto Gagliardini,Inter,Serie A,2019,MF,MF,1087.0,MF-0,Deep ball winning midfielders
Stefan de Vrij,Inter,Serie A,2019,DF,DF,2520.0,DF-0,Deep central defenders
Šime Vrsaljko,Inter,Serie A,2019,DF,DF,727.0,DF-1,Wide attacking defenders
Alex Sandro,Juventus,Serie A,2019,DF,DF,2387.0,DF-1,Wide attacking defenders
Blaise Matuidi,Juventus,Serie A,2019,MF,MF,2418.0,MF-0,Deep ball winning midfielders
Cristiano Ronaldo,Juventus,Serie A,2019,FW,FW,2688.0,FW-1,Creating and carrying forwards
Daniele Rugani,Juventus,Serie A,2019,DF,DF,1350.0,DF-0,Deep central defenders
Douglas Costa,Juventus,Serie A,2019,MF,"MF,FW",621.0,MF-1,Advanced attacking midfielders
Emre Can,Juventus,Serie A,2019,MF,MF,1811.0,MF-0,Deep ball winning midfielders
Federico Bernardeschi,Juventus,Serie A,2019,MF,"MF,FW",1473.0,MF-1,Advanced attacking midfielders
Giorgio Chiellini,Juventus,Serie A,2019,DF,DF,1991.0,DF-0,Deep central defenders
João Cancelo,Juventus,Serie A,2019,DF,DF,1968.0,DF-1,Wide attacking defenders
Juan Cuadrado,Juventus,Serie A,2019,MF,"MF,DF",1220.0,MF-1,Advanced attacking midfielders
Leonardo Bonucci,Juventus,Serie A,2019,DF,DF,2472.0,DF-0,Deep central defenders
Leonardo Spinazzola,Juventus,Serie A,2019,DF,DF,601.0,DF-1,Wide attacking defenders
Mario Mandžukić,Juventus,Serie A,2019,FW,FW,2014.0,FW-0,Low involvement centre forwards
Martín Cáceres,Juventus,Serie A,2019,DF,DF,628.0,DF-0,Deep central defenders
Mattia De Sciglio,Juventus,Serie A,2019,DF,DF,1743.0,DF-1,Wide attacking defenders
Medhi Benatia,Juventus,Serie A,2019,DF,DF,450.0,DF-0,Deep central defenders
Miralem Pjanić,Juventus,Serie A,2019,MF,MF,2280.0,MF-0,Deep ball winning midfielders
Moise Kean,Juventus,Serie A,2019,FW,FW,541.0,FW-0,Low involvement centre forwards
Paulo Dybala,Juventus,Serie A,2019,FW,"FW,MF",2137.0,FW-1,Creating and carrying forwards
Rodrigo Bentancur,Juventus,Serie A,2019,MF,MF,2003.0,MF-0,Deep ball winning midfielders
Sami Khedira,Juventus,Serie A,2019,MF,MF,706.0,MF-0,Deep ball winning midfielders
Adam Marušić,Lazio,Serie A,2019,DF,DF,2111.0,DF-1,Wide attacking defenders
Bastos,Lazio,Serie A,2019,DF,DF,1139.0,DF-0,Deep central defenders
Ciro Immobile,Lazio,Serie A,2019,FW,FW,2859.0,FW-1,Creating and carrying forwards
Danilo Cataldi,Lazio,Serie A,2019,MF,"MF,FW",578.0,MF-1,Advanced attacking midfielders
Felipe Caicedo,Lazio,Serie A,2019,FW,FW,1371.0,FW-0,Low involvement centre forwards
Francesco Acerbi,Lazio,Serie A,2019,DF,DF,3309.0,DF-0,Deep central defenders
Joaquín Correa,Lazio,Serie A,2019,FW,"FW,MF",1927.0,FW-1,Creating and carrying forwards
Lucas Leiva,Lazio,Serie A,2019,MF,MF,1987.0,MF-0,Deep ball winning midfielders
Luis Alberto,Lazio,Serie A,2019,MF,"MF,FW",1990.0,MF-1,Advanced attacking midfielders
Luiz Felipe,Lazio,Serie A,2019,DF,DF,1289.0,DF-0,Deep central defenders
Marco Parolo,Lazio,Serie A,2019,MF,MF,2563.0,MF-0,Deep ball winning midfielders
Milan Badelj,Lazio,Serie A,2019,MF,MF,1141.0,MF-0,Deep ball winning midfielders
Patric,Lazio,Serie A,2019,DF,DF,1085.0,DF-1,Wide attacking defenders
Rômulo,Lazio,Serie A,2019,DF,DF,776.0,DF-1,Wide attacking defenders
Senad Lulić,Lazio,Serie A,2019,DF,DF,2923.0,DF-1,Wide attacking defenders
Sergej Milinković-Savić,Lazio,Serie A,2019,MF,MF,2396.0,MF-1,Advanced attacking midfielders
Wallace,Lazio,Serie A,2019,DF,DF,1233.0,DF-0,Deep central defenders
Ștefan Radu,Lazio,Serie A,2019,DF,DF,2243.0,DF-0,Deep central defenders
Alessio Romagnoli,Milan,Serie A,2019,DF,DF,2847.0,DF-0,Deep central defenders
Andrea Conti,Milan,Serie A,2019,DF,DF,500.0,DF-1,Wide attacking defenders
Cristián Zapata,Milan,Serie A,2019,DF,DF,1026.0,DF-0,Deep central defenders
Davide Calabria,Milan,Serie A,2019,DF,DF,1950.0,DF-1,Wide attacking defenders
Diego Laxalt,Milan,Serie A,2019,DF,"DF,MF",651.0,DF-1,Wide attacking defenders
Fabio Borini,Milan,Serie A,2019,FW,"FW,DF",1054.0,FW-0,Low involvement centre forwards
Franck Kessié,Milan,Serie A,2019,MF,MF,3018.0,MF-0,Deep ball winning midfielders
Giacomo Bonaventura,Milan,Serie A,2019,MF,MF,646.0,MF-1,Advanced attacking midfielders
Gonzalo Higuaín,Milan,Serie A,2019,FW,FW,1277.0,FW-0,Low involvement centre forwards
Hakan Çalhanoğlu,Milan,Serie A,2019,MF,"MF,FW",2884.0,MF-1,Advanced attacking midfielders
Ignazio Abate,Milan,Serie A,2019,DF,DF,1302.0,DF-0,Deep central defenders
Krzysztof Piątek,Milan,Serie A,2019,FW,FW,1373.0,FW-0,Low involvement centre forwards
Lucas Biglia,Milan,Serie A,2019,MF,MF,1114.0,MF-0,Deep ball winning midfielders
Lucas Paquetá,Milan,Serie A,2019,MF,MF,842.0,MF-1,Advanced attacking midfielders
Mateo Musacchio,Milan,Serie A,2019,DF,DF,2610.0,DF-0,Deep central defenders
Patrick Cutrone,Milan,Serie A,2019,FW,FW,1457.0,FW-0,Low involvement centre forwards
Ricardo Rodríguez,Milan,Serie A,2019,DF,DF,3047.0,DF-1,Wide attacking defenders
Samu Castillejo,Milan,Serie A,2019,FW,"FW,MF",1023.0,FW-1,Creating and carrying forwards
Suso,Milan,Serie A,2019,FW,"FW,MF",3018.0,FW-1,Creating and carrying forwards
Tiemoué Bakayoko,Milan,Serie A,2019,MF,MF,2301.0,MF-0,Deep ball winning midfielders
Adam Ounas,Napoli,Serie A,2019,MF,"MF,FW",538.0,MF-1,Advanced attacking midfielders
Allan,Napoli,Serie A,2019,MF,MF,2616.0,MF-0,Deep ball winning midfielders
Amadou Diawara,Napoli,Serie A,2019,MF,MF,661.0,MF-0,Deep ball winning midfielders
Amin Younes,Napoli,Serie A,2019,MF,"MF,FW",498.0,MF-1,Advanced attacking midfielders
Arkadiusz Milik,Napoli,Serie A,2019,FW,FW,2396.0,FW-0,Low involvement centre forwards
Dries Mertens,Napoli,Serie A,2019,FW,FW,2252.0,FW-1,Creating and carrying forwards
Elseid Hysaj,Napoli,Serie A,2019,DF,DF,2107.0,DF-1,Wide attacking defenders
Fabián Ruiz Peña,Napoli,Serie A,2019,MF,MF,1992.0,MF-1,Advanced attacking midfielders
Faouzi Ghoulam,Napoli,Serie A,2019,DF,DF,1154.0,DF-1,Wide attacking defenders
José Callejón,Napoli,Serie A,2019,MF,MF,2650.0,MF-1,Advanced attacking midfielders
Kalidou Koulibaly,Napoli,Serie A,2019,DF,DF,3132.0,DF-0,Deep central defenders
Kévin Malcuit,Napoli,Serie A,2019,DF,DF,1805.0,DF-1,Wide attacking defenders
Lorenzo Insigne,Napoli,Serie A,2019,FW,"FW,MF",2073.0,FW-1,Creating and carrying forwards
Marek Hamšík,Napoli,Serie A,2019,MF,MF,916.0,MF-0,Deep ball winning midfielders
Mário Rui,Napoli,Serie A,2019,DF,DF,1417.0,DF-1,Wide attacking defenders
Nikola Maksimović,Napoli,Serie A,2019,DF,DF,1375.0,DF-0,Deep central defenders
Piotr Zieliński,Napoli,Serie A,2019,MF,MF,2875.0,MF-1,Advanced attacking midfielders
Raúl Albiol,Napoli,Serie A,2019,DF,DF,1713.0,DF-0,Deep central defenders
Sebastiano Luperto,Napoli,Serie A,2019,DF,DF,728.0,DF-0,Deep central defenders
Simone Verdi,Napoli,Serie A,2019,MF,"MF,FW",704.0,MF-1,Advanced attacking midfielders
Alberto Grassi,Parma,Serie A,2019,MF,MF,462.0,MF-0,Deep ball winning midfielders
Alessandro Bastoni,Parma,Serie A,2019,DF,DF,1690.0,DF-0,Deep central defenders
Alessandro Deiola,Parma,Serie A,2019,MF,"MF,FW",545.0,MF-0,Deep ball winning midfielders
Antonino Barillà,Parma,Serie A,2019,MF,MF,2618.0,MF-0,Deep ball winning midfielders
Antonio Di Gaudio,Parma,Serie A,2019,FW,FW,699.0,FW-0,Low involvement centre forwards
Bruno Alves,Parma,Serie A,2019,DF,DF,2922.0,DF-0,Deep central defenders
Fabio Ceravolo,Parma,Serie A,2019,FW,FW,1185.0,FW-0,Low involvement centre forwards
Federico Dimarco,Parma,Serie A,2019,DF,"DF,MF",892.0,DF-1,Wide attacking defenders
Gervinho,Parma,Serie A,2019,FW,FW,2304.0,FW-1,Creating and carrying forwards
Jonathan Biabiany,Parma,Serie A,2019,FW,FW,1069.0,FW-0,Low involvement centre forwards
Juraj Kucka,Parma,Serie A,2019,MF,MF,1535.0,MF-0,Deep ball winning midfielders
Leo Štulac,Parma,Serie A,2019,MF,MF,1452.0,MF-0,Deep ball winning midfielders
Luca Rigoni,Parma,Serie A,2019,MF,MF,1761.0,MF-0,Deep ball winning midfielders
Luca Siligardi,Parma,Serie A,2019,FW,FW,1639.0,FW-1,Creating and carrying forwards
Marcello Gazzola,Parma,Serie A,2019,DF,"DF,MF",921.0,DF-1,Wide attacking defenders
Massimo Gobbi,Parma,Serie A,2019,DF,DF,1183.0,DF-1,Wide attacking defenders
Matteo Scozzarella,Parma,Serie A,2019,MF,MF,1459.0,MF-0,Deep ball winning midfielders
Mattia Sprocati,Parma,Serie A,2019,FW,"FW,MF",644.0,FW-1,Creating and carrying forwards
Riccardo Gagliolo,Parma,Serie A,2019,DF,DF,3045.0,DF-0,Deep central defenders
Roberto Inglese,Parma,Serie A,2019,FW,FW,1965.0,FW-0,Low involvement centre forwards
Simone Iacoponi,Parma,Serie A,2019,DF,DF,3346.0,DF-0,Deep central defenders
Aleksandar Kolarov,Roma,Serie A,2019,DF,DF,2906.0,DF-1,Wide attacking defenders
Alessandro Florenzi,Roma,Serie A,2019,DF,"DF,MF",2180.0,DF-1,Wide attacking defenders
Bryan Cristante,Roma,Serie A,2019,MF,MF,2425.0,MF-0,Deep ball winning midfielders
Cengiz Ünder,Roma,Serie A,2019,MF,"MF,FW",1375.0,MF-1,Advanced attacking midfielders
Daniele De Rossi,Roma,Serie A,2019,MF,MF,1270.0,MF-0,Deep ball winning midfielders
Davide Santon,Roma,Serie A,2019,DF,DF,1009.0,DF-1,Wide attacking defenders
Diego Perotti,Roma,Serie A,2019,MF,"MF,FW",668.0,MF-1,Advanced attacking midfielders
Edin Džeko,Roma,Serie A,2019,FW,FW,2579.0,FW-0,Low involvement centre forwards
Federico Fazio,Roma,Serie A,2019,DF,DF,2806.0,DF-0,Deep central defenders
Iván Marcano,Roma,Serie A,2019,DF,DF,810.0,DF-0,Deep central defenders
Javier Pastore,Roma,Serie A,2019,MF,MF,597.0,MF-1,Advanced attacking midfielders
Juan Jesus,Roma,Serie A,2019,DF,DF,1403.0,DF-0,Deep central defenders
Justin Kluivert,Roma,Serie A,2019,MF,"MF,FW",1341.0,MF-1,Advanced attacking midfielders
Kostas Manolas,Roma,Serie A,2019,DF,DF,2324.0,DF-0,Deep central defenders
Lorenzo Pellegrini,Roma,Serie A,2019,MF,MF,1821.0,MF-1,Advanced attacking midfielders
Nicolò Zaniolo,Roma,Serie A,2019,MF,"MF,FW",1766.0,MF-1,Advanced attacking midfielders
Patrik Schick,Roma,Serie A,2019,FW,"FW,MF",1314.0,FW-0,Low involvement centre forwards
Rick Karsdorp,Roma,Serie A,2019,DF,DF,593.0,DF-1,Wide attacking defenders
Stephan El Shaarawy,Roma,Serie A,2019,MF,"MF,FW",2104.0,MF-1,Advanced attacking midfielders
Steven Nzonzi,Roma,Serie A,2019,MF,MF,2617.0,MF-0,Deep ball winning midfielders
Alberto Paloschi,SPAL,Serie A,2019,FW,FW,863.0,FW-0,Low involvement centre forwards
Alessandro Murgia,SPAL,Serie A,2019,MF,MF,1072.0,MF-0,Deep ball winning midfielders
Andrea Petagna,SPAL,Serie A,2019,FW,FW,3031.0,FW-0,Low involvement centre forwards
Felipe dal Belo,SPAL,Serie A,2019,DF,DF,2361.0,DF-0,Deep central defenders
Filippo Costa,SPAL,Serie A,2019,DF,"DF,FW",564.0,DF-1,Wide attacking defenders
Francesco Vicari,SPAL,Serie A,2019,DF,DF,2335.0,DF-0,Deep central defenders
Jasmin Kurtić,SPAL,Serie A,2019,MF,MF,2557.0,MF-1,Advanced attacking midfielders
Kevin Bonifazi,SPAL,Serie A,2019,DF,DF,2301.0,DF-0,Deep central defenders
Manuel Lazzari,SPAL,Serie A,2019,DF,DF,2835.0,DF-1,Wide attacking defenders
Mattia Valoti,SPAL,Serie A,2019,MF,MF,1222.0,MF-0,Deep ball winning midfielders
Mirco Antenucci,SPAL,Serie A,2019,FW,FW,2133.0,FW-0,Low involvement centre forwards
Mirko Valdifiori,SPAL,Serie A,2019,MF,MF,668.0,MF-0,Deep ball winning midfielders
Mohamed Fares,SPAL,Serie A,2019,DF,DF,2949.0,DF-1,Wide attacking defenders
Pasquale Schiattarella,SPAL,Serie A,2019,MF,MF,1841.0,MF-0,Deep ball winning midfielders
Sergio Floccari,SPAL,Serie A,2019,FW,FW,976.0,FW-0,Low involvement centre forwards
Simone Missiroli,SPAL,Serie A,2019,MF,MF,2741.0,MF-0,Deep ball winning midfielders
Thiago Cionek,SPAL,Serie A,2019,DF,DF,2542.0,DF-0,Deep central defenders
Albin Ekdal,Sampdoria,Serie A,2019,MF,MF,2646.0,MF-0,Deep ball winning midfielders
Alex Ferrari,Sampdoria,Serie A,2019,DF,DF,540.0,DF-0,Deep central defenders
Bartosz Bereszyński,Sampdoria,Serie A,2019,DF,DF,2200.0,DF-1,Wide attacking defenders
Dennis Praet,Sampdoria,Serie A,2019,MF,MF,2890.0,MF-0,Deep ball winning midfielders
Fabio Quagliarella,Sampdoria,Serie A,2019,FW,FW,3199.0,FW-0,Low involvement centre forwards
Gastón Ramírez,Sampdoria,Serie A,2019,MF,MF,1578.0,MF-1,Advanced attacking midfielders
Gianluca Caprari,Sampdoria,Serie A,2019,FW,"FW,MF",1031.0,FW-1,Creating and carrying forwards
Grégoire Defrel,Sampdoria,Serie A,2019,FW,"FW,MF",2339.0,FW-0,Low involvement centre forwards
Jacopo Sala,Sampdoria,Serie A,2019,DF,DF,1518.0,DF-1,Wide attacking defenders
Jakub Jankto,Sampdoria,Serie A,2019,MF,MF,963.0,MF-1,Advanced attacking midfielders
Joachim Andersen,Sampdoria,Serie A,2019,DF,DF,2880.0,DF-0,Deep central defenders
Karol Linetty,Sampdoria,Serie A,2019,MF,MF,2507.0,MF-0,Deep ball winning midfielders
Lorenzo Tonelli,Sampdoria,Serie A,2019,DF,DF,1655.0,DF-0,Deep central defenders
Manolo Gabbiadini,Sampdoria,Serie A,2019,FW,FW,812.0,FW-0,Low involvement centre forwards
Nicola Murru,Sampdoria,Serie A,2019,DF,DF,2934.0,DF-1,Wide attacking defenders
Omar Colley,Sampdoria,Serie A,2019,DF,DF,1762.0,DF-0,Deep central defenders
Riccardo Saponara,Sampdoria,Serie A,2019,MF,MF,905.0,MF-1,Advanced attacking midfielders
Ronaldo Vieira,Sampdoria,Serie A,2019,MF,MF,599.0,MF-0,Deep ball winning midfielders
Édgar Barreto,Sampdoria,Serie A,2019,MF,MF,785.0,MF-0,Deep ball winning midfielders
Alessandro Matri,Sassuolo,Serie A,2019,FW,FW,603.0,FW-0,Low involvement centre forwards
Alfred Duncan,Sassuolo,Serie A,2019,MF,MF,1848.0,MF-1,Advanced attacking midfielders
Domenico Berardi,Sassuolo,Serie A,2019,FW,"FW,MF",2875.0,FW-1,Creating and carrying forwards
Federico Di Francesco,Sassuolo,Serie A,2019,FW,"FW,MF",1074.0,FW-1,Creating and carrying forwards
Federico Peluso,Sassuolo,Serie A,2019,DF,DF,1356.0,DF-0,Deep central defenders
Filip Đuričić,Sassuolo,Serie A,2019,FW,"FW,MF",1252.0,FW-1,Creating and carrying forwards
Francesco Magnanelli,Sassuolo,Serie A,2019,MF,MF,1859.0,MF-0,Deep ball winning midfielders
Gian Marco Ferrari,Sassuolo,Serie A,2019,DF,DF,2790.0,DF-0,Deep central defenders
Giangiacomo Magnani,Sassuolo,Serie A,2019,DF,DF,1516.0,DF-0,Deep central defenders
Jeremie Boga,Sassuolo,Serie A,2019,FW,"FW,MF",1443.0,FW-1,Creating and carrying forwards
Kevin-Prince Boateng,Sassuolo,Serie A,2019,FW,FW,938.0,FW-0,Low involvement centre forwards
Khouma Babacar,Sassuolo,Serie A,2019,FW,FW,1488.0,FW-0,Low involvement centre forwards
Manuel Locatelli,Sassuolo,Serie A,2019,MF,MF,1847.0,MF-0,Deep ball winning midfielders
Marlon,Sassuolo,Serie A,2019,DF,DF,1508.0,DF-0,Deep central defenders
Mehdi Bourabia,Sassuolo,Serie A,2019,MF,MF,2010.0,MF-0,Deep ball winning midfielders
Merih Demiral,Sassuolo,Serie A,2019,DF,DF,1260.0,DF-0,Deep central defenders
Pol Lirola,Sassuolo,Serie A,2019,DF,"DF,MF",2975.0,DF-1,Wide attacking defenders
Rogério,Sassuolo,Serie A,2019,DF,"DF,MF",2672.0,DF-1,Wide attacking defenders
Stefano Sensi,Sassuolo,Serie A,2019,MF,MF,1972.0,MF-0,Deep ball winning midfielders
Andrea Belotti,Torino,Serie A,2019,FW,FW,3299.0,FW-0,Low involvement centre forwards
Armando Izzo,Torino,Serie A,2019,DF,DF,3271.0,DF-0,Deep central defenders
Cristian Ansaldi,Torino,Serie A,2019,DF,"DF,MF",1807.0,DF-1,Wide attacking defenders
Daniele Baselli,Torino,Serie A,2019,MF,MF,2379.0,MF-0,Deep ball winning midfielders
Emiliano Moretti,Torino,Serie A,2019,DF,DF,2010.0,DF-0,Deep central defenders
Iago Falque,Torino,Serie A,2019,FW,"FW,MF",1612.0,FW-1,Creating and carrying forwards
Koffi Djidji,Torino,Serie A,2019,DF,DF,1387.0,DF-0,Deep central defenders
Lorenzo De Silvestri,Torino,Serie A,2019,DF,DF,2415.0,DF-1,Wide attacking defenders
Nicolas Nkoulou,Torino,Serie A,2019,DF,DF,3214.0,DF-0,Deep central defenders
Ola Aina,Torino,Serie A,2019,DF,DF,2160.0,DF-1,Wide attacking defenders
Roberto Soriano,Torino,Serie A,2019,MF,MF,468.0,MF-1,Advanced attacking midfielders
Saša Lukić,Torino,Serie A,2019,MF,MF,989.0,MF-0,Deep ball winning midfielders
Simone Zaza,Torino,Serie A,2019,FW,"FW,MF",1437.0,FW-0,Low involvement centre forwards
Soualiho Meïté,Torino,Serie A,2019,MF,MF,2659.0,MF-0,Deep ball winning midfielders
Tomás Rincón,Torino,Serie A,2019,MF,MF,2799.0,MF-0,Deep ball winning midfielders
Álex Berenguer,Torino,Serie A,2019,MF,"MF,DF",1486.0,MF-1,Advanced attacking midfielders
Bram Nuytinck,Udinese,Serie A,2019,DF,DF,2127.0,DF-0,Deep central defenders
Darwin Machís,Udinese,Serie A,2019,MF,"MF,FW",463.0,MF-1,Advanced attacking midfielders
Hidde ter Avest,Udinese,Serie A,2019,DF,"DF,FW",973.0,DF-1,Wide attacking defenders
Ignacio Pussetto,Udinese,Serie A,2019,FW,"FW,MF",2178.0,FW-1,Creating and carrying forwards
Jens Stryger Larsen,Udinese,Serie A,2019,DF,DF,3234.0,DF-1,Wide attacking defenders
Kevin Lasagna,Udinese,Serie A,2019,FW,FW,2453.0,FW-0,Low involvement centre forwards
Marco D'Alessandro,Udinese,Serie A,2019,DF,DF,1495.0,DF-1,Wide attacking defenders
Marvin Zeegelaar,Udinese,Serie A,2019,DF,DF,956.0,DF-0,Deep central defenders
Nicholas Opoku,Udinese,Serie A,2019,DF,DF,910.0,DF-0,Deep central defenders
Rodrigo De Paul,Udinese,Serie A,2019,MF,"MF,FW",3189.0,MF-1,Advanced attacking midfielders
Rolando Mandragora,Udinese,Serie A,2019,MF,MF,2918.0,MF-0,Deep ball winning midfielders
Samir Santos,Udinese,Serie A,2019,DF,DF,1797.0,DF-0,Deep central defenders
Sandro,Udinese,Serie A,2019,MF,MF,594.0,MF-0,Deep ball winning midfielders
Sebastien De Maio,Udinese,Serie A,2019,DF,DF,1173.0,DF-0,Deep central defenders
Seko Fofana,Udinese,Serie A,2019,MF,MF,2639.0,MF-1,Advanced attacking midfielders
Stefano Okaka,Udinese,Serie A,2019,FW,FW,970.0,FW-0,Low involvement centre forwards
Valon Behrami,Udinese,Serie A,2019,MF,MF,1361.0,MF-0,Deep ball winning midfielders
William Troost-Ekong,Udinese,Serie A,2019,DF,DF,3064.0,DF-0,Deep central defenders
Alfreð Finnbogason,Augsburg,Bundesliga,2020,FW,FW,966.0,FW-0,Low involvement centre forwards
André Hahn,Augsburg,Bundesliga,2020,MF,MF,702.0,MF-1,Advanced attacking midfielders
Carlos Gruezo,Augsburg,Bundesliga,2020,MF,MF,886.0,MF-0,Deep ball winning midfielders
Daniel Baier,Augsburg,Bundesliga,2020,MF,MF,1941.0,MF-0,Deep ball winning midfielders
Eduard Löwen,Augsburg,Bundesliga,2020,MF,MF,671.0,MF-1,Advanced attacking midfielders
Florian Niederlechner,Augsburg,Bundesliga,2020,FW,"FW,MF",2720.0,FW-0,Low involvement centre forwards
Fredrik Jensen,Augsburg,Bundesliga,2020,MF,"MF,FW",457.0,MF-1,Advanced attacking midfielders
Iago,Augsburg,Bundesliga,2020,DF,"DF,MF",674.0,DF-1,Wide attacking defenders
Jan Morávek,Augsburg,Bundesliga,2020,MF,MF,474.0,MF-0,Deep ball winning midfielders
Jeffrey Gouweleeuw,Augsburg,Bundesliga,2020,DF,DF,1645.0,DF-0,Deep central defenders
Marco Richter,Augsburg,Bundesliga,2020,MF,MF,2280.0,MF-1,Advanced attacking midfielders
Ohis Felix Uduokhai,Augsburg,Bundesliga,2020,DF,DF,1966.0,DF-0,Deep central defenders
Philipp Max,Augsburg,Bundesliga,2020,DF,"DF,MF",2706.0,DF-1,Wide attacking defenders
Rani Khedira,Augsburg,Bundesliga,2020,MF,MF,2649.0,MF-0,Deep ball winning midfielders
Raphael Framberger,Augsburg,Bundesliga,2020,DF,DF,1175.0,DF-1,Wide attacking defenders
Ruben Vargas,Augsburg,Bundesliga,2020,MF,MF,2530.0,MF-1,Advanced attacking midfielders
Stephan Lichtsteiner,Augsburg,Bundesliga,2020,DF,DF,1343.0,DF-1,Wide attacking defenders
Tin Jedvaj,Augsburg,Bundesliga,2020,DF,DF,2638.0,DF-0,Deep central defenders
Alphonso Davies,Bayern Munich,Bundesliga,2020,DF,DF,2234.0,DF-1,Wide attacking defenders
Benjamin Pavard,Bayern Munich,Bundesliga,2020,DF,DF,2790.0,DF-1,Wide attacking defenders
Corentin Tolisso,Bayern Munich,Bundesliga,2020,MF,MF,638.0,MF-1,Advanced attacking midfielders
David Alaba,Bayern Munich,Bundesliga,2020,DF,DF,2498.0,DF-0,Deep central defenders
Ivan Perišić,Bayern Munich,Bundesliga,2020,MF,"MF,FW",1206.0,MF-1,Advanced attacking midfielders
Javi Martínez,Bayern Munich,Bundesliga,2020,DF,"DF,MF",675.0,DF-0,Deep central defenders
Joshua Kimmich,Bayern Munich,Bundesliga,2020,MF,"MF,DF",2818.0,MF-0,Deep ball winning midfielders
Jérôme Boateng,Bayern Munich,Bundesliga,2020,DF,DF,1796.0,DF-0,Deep central defenders
Kingsley Coman,Bayern Munich,Bundesliga,2020,MF,"MF,FW",1505.0,MF-1,Advanced attacking midfielders
Leon Goretzka,Bayern Munich,Bundesliga,2020,MF,MF,1512.0,MF-1,Advanced attacking midfielders
Lucas Hernández,Bayern Munich,Bundesliga,2020,DF,DF,920.0,DF-0,Deep central defenders
Niklas Süle,Bayern Munich,Bundesliga,2020,DF,DF,641.0,DF-0,Deep central defenders
Philippe Coutinho,Bayern Munich,Bundesliga,2020,MF,MF,1411.0,MF-1,Advanced attacking midfielders
Robert Lewandowski,Bayern Munich,Bundesliga,2020,FW,FW,2759.0,FW-0,Low involvement centre forwards
Serge Gnabry,Bayern Munich,Bundesliga,2020,MF,"MF,FW",2193.0,MF-1,Advanced attacking midfielders
Thiago Alcántara,Bayern Munich,Bundesliga,2020,MF,MF,1771.0,MF-0,Deep ball winning midfielders
Thomas Müller,Bayern Munich,Bundesliga,2020,MF,MF,2255.0,MF-1,Advanced attacking midfielders
Achraf Hakimi,Dortmund,Bundesliga,2020,DF,"DF,MF",2715.0,DF-1,Wide attacking defenders
Axel Witsel,Dortmund,Bundesliga,2020,MF,MF,2245.0,MF-0,Deep ball winning midfielders
Dan-Axel Zagadou,Dortmund,Bundesliga,2020,DF,DF,983.0,DF-0,Deep central defenders
Emre Can,Dortmund,Bundesliga,2020,MF,"MF,DF",955.0,MF-0,Deep ball winning midfielders
Erling Haaland,Dortmund,Bundesliga,2020,FW,FW,1063.0,FW-0,Low involvement centre forwards
Jadon Sancho,Dortmund,Bundesliga,2020,MF,"MF,FW",2287.0,MF-1,Advanced attacking midfielders
Julian Brandt,Dortmund,Bundesliga,2020,MF,MF,2203.0,MF-1,Advanced attacking midfielders
Julian Weigl,Dortmund,Bundesliga,2020,MF,"MF,DF",1019.0,MF-0,Deep ball winning midfielders
Mahmoud Dahoud,Dortmund,Bundesliga,2020,MF,MF,558.0,MF-0,Deep ball winning midfielders
Manuel Akanji,Dortmund,Bundesliga,2020,DF,DF,2309.0,DF-0,Deep central defenders
Marco Reus,Dortmund,Bundesliga,2020,MF,"MF,FW",1495.0,MF-1,Advanced attacking midfielders
Mario Götze,Dortmund,Bundesliga,2020,FW,FW,521.0,FW-1,Creating and carrying forwards
Mats Hummels,Dortmund,Bundesliga,2020,DF,DF,2581.0,DF-0,Deep central defenders
Nico Schulz,Dortmund,Bundesliga,2020,DF,"DF,MF",594.0,DF-1,Wide attacking defenders
Paco Alcácer,Dortmund,Bundesliga,2020,FW,FW,530.0,FW-0,Low involvement centre forwards
Raphaël Guerreiro,Dortmund,Bundesliga,2020,DF,"DF,MF",2335.0,DF-1,Wide attacking defenders
Thomas Delaney,Dortmund,Bundesliga,2020,MF,MF,830.0,MF-0,Deep ball winning midfielders
Thorgan Hazard,Dortmund,Bundesliga,2020,MF,"MF,FW",2380.0,MF-1,Advanced attacking midfielders
Łukasz Piszczek,Dortmund,Bundesliga,2020,DF,DF,2106.0,DF-0,Deep central defenders
Adam Bodzek,Düsseldorf,Bundesliga,2020,MF,MF,2015.0,MF-0,Deep ball winning midfielders
Alfredo Morales,Düsseldorf,Bundesliga,2020,MF,MF,1730.0,MF-0,Deep ball winning midfielders
André Hoffmann,Düsseldorf,Bundesliga,2020,DF,DF,2428.0,DF-0,Deep central defenders
Dawid Kownacki,Düsseldorf,Bundesliga,2020,MF,"MF,FW",1093.0,MF-1,Advanced attacking midfielders
Erik Thommy,Düsseldorf,Bundesliga,2020,MF,"MF,DF",2259.0,MF-1,Advanced attacking midfielders
Jean Zimmer,Düsseldorf,Bundesliga,2020,DF,"DF,MF",719.0,DF-1,Wide attacking defenders
Kaan Ayhan,Düsseldorf,Bundesliga,2020,DF,DF,2731.0,DF-0,Deep central defenders
Kasim Nuhu,Düsseldorf,Bundesliga,2020,DF,DF,999.0,DF-0,Deep central defenders
Kenan Karaman,Düsseldorf,Bundesliga,2020,FW,"FW,MF",1354.0,FW-0,Low involvement centre forwards
Kevin Stöger,Düsseldorf,Bundesliga,2020,MF,MF,1268.0,MF-0,Deep ball winning midfielders
Lewis Baker,Düsseldorf,Bundesliga,2020,MF,MF,545.0,MF-0,Deep ball winning midfielders
Marcel Sobottka,Düsseldorf,Bundesliga,2020,MF,MF,701.0,MF-0,Deep ball winning midfielders
Markus Suttner,Düsseldorf,Bundesliga,2020,DF,"DF,MF",1339.0,DF-1,Wide attacking defenders
Mathias Jørgensen,Düsseldorf,Bundesliga,2020,DF,DF,498.0,DF-0,Deep central defenders
Matthias Zimmermann,Düsseldorf,Bundesliga,2020,DF,"DF,MF",2923.0,DF-1,Wide attacking defenders
Niko Gießelmann,Düsseldorf,Bundesliga,2020,DF,DF,2057.0,DF-1,Wide attacking defenders
Oliver Fink,Düsseldorf,Bundesliga,2020,MF,"MF,FW",675.0,MF-1,Advanced attacking midfielders
Opoku Ampomah,Düsseldorf,Bundesliga,2020,FW,"FW,MF",500.0,FW-0,Low involvement centre forwards
Rouwen Hennings,Düsseldorf,Bundesliga,2020,FW,FW,2459.0,FW-0,Low involvement centre forwards
Steven Skrzybski,Düsseldorf,Bundesliga,2020,MF,"MF,FW",530.0,MF-1,Advanced attacking midfielders
Valon Berisha,Düsseldorf,Bundesliga,2020,MF,MF,941.0,MF-0,Deep ball winning midfielders
Almamy Touré,Eint Frankfurt,Bundesliga,2020,DF,DF,1491.0,DF-1,Wide attacking defenders
André Silva,Eint Frankfurt,Bundesliga,2020,FW,FW,1575.0,FW-0,Low involvement centre forwards
Bas Dost,Eint Frankfurt,Bundesliga,2020,FW,FW,1475.0,FW-0,Low involvement centre forwards
Daichi Kamada,Eint Frankfurt,Bundesliga,2020,MF,"MF,FW",1969.0,MF-1,Advanced attacking midfielders
Danny da Costa,Eint Frankfurt,Bundesliga,2020,DF,"DF,FW",1389.0,DF-1,Wide attacking defenders
David Abraham,Eint Frankfurt,Bundesliga,2020,DF,DF,1688.0,DF-0,Deep central defenders
Djibril Sow,Eint Frankfurt,Bundesliga,2020,MF,MF,1746.0,MF-0,Deep ball winning midfielders
Dominik Kohr,Eint Frankfurt,Bundesliga,2020,MF,MF,1445.0,MF-0,Deep ball winning midfielders
Erik Durm,Eint Frankfurt,Bundesliga,2020,DF,"DF,FW",511.0,DF-1,Wide attacking defenders
Filip Kostić,Eint Frankfurt,Bundesliga,2020,DF,"DF,MF",2958.0,DF-1,Wide attacking defenders
Gelson Fernandes,Eint Frankfurt,Bundesliga,2020,MF,MF,775.0,MF-0,Deep ball winning midfielders
Gonçalo Paciência,Eint Frankfurt,Bundesliga,2020,FW,FW,1283.0,FW-0,Low involvement centre forwards
Makoto Hasebe,Eint Frankfurt,Bundesliga,2020,DF,"DF,MF",1968.0,DF-0,Deep central defenders
Martin Hinteregger,Eint Frankfurt,Bundesliga,2020,DF,DF,2721.0,DF-0,Deep central defenders
Mijat Gaćinović,Eint Frankfurt,Bundesliga,2020,MF,"MF,FW",1048.0,MF-1,Advanced attacking midfielders
Obite N'Dicka,Eint Frankfurt,Bundesliga,2020,DF,DF,1721.0,DF-0,Deep central defenders
Sebastian Rode,Eint Frankfurt,Bundesliga,2020,MF,MF,1936.0,MF-0,Deep ball winning midfielders
Stefan Ilsanker,Eint Frankfurt,Bundesliga,2020,DF,"DF,MF",838.0,DF-0,Deep central defenders
Timothy Chandler,Eint Frankfurt,Bundesliga,2020,DF,"DF,MF",1220.0,DF-1,Wide attacking defenders
Amir Abrashi,Freiburg,Bundesliga,2020,MF,MF,663.0,MF-0,Deep ball winning midfielders
Christian Günter,Freiburg,Bundesliga,2020,DF,DF,3029.0,DF-1,Wide attacking defenders
Dominique Heintz,Freiburg,Bundesliga,2020,DF,DF,2434.0,DF-0,Deep central defenders
Janik Haberer,Freiburg,Bundesliga,2020,MF,MF,1721.0,MF-0,Deep ball winning midfielders
Jonathan Schmid,Freiburg,Bundesliga,2020,DF,DF,2836.0,DF-1,Wide attacking defenders
Kwon Chang-hoon,Freiburg,Bundesliga,2020,MF,"MF,FW",676.0,MF-1,Advanced attacking midfielders
Luca Waldschmidt,Freiburg,Bundesliga,2020,FW,"FW,MF",1268.0,FW-0,Low involvement centre forwards
Lucas Höler,Freiburg,Bundesliga,2020,FW,"FW,MF",2485.0,FW-0,Low involvement centre forwards
Manuel Gulde,Freiburg,Bundesliga,2020,DF,DF,1371.0,DF-0,Deep central defenders
Nicolas Höfler,Freiburg,Bundesliga,2020,MF,MF,2783.0,MF-0,Deep ball winning midfielders
Nils Petersen,Freiburg,Bundesliga,2020,FW,"FW,MF",2436.0,FW-0,Low involvement centre forwards
Philipp Lienhart,Freiburg,Bundesliga,2020,DF,DF,1817.0,DF-0,Deep central defenders
Robin Koch,Freiburg,Bundesliga,2020,DF,"DF,MF",2705.0,DF-0,Deep central defenders
Roland Sallai,Freiburg,Bundesliga,2020,MF,MF,1162.0,MF-1,Advanced attacking midfielders
Vincenzo Grifo,Freiburg,Bundesliga,2020,MF,MF,1618.0,MF-1,Advanced attacking midfielders
Arne Maier,Hertha BSC,Bundesliga,2020,MF,MF,535.0,MF-0,Deep ball winning midfielders
Davie Selke,Hertha BSC,Bundesliga,2020,FW,FW,960.0,FW-0,Low involvement centre forwards
Dedryck Boyata,Hertha BSC,Bundesliga,2020,DF,DF,2436.0,DF-0,Deep central defenders
Dodi Lukebakio,Hertha BSC,Bundesliga,2020,MF,"MF,FW",2031.0,MF-1,Advanced attacking midfielders
Javairô Dilrosun,Hertha BSC,Bundesliga,2020,MF,MF,1309.0,MF-1,Advanced attacking midfielders
Jordan Torunarigha,Hertha BSC,Bundesliga,2020,DF,DF,1462.0,DF-0,Deep central defenders
Karim Rekik,Hertha BSC,Bundesliga,2020,DF,DF,1260.0,DF-0,Deep central defenders
Krzysztof Piątek,Hertha BSC,Bundesliga,2020,FW,FW,909.0,FW-0,Low involvement centre forwards
Lukas Klünter,Hertha BSC,Bundesliga,2020,DF,DF,1878.0,DF-1,Wide attacking defenders
Marius Wolf,Hertha BSC,Bundesliga,2020,MF,"MF,DF",1410.0,MF-1,Advanced attacking midfielders
Marko Grujić,Hertha BSC,Bundesliga,2020,MF,MF,2415.0,MF-0,Deep ball winning midfielders
Marvin Plattenhardt,Hertha BSC,Bundesliga,2020,DF,DF,1396.0,DF-1,Wide attacking defenders
Matheus Cunha,Hertha BSC,Bundesliga,2020,MF,"MF,FW",744.0,MF-1,Advanced attacking midfielders
Maximilian Mittelstädt,Hertha BSC,Bundesliga,2020,DF,"DF,MF",1887.0,DF-1,Wide attacking defenders
Niklas Stark,Hertha BSC,Bundesliga,2020,DF,DF,1731.0,DF-0,Deep central defenders
Per Ciljan Skjelbred,Hertha BSC,Bundesliga,2020,MF,MF,1628.0,MF-0,Deep ball winning midfielders
Peter Pekarík,Hertha BSC,Bundesliga,2020,DF,"DF,FW",769.0,DF-1,Wide attacking defenders
Santiago Ascacíbar,Hertha BSC,Bundesliga,2020,MF,MF,634.0,MF-0,Deep ball winning midfielders
Vedad Ibišević,Hertha BSC,Bundesliga,2020,FW,FW,1257.0,FW-0,Low involvement centre forwards
Vladimír Darida,Hertha BSC,Bundesliga,2020,MF,MF,2256.0,MF-1,Advanced attacking midfielders
Andrej Kramarić,Hoffenheim,Bundesliga,2020,FW,"FW,MF",1422.0,FW-1,Creating and carrying forwards
Benjamin Hübner,Hoffenheim,Bundesliga,2020,DF,DF,2070.0,DF-0,Deep central defenders
Christoph Baumgartner,Hoffenheim,Bundesliga,2020,MF,"MF,FW",1493.0,MF-1,Advanced attacking midfielders
Dennis Geiger,Hoffenheim,Bundesliga,2020,MF,MF,1136.0,MF-1,Advanced attacking midfielders
Diadie Samassékou,Hoffenheim,Bundesliga,2020,MF,MF,1310.0,MF-0,Deep ball winning midfielders
Ermin Bičakčić,Hoffenheim,Bundesliga,2020,DF,DF,1176.0,DF-0,Deep central defenders
Florian Grillitsch,Hoffenheim,Bundesliga,2020,MF,"MF,DF",2408.0,MF-0,Deep ball winning midfielders
Håvard Nordtveit,Hoffenheim,Bundesliga,2020,DF,DF,701.0,DF-0,Deep central defenders
Ihlas Bebou,Hoffenheim,Bundesliga,2020,FW,"FW,MF",2102.0,FW-0,Low involvement centre forwards
Jürgen Locadia,Hoffenheim,Bundesliga,2020,FW,FW,530.0,FW-0,Low involvement centre forwards
Kevin Akpoguma,Hoffenheim,Bundesliga,2020,DF,DF,1142.0,DF-0,Deep central defenders
Kevin Vogt,Hoffenheim,Bundesliga,2020,DF,DF,960.0,DF-0,Deep central defenders
Moanes Dabbur,Hoffenheim,Bundesliga,2020,FW,FW,766.0,FW-0,Low involvement centre forwards
Pavel Kadeřábek,Hoffenheim,Bundesliga,2020,DF,"DF,FW",2474.0,DF-1,Wide attacking defenders
Robert Skov,Hoffenheim,Bundesliga,2020,DF,"DF,MF",2608.0,DF-1,Wide attacking defenders
Sargis Adamyan,Hoffenheim,Bundesliga,2020,MF,"MF,FW",746.0,MF-1,Advanced attacking midfielders
Sebastian Rudy,Hoffenheim,Bundesliga,2020,MF,"MF,DF",2734.0,MF-0,Deep ball winning midfielders
Stefan Posch,Hoffenheim,Bundesliga,2020,DF,DF,2308.0,DF-0,Deep central defenders
Steven Zuber,Hoffenheim,Bundesliga,2020,DF,"DF,MF",749.0,DF-1,Wide attacking defenders
Anthony Modeste,Köln,Bundesliga,2020,FW,"FW,MF",1138.0,FW-0,Low involvement centre forwards
Benno Schmitz,Köln,Bundesliga,2020,DF,DF,1158.0,DF-1,Wide attacking defenders
Birger Verstraete,Köln,Bundesliga,2020,MF,MF,665.0,MF-0,Deep ball winning midfielders
Dominick Drexler,Köln,Bundesliga,2020,MF,MF,1587.0,MF-1,Advanced attacking midfielders
Ellyes Skhiri,Köln,Bundesliga,2020,MF,MF,2672.0,MF-0,Deep ball winning midfielders
Elvis Rexhbeçaj,Köln,Bundesliga,2020,MF,MF,623.0,MF-1,Advanced attacking midfielders
Florian Kainz,Köln,Bundesliga,2020,MF,MF,1561.0,MF-1,Advanced attacking midfielders
Ismail Jakobs,Köln,Bundesliga,2020,MF,"MF,DF",1672.0,MF-1,Advanced attacking midfielders
Jan Thielmann,Köln,Bundesliga,2020,MF,MF,554.0,MF-1,Advanced attacking midfielders
Jhon Córdoba,Köln,Bundesliga,2020,FW,FW,1998.0,FW-0,Low involvement centre forwards
Jonas Hector,Köln,Bundesliga,2020,MF,"MF,DF",2433.0,MF-0,Deep ball winning midfielders
Jorge Meré,Köln,Bundesliga,2020,DF,DF,619.0,DF-0,Deep central defenders
Kingsley Ehizibue,Köln,Bundesliga,2020,DF,DF,2329.0,DF-1,Wide attacking defenders
Kingsley Schindler,Köln,Bundesliga,2020,MF,"MF,FW",849.0,MF-1,Advanced attacking midfielders
Louis Schaub,Köln,Bundesliga,2020,MF,MF,623.0,MF-1,Advanced attacking midfielders
Marco Höger,Köln,Bundesliga,2020,MF,MF,676.0,MF-0,Deep ball winning midfielders
Mark Uth,Köln,Bundesliga,2020,MF,"MF,FW",1162.0,MF-1,Advanced attacking midfielders
Noah Katterbach,Köln,Bundesliga,2020,DF,DF,1316.0,DF-1,Wide attacking defenders
Rafael Czichos,Köln,Bundesliga,2020,DF,DF,2207.0,DF-0,Deep central defenders
Sebastiaan Bornauw,Köln,Bundesliga,2020,DF,DF,2447.0,DF-0,Deep central defenders
Simon Terodde,Köln,Bundesliga,2020,FW,FW,813.0,FW-0,Low involvement centre forwards
Toni Leistner,Köln,Bundesliga,2020,DF,DF,1012.0,DF-0,Deep central defenders
Aleksandar Dragović,Leverkusen,Bundesliga,2020,DF,DF,1029.0,DF-0,Deep central defenders
Charles Aránguiz,Leverkusen,Bundesliga,2020,MF,MF,2118.0,MF-0,Deep ball winning midfielders
Daley Sinkgraven,Leverkusen,Bundesliga,2020,DF,"DF,MF",909.0,DF-1,Wide attacking defenders
Edmond Tapsoba,Leverkusen,Bundesliga,2020,DF,DF,1058.0,DF-0,Deep central defenders
Jonathan Tah,Leverkusen,Bundesliga,2020,DF,DF,2092.0,DF-0,Deep central defenders
Julian Baumgartlinger,Leverkusen,Bundesliga,2020,MF,MF,1791.0,MF-0,Deep ball winning midfielders
Kai Havertz,Leverkusen,Bundesliga,2020,MF,"MF,FW",2454.0,MF-1,Advanced attacking midfielders
Karim Bellarabi,Leverkusen,Bundesliga,2020,MF,"MF,DF",1424.0,MF-1,Advanced attacking midfielders
Kerem Demirbay,Leverkusen,Bundesliga,2020,MF,MF,1573.0,MF-1,Advanced attacking midfielders
Kevin Volland,Leverkusen,Bundesliga,2020,FW,"FW,MF",2047.0,FW-0,Low involvement centre forwards
Lars Bender,Leverkusen,Bundesliga,2020,DF,"DF,MF",1373.0,DF-1,Wide attacking defenders
Leon Bailey,Leverkusen,Bundesliga,2020,MF,"MF,FW",1090.0,MF-1,Advanced attacking midfielders
Lucas Alario,Leverkusen,Bundesliga,2020,FW,FW,1174.0,FW-0,Low involvement centre forwards
Mitchell Weiser,Leverkusen,Bundesliga,2020,DF,"DF,MF",1172.0,DF-1,Wide attacking defenders
Moussa Diaby,Leverkusen,Bundesliga,2020,MF,"MF,FW",1771.0,MF-1,Advanced attacking midfielders
Nadiem Amiri,Leverkusen,Bundesliga,2020,MF,MF,1857.0,MF-1,Advanced attacking midfielders
Sven Bender,Leverkusen,Bundesliga,2020,DF,DF,2726.0,DF-0,Deep central defenders
Wendell,Leverkusen,Bundesliga,2020,DF,"DF,MF",1903.0,DF-1,Wide attacking defenders
Alassane Pléa,M'Gladbach,Bundesliga,2020,FW,"FW,MF",2143.0,FW-1,Creating and carrying forwards
Breel Embolo,M'Gladbach,Bundesliga,2020,FW,"FW,MF",1550.0,FW-1,Creating and carrying forwards
Christoph Kramer,M'Gladbach,Bundesliga,2020,MF,MF,1464.0,MF-0,Deep ball winning midfielders
Denis Zakaria,M'Gladbach,Bundesliga,2020,MF,"MF,DF",1947.0,MF-0,Deep ball winning midfielders
Florian Neuhaus,M'Gladbach,Bundesliga,2020,MF,MF,2356.0,MF-1,Advanced attacking midfielders
Jonas Hofmann,M'Gladbach,Bundesliga,2020,MF,MF,1633.0,MF-1,Advanced attacking midfielders
Lars Stindl,M'Gladbach,Bundesliga,2020,MF,"MF,FW",1432.0,MF-1,Advanced attacking midfielders
László Bénes,M'Gladbach,Bundesliga,2020,MF,MF,898.0,MF-1,Advanced attacking midfielders
Marcus Thuram,M'Gladbach,Bundesliga,2020,FW,"FW,MF",2202.0,FW-1,Creating and carrying forwards
Matthias Ginter,M'Gladbach,Bundesliga,2020,DF,DF,2780.0,DF-0,Deep central defenders
Nico Elvedi,M'Gladbach,Bundesliga,2020,DF,DF,2618.0,DF-0,Deep central defenders
Oscar Wendt,M'Gladbach,Bundesliga,2020,DF,DF,1680.0,DF-1,Wide attacking defenders
Patrick Herrmann,M'Gladbach,Bundesliga,2020,MF,"MF,FW",1453.0,MF-1,Advanced attacking midfielders
Ramy Bensebaini,M'Gladbach,Bundesliga,2020,DF,DF,1448.0,DF-1,Wide attacking defenders
Stefan Lainer,M'Gladbach,Bundesliga,2020,DF,DF,2710.0,DF-1,Wide attacking defenders
Tobias Strobl,M'Gladbach,Bundesliga,2020,MF,"MF,DF",615.0,MF-0,Deep ball winning midfielders
Tony Jantschke,M'Gladbach,Bundesliga,2020,DF,DF,1012.0,DF-0,Deep central defenders
Aarón Martín,Mainz 05,Bundesliga,2020,DF,DF,1792.0,DF-1,Wide attacking defenders
Alexander Hack,Mainz 05,Bundesliga,2020,DF,DF,805.0,DF-0,Deep central defenders
Daniel Brosinski,Mainz 05,Bundesliga,2020,DF,DF,1709.0,DF-1,Wide attacking defenders
Danny Latza,Mainz 05,Bundesliga,2020,MF,MF,1373.0,MF-0,Deep ball winning midfielders
Edimilson Fernandes,Mainz 05,Bundesliga,2020,MF,"MF,DF",1484.0,MF-0,Deep ball winning midfielders
Jean-Paul Boëtius,Mainz 05,Bundesliga,2020,MF,MF,2266.0,MF-1,Advanced attacking midfielders
Jean-Philippe Mateta,Mainz 05,Bundesliga,2020,FW,FW,1053.0,FW-0,Low involvement centre forwards
Jeffrey Bruma,Mainz 05,Bundesliga,2020,DF,DF,675.0,DF-0,Deep central defenders
Jerry St. Juste,Mainz 05,Bundesliga,2020,DF,DF,2113.0,DF-0,Deep central defenders
Karim Onisiwo,Mainz 05,Bundesliga,2020,FW,"FW,MF",1728.0,FW-0,Low involvement centre forwards
Leandro Barreiro Martins,Mainz 05,Bundesliga,2020,MF,MF,938.0,MF-0,Deep ball winning midfielders
Levin Öztunalı,Mainz 05,Bundesliga,2020,MF,"MF,DF",1778.0,MF-1,Advanced attacking midfielders
Moussa Niakhate,Mainz 05,Bundesliga,2020,DF,DF,2970.0,DF-0,Deep central defenders
Pierre Kunde,Mainz 05,Bundesliga,2020,MF,MF,1866.0,MF-0,Deep ball winning midfielders
Ridle Baku,Mainz 05,Bundesliga,2020,DF,"DF,MF",2351.0,DF-1,Wide attacking defenders
Robin Quaison,Mainz 05,Bundesliga,2020,MF,"MF,FW",2602.0,MF-1,Advanced attacking midfielders
Ronaël Pierre-Gabriel,Mainz 05,Bundesliga,2020,DF,DF,574.0,DF-1,Wide attacking defenders
Taiwo Awoniyi,Mainz 05,Bundesliga,2020,MF,"MF,FW",483.0,MF-1,Advanced attacking midfielders
Ádám Szalai,Mainz 05,Bundesliga,2020,FW,FW,1147.0,FW-0,Low involvement centre forwards
Abdelhamid Sabiri,Paderborn 07,Bundesliga,2020,MF,MF,1048.0,MF-0,Deep ball winning midfielders
Ben Zolinski,Paderborn 07,Bundesliga,2020,FW,"FW,MF",1210.0,FW-0,Low involvement centre forwards
Cauly Oliveira Souza,Paderborn 07,Bundesliga,2020,MF,"MF,FW",717.0,MF-1,Advanced attacking midfielders
Christian Strohdiek,Paderborn 07,Bundesliga,2020,DF,DF,1363.0,DF-0,Deep central defenders
Christopher Antwi-Adjei,Paderborn 07,Bundesliga,2020,MF,"MF,DF",2470.0,MF-1,Advanced attacking midfielders
Dennis Srbeny,Paderborn 07,Bundesliga,2020,FW,"FW,MF",1119.0,FW-0,Low involvement centre forwards
Gerrit Holtmann,Paderborn 07,Bundesliga,2020,MF,"MF,DF",1065.0,MF-1,Advanced attacking midfielders
Jamilu Collins,Paderborn 07,Bundesliga,2020,DF,DF,2668.0,DF-1,Wide attacking defenders
Kai Pröger,Paderborn 07,Bundesliga,2020,MF,"MF,FW",2079.0,MF-1,Advanced attacking midfielders
Klaus Gjasula,Paderborn 07,Bundesliga,2020,MF,MF,2280.0,MF-0,Deep ball winning midfielders
Laurent Jans,Paderborn 07,Bundesliga,2020,DF,DF,1571.0,DF-1,Wide attacking defenders
Luca Kilian,Paderborn 07,Bundesliga,2020,DF,DF,1261.0,DF-0,Deep central defenders
Mohamed Dräger,Paderborn 07,Bundesliga,2020,DF,DF,1455.0,DF-1,Wide attacking defenders
Sebastian Schonlau,Paderborn 07,Bundesliga,2020,DF,DF,2070.0,DF-0,Deep central defenders
Sebastian Vasiliadis,Paderborn 07,Bundesliga,2020,MF,MF,2808.0,MF-0,Deep ball winning midfielders
Streli Mamba,Paderborn 07,Bundesliga,2020,FW,FW,1521.0,FW-0,Low involvement centre forwards
Sven Michel,Paderborn 07,Bundesliga,2020,FW,FW,1376.0,FW-0,Low involvement centre forwards
Uwe Hünemeier,Paderborn 07,Bundesliga,2020,DF,DF,1209.0,DF-0,Deep central defenders
Amadou Haidara,RB Leipzig,Bundesliga,2020,MF,MF,756.0,MF-0,Deep ball winning midfielders
Angeliño,RB Leipzig,Bundesliga,2020,DF,"DF,FW",1095.0,DF-1,Wide attacking defenders
Christopher Nkunku,RB Leipzig,Bundesliga,2020,MF,"MF,FW",1925.0,MF-1,Advanced attacking midfielders
Dani Olmo,RB Leipzig,Bundesliga,2020,MF,"MF,FW",747.0,MF-1,Advanced attacking midfielders
Dayot Upamecano,RB Leipzig,Bundesliga,2020,DF,DF,2357.0,DF-0,Deep central defenders
Diego Demme,RB Leipzig,Bundesliga,2020,MF,MF,1211.0,MF-0,Deep ball winning midfielders
Emil Forsberg,RB Leipzig,Bundesliga,2020,MF,MF,1141.0,MF-1,Advanced attacking midfielders
Ibrahima Konaté,RB Leipzig,Bundesliga,2020,DF,DF,569.0,DF-0,Deep central defenders
Kevin Kampl,RB Leipzig,Bundesliga,2020,MF,MF,675.0,MF-0,Deep ball winning midfielders
Konrad Laimer,RB Leipzig,Bundesliga,2020,MF,MF,2115.0,MF-0,Deep ball winning midfielders
Lukas Klostermann,RB Leipzig,Bundesliga,2020,DF,DF,2643.0,DF-0,Deep central defenders
Marcel Halstenberg,RB Leipzig,Bundesliga,2020,DF,DF,2520.0,DF-1,Wide attacking defenders
Marcel Sabitzer,RB Leipzig,Bundesliga,2020,MF,MF,2499.0,MF-1,Advanced attacking midfielders
Nordi Mukiele,RB Leipzig,Bundesliga,2020,DF,"DF,FW",1783.0,DF-1,Wide attacking defenders
Patrik Schick,RB Leipzig,Bundesliga,2020,FW,FW,1298.0,FW-0,Low involvement centre forwards
Timo Werner,RB Leipzig,Bundesliga,2020,FW,FW,2795.0,FW-1,Creating and carrying forwards
Tyler Adams,RB Leipzig,Bundesliga,2020,MF,"MF,DF",953.0,MF-0,Deep ball winning midfielders
Willi Orban,RB Leipzig,Bundesliga,2020,DF,DF,856.0,DF-0,Deep central defenders
Yussuf Poulsen,RB Leipzig,Bundesliga,2020,FW,FW,1222.0,FW-0,Low involvement centre forwards
Ahmed Kutucu,Schalke 04,Bundesliga,2020,FW,"FW,MF",679.0,FW-0,Low involvement centre forwards
Alessandro Schöpf,Schalke 04,Bundesliga,2020,MF,MF,1432.0,MF-0,Deep ball winning midfielders
Amine Harit,Schalke 04,Bundesliga,2020,MF,MF,2102.0,MF-1,Advanced attacking midfielders
Bastian Oczipka,Schalke 04,Bundesliga,2020,DF,DF,3015.0,DF-1,Wide attacking defenders
Benito Raman,Schalke 04,Bundesliga,2020,FW,"FW,MF",1601.0,FW-0,Low involvement centre forwards
Benjamin Stambouli,Schalke 04,Bundesliga,2020,DF,DF,810.0,DF-0,Deep central defenders
Daniel Caligiuri,Schalke 04,Bundesliga,2020,MF,MF,2293.0,MF-1,Advanced attacking midfielders
Guido Burgstaller,Schalke 04,Bundesliga,2020,FW,FW,1234.0,FW-0,Low involvement centre forwards
Jonjoe Kenny,Schalke 04,Bundesliga,2020,DF,DF,2717.0,DF-1,Wide attacking defenders
Juan Miranda,Schalke 04,Bundesliga,2020,DF,DF,781.0,DF-1,Wide attacking defenders
Matija Nastasić,Schalke 04,Bundesliga,2020,DF,DF,1365.0,DF-0,Deep central defenders
Michael Gregoritsch,Schalke 04,Bundesliga,2020,FW,FW,829.0,FW-0,Low involvement centre forwards
Omar Mascarell,Schalke 04,Bundesliga,2020,MF,MF,2026.0,MF-0,Deep ball winning midfielders
Ozan Kabak,Schalke 04,Bundesliga,2020,DF,DF,1777.0,DF-0,Deep central defenders
Rabbi Matondo,Schalke 04,Bundesliga,2020,FW,"FW,MF",1162.0,FW-0,Low involvement centre forwards
Salif Sané,Schalke 04,Bundesliga,2020,DF,DF,1126.0,DF-0,Deep central defenders
Suat Serdar,Schalke 04,Bundesliga,2020,MF,MF,1599.0,MF-0,Deep ball winning midfielders
Weston McKennie,Schalke 04,Bundesliga,2020,MF,"MF,DF",2074.0,MF-0,Deep ball winning midfielders
Anthony Ujah,Union Berlin,Bundesliga,2020,FW,"FW,MF",949.0,FW-0,Low involvement centre forwards
Christian Gentner,Union Berlin,Bundesliga,2020,MF,MF,2443.0,MF-0,Deep ball winning midfielders
Christopher Lenz,Union Berlin,Bundesliga,2020,DF,"DF,MF",2267.0,DF-1,Wide attacking defenders
Christopher Trimmel,Union Berlin,Bundesliga,2020,DF,"DF,MF",2863.0,DF-1,Wide attacking defenders
Florian Hübner,Union Berlin,Bundesliga,2020,DF,DF,850.0,DF-0,Deep central defenders
Grischa Prömel,Union Berlin,Bundesliga,2020,MF,MF,924.0,MF-0,Deep ball winning midfielders
Ken Reichel,Union Berlin,Bundesliga,2020,DF,DF,533.0,DF-1,Wide attacking defenders
Keven Schlotterbeck,Union Berlin,Bundesliga,2020,DF,DF,1939.0,DF-0,Deep central defenders
Marcus Ingvartsen,Union Berlin,Bundesliga,2020,MF,"MF,FW",1716.0,MF-1,Advanced attacking midfielders
Marius Bülter,Union Berlin,Bundesliga,2020,MF,"MF,FW",2321.0,MF-1,Advanced attacking midfielders
Marvin Friedrich,Union Berlin,Bundesliga,2020,DF,DF,2789.0,DF-0,Deep central defenders
Michael Parensen,Union Berlin,Bundesliga,2020,DF,DF,628.0,DF-0,Deep central defenders
Neven Subotić,Union Berlin,Bundesliga,2020,DF,DF,1965.0,DF-0,Deep central defenders
Robert Andrich,Union Berlin,Bundesliga,2020,MF,MF,2572.0,MF-0,Deep ball winning midfielders
Sebastian Andersson,Union Berlin,Bundesliga,2020,FW,FW,2682.0,FW-0,Low involvement centre forwards
Sheraldo Becker,Union Berlin,Bundesliga,2020,MF,MF,540.0,MF-1,Advanced attacking midfielders
Yunus Mallı,Union Berlin,Bundesliga,2020,MF,"MF,FW",673.0,MF-1,Advanced attacking midfielders
Christian Groß,Werder Bremen,Bundesliga,2020,DF,"DF,MF",872.0,DF-0,Deep central defenders
Davie Selke,Werder Bremen,Bundesliga,2020,FW,FW,463.0,FW-0,Low involvement centre forwards
Davy Klaassen,Werder Bremen,Bundesliga,2020,MF,MF,2936.0,MF-0,Deep ball winning midfielders
Johannes Eggestein,Werder Bremen,Bundesliga,2020,MF,"MF,FW",510.0,MF-1,Advanced attacking midfielders
Josh Sargent,Werder Bremen,Bundesliga,2020,FW,FW,1416.0,FW-0,Low involvement centre forwards
Kevin Vogt,Werder Bremen,Bundesliga,2020,DF,"DF,MF",1105.0,DF-0,Deep central defenders
Leonardo Bittencourt,Werder Bremen,Bundesliga,2020,FW,"FW,MF",1889.0,FW-1,Creating and carrying forwards
Ludwig Augustinsson,Werder Bremen,Bundesliga,2020,DF,"DF,MF",924.0,DF-1,Wide attacking defenders
Marco Friedl,Werder Bremen,Bundesliga,2020,DF,"DF,MF",2183.0,DF-1,Wide attacking defenders
Maximilian Eggestein,Werder Bremen,Bundesliga,2020,MF,MF,2855.0,MF-0,Deep ball winning midfielders
Michael Lang,Werder Bremen,Bundesliga,2020,DF,"DF,FW",544.0,DF-1,Wide attacking defenders
Milot Rashica,Werder Bremen,Bundesliga,2020,FW,FW,2264.0,FW-1,Creating and carrying forwards
Miloš Veljković,Werder Bremen,Bundesliga,2020,DF,DF,2051.0,DF-0,Deep central defenders
Niklas Moisander,Werder Bremen,Bundesliga,2020,DF,DF,1979.0,DF-0,Deep central defenders
Nuri Şahin,Werder Bremen,Bundesliga,2020,MF,MF,1249.0,MF-0,Deep ball winning midfielders
Philipp Bargfrede,Werder Bremen,Bundesliga,2020,MF,MF,586.0,MF-0,Deep ball winning midfielders
Theodor Gebre Selassie,Werder Bremen,Bundesliga,2020,DF,"DF,MF",2427.0,DF-1,Wide attacking defenders
Yuya Osako,Werder Bremen,Bundesliga,2020,FW,"FW,MF",1848.0,FW-0,Low involvement centre forwards
Ömer Toprak,Werder Bremen,Bundesliga,2020,DF,DF,715.0,DF-0,Deep central defenders
Admir Mehmedi,Wolfsburg,Bundesliga,2020,MF,"MF,FW",1200.0,MF-1,Advanced attacking midfielders
Daniel Ginczek,Wolfsburg,Bundesliga,2020,FW,FW,768.0,FW-0,Low involvement centre forwards
Felix Klaus,Wolfsburg,Bundesliga,2020,MF,"MF,FW",670.0,MF-1,Advanced attacking midfielders
Jeffrey Bruma,Wolfsburg,Bundesliga,2020,DF,DF,810.0,DF-0,Deep central defenders
John Brooks,Wolfsburg,Bundesliga,2020,DF,DF,2224.0,DF-0,Deep central defenders
Josip Brekalo,Wolfsburg,Bundesliga,2020,MF,"MF,FW",1670.0,MF-1,Advanced attacking midfielders
Josuha Guilavogui,Wolfsburg,Bundesliga,2020,MF,"MF,DF",2062.0,MF-0,Deep ball winning midfielders
João Victor Santos Sá,Wolfsburg,Bundesliga,2020,MF,"MF,FW",1629.0,MF-1,Advanced attacking midfielders
Jérôme Roussillon,Wolfsburg,Bundesliga,2020,DF,DF,2364.0,DF-1,Wide attacking defenders
Kevin Mbabu,Wolfsburg,Bundesliga,2020,DF,DF,1696.0,DF-1,Wide attacking defenders
Marcel Tisserand,Wolfsburg,Bundesliga,2020,DF,DF,1204.0,DF-0,Deep central defenders
Marin Pongračić,Wolfsburg,Bundesliga,2020,DF,DF,928.0,DF-0,Deep central defenders
Maximilian Arnold,Wolfsburg,Bundesliga,2020,MF,MF,2821.0,MF-0,Deep ball winning midfielders
Renato Steffen,Wolfsburg,Bundesliga,2020,MF,"MF,DF",1585.0,MF-1,Advanced attacking midfielders
Robin Knoche,Wolfsburg,Bundesliga,2020,DF,DF,1594.0,DF-0,Deep central defenders
William,Wolfsburg,Bundesliga,2020,DF,DF,1364.0,DF-1,Wide attacking defenders
Wout Weghorst,Wolfsburg,Bundesliga,2020,FW,FW,2739.0,FW-0,Low involvement centre forwards
Xaver Schlager,Wolfsburg,Bundesliga,2020,MF,MF,1719.0,MF-0,Deep ball winning midfielders
Yannick Gerhardt,Wolfsburg,Bundesliga,2020,MF,MF,828.0,MF-0,Deep ball winning midfielders
Adrián Marín,Alavés,La Liga,2020,DF,DF,852.0,DF-1,Wide attacking defenders
Aleix Vidal,Alavés,La Liga,2020,MF,MF,2165.0,MF-1,Advanced attacking midfielders
Borja Sainz,Alavés,La Liga,2020,MF,MF,573.0,MF-1,Advanced attacking midfielders
Joselu,Alavés,La Liga,2020,FW,FW,2782.0,FW-0,Low involvement centre forwards
Lisandro Magallán,Alavés,La Liga,2020,DF,DF,1197.0,DF-0,Deep central defenders
Ljubomir Fejsa,Alavés,La Liga,2020,MF,MF,786.0,MF-0,Deep ball winning midfielders
Lucas Pérez,Alavés,La Liga,2020,FW,FW,2496.0,FW-0,Low involvement centre forwards
Luis Rioja,Alavés,La Liga,2020,MF,MF,1634.0,MF-1,Advanced attacking midfielders
Manu García,Alavés,La Liga,2020,MF,MF,1967.0,MF-0,Deep ball winning midfielders
Martin Agirregabiria,Alavés,La Liga,2020,DF,DF,2099.0,DF-1,Wide attacking defenders
Oliver Burke,Alavés,La Liga,2020,MF,"MF,FW",1429.0,MF-1,Advanced attacking midfielders
Pere Pons,Alavés,La Liga,2020,MF,MF,1088.0,MF-0,Deep ball winning midfielders
Rodrigo Ely,Alavés,La Liga,2020,DF,DF,2121.0,DF-0,Deep central defenders
Rubén Duarte,Alavés,La Liga,2020,DF,DF,2663.0,DF-1,Wide attacking defenders
Tomás Pina Isla,Alavés,La Liga,2020,MF,MF,1344.0,MF-0,Deep ball winning midfielders
Víctor Camarasa,Alavés,La Liga,2020,MF,MF,1293.0,MF-0,Deep ball winning midfielders
Víctor Laguardia,Alavés,La Liga,2020,DF,DF,2654.0,DF-0,Deep central defenders
Wakaso,Alavés,La Liga,2020,MF,MF,1283.0,MF-0,Deep ball winning midfielders
Ximo Navarro,Alavés,La Liga,2020,DF,DF,1903.0,DF-0,Deep central defenders
Édgar Méndez,Alavés,La Liga,2020,MF,MF,864.0,MF-1,Advanced attacking midfielders
Ander Capa,Athletic Club,La Liga,2020,DF,DF,2872.0,DF-1,Wide attacking defenders
Asier Villalibre,Athletic Club,La Liga,2020,FW,"FW,MF",531.0,FW-0,Low involvement centre forwards
Dani García,Athletic Club,La Liga,2020,MF,MF,3029.0,MF-0,Deep ball winning midfielders
Ibai Gómez,Athletic Club,La Liga,2020,MF,MF,695.0,MF-1,Advanced attacking midfielders
Iker Muniain,Athletic Club,La Liga,2020,MF,MF,2382.0,MF-1,Advanced attacking midfielders
Iñaki Williams,Athletic Club,La Liga,2020,FW,"FW,MF",2939.0,FW-0,Low involvement centre forwards
Iñigo Córdoba,Athletic Club,La Liga,2020,MF,MF,1442.0,MF-1,Advanced attacking midfielders
Iñigo Lekue,Athletic Club,La Liga,2020,MF,"MF,DF",623.0,MF-1,Advanced attacking midfielders
Iñigo Martínez,Athletic Club,La Liga,2020,DF,DF,2970.0,DF-0,Deep central defenders
Mikel Balenziaga,Athletic Club,La Liga,2020,DF,DF,563.0,DF-0,Deep central defenders
Mikel Vesga,Athletic Club,La Liga,2020,MF,MF,1269.0,MF-0,Deep ball winning midfielders
Oihan Sancet,Athletic Club,La Liga,2020,MF,MF,741.0,MF-1,Advanced attacking midfielders
Raúl García,Athletic Club,La Liga,2020,MF,"MF,FW",2869.0,MF-1,Advanced attacking midfielders
Unai López,Athletic Club,La Liga,2020,MF,MF,1787.0,MF-0,Deep ball winning midfielders
Unai Núñez,Athletic Club,La Liga,2020,DF,DF,1572.0,DF-0,Deep central defenders
Yeray Álvarez,Athletic Club,La Liga,2020,DF,DF,2810.0,DF-0,Deep central defenders
Yuri Berchiche,Athletic Club,La Liga,2020,DF,DF,2850.0,DF-1,Wide attacking defenders
Óscar de Marcos,Athletic Club,La Liga,2020,MF,"MF,DF",541.0,MF-0,Deep ball winning midfielders
Diego Costa,Atlético Madrid,La Liga,2020,FW,FW,1350.0,FW-0,Low involvement centre forwards
Felipe,Atlético Madrid,La Liga,2020,DF,DF,2102.0,DF-0,Deep central defenders
Héctor Herrera,Atlético Madrid,La Liga,2020,MF,MF,1123.0,MF-0,Deep ball winning midfielders
José María Giménez,Atlético Madrid,La Liga,2020,DF,DF,1755.0,DF-0,Deep central defenders
João Félix,Atlético Madrid,La Liga,2020,FW,"FW,MF",1745.0,FW-0,Low involvement centre forwards
Kieran Trippier,Atlético Madrid,La Liga,2020,DF,DF,1979.0,DF-1,Wide attacking defenders
Koke,Atlético Madrid,La Liga,2020,MF,MF,2698.0,MF-0,Deep ball winning midfielders
Marcos Llorente,Atlético Madrid,La Liga,2020,MF,"MF,FW",1368.0,MF-1,Advanced attacking midfielders
Mario Hermoso,Atlético Madrid,La Liga,2020,DF,DF,1217.0,DF-0,Deep central defenders
Renan Lodi,Atlético Madrid,La Liga,2020,DF,DF,2396.0,DF-1,Wide attacking defenders
Santiago Arias,Atlético Madrid,La Liga,2020,DF,DF,1076.0,DF-1,Wide attacking defenders
Saúl Ñíguez,Atlético Madrid,La Liga,2020,MF,"MF,DF",3072.0,MF-0,Deep ball winning midfielders
Stefan Savić,Atlético Madrid,La Liga,2020,DF,DF,1980.0,DF-0,Deep central defenders
Thomas Lemar,Atlético Madrid,La Liga,2020,MF,MF,925.0,MF-1,Advanced attacking midfielders
Thomas Partey,Atlético Madrid,La Liga,2020,MF,MF,2549.0,MF-0,Deep ball winning midfielders
Vitolo,Atlético Madrid,La Liga,2020,MF,"MF,FW",1227.0,MF-1,Advanced attacking midfielders
Yannick Carrasco,Atlético Madrid,La Liga,2020,MF,"MF,FW",631.0,MF-1,Advanced attacking midfielders
Álvaro Morata,Atlético Madrid,La Liga,2020,FW,FW,2098.0,FW-0,Low involvement centre forwards
Ángel Correa,Atlético Madrid,La Liga,2020,MF,"MF,FW",2061.0,MF-1,Advanced attacking midfielders
Ansu Fati,Barcelona,La Liga,2020,FW,"FW,MF",1027.0,FW-1,Creating and carrying forwards
Antoine Griezmann,Barcelona,La Liga,2020,FW,FW,2549.0,FW-0,Low involvement centre forwards
Arthur Melo,Barcelona,La Liga,2020,MF,MF,1182.0,MF-0,Deep ball winning midfielders
Arturo Vidal,Barcelona,La Liga,2020,MF,MF,1671.0,MF-1,Advanced attacking midfielders
Carles Pérez,Barcelona,La Liga,2020,FW,FW,476.0,FW-1,Creating and carrying forwards
Clément Lenglet,Barcelona,La Liga,2020,DF,DF,2424.0,DF-0,Deep central defenders
Frenkie de Jong,Barcelona,La Liga,2020,MF,MF,2115.0,MF-0,Deep ball winning midfielders
Gerard Piqué,Barcelona,La Liga,2020,DF,DF,3092.0,DF-0,Deep central defenders
Ivan Rakitić,Barcelona,La Liga,2020,MF,MF,1589.0,MF-0,Deep ball winning midfielders
Jordi Alba,Barcelona,La Liga,2020,DF,DF,2187.0,DF-1,Wide attacking defenders
Junior Firpo,Barcelona,La Liga,2020,DF,DF,1014.0,DF-1,Wide attacking defenders
Lionel Messi,Barcelona,La Liga,2020,FW,FW,2880.0,FW-1,Creating and carrying forwards
Luis Suárez,Barcelona,La Liga,2020,FW,FW,1998.0,FW-0,Low involvement centre forwards
Nélson Semedo,Barcelona,La Liga,2020,DF,DF,2097.0,DF-1,Wide attacking defenders
Riqui Puig,Barcelona,La Liga,2020,MF,MF,510.0,MF-1,Advanced attacking midfielders
Samuel Umtiti,Barcelona,La Liga,2020,DF,DF,949.0,DF-0,Deep central defenders
Sergi Roberto,Barcelona,La Liga,2020,DF,"DF,MF",2339.0,DF-1,Wide attacking defenders
Sergio Busquets,Barcelona,La Liga,2020,MF,MF,2483.0,MF-0,Deep ball winning midfielders
Alfonso Pedraza,Betis,La Liga,2020,DF,DF,1349.0,DF-1,Wide attacking defenders
Andrés Guardado,Betis,La Liga,2020,MF,MF,2046.0,MF-0,Deep ball winning midfielders
Antonio Barragán,Betis,La Liga,2020,DF,DF,641.0,DF-1,Wide attacking defenders
Aïssa Mandi,Betis,La Liga,2020,DF,DF,2576.0,DF-0,Deep central defenders
Borja Iglesias,Betis,La Liga,2020,FW,FW,1922.0,FW-0,Low involvement centre forwards
Carles Aleñá,Betis,La Liga,2020,MF,MF,735.0,MF-0,Deep ball winning midfielders
Cristian Tello,Betis,La Liga,2020,MF,"MF,FW",787.0,MF-1,Advanced attacking midfielders
Emerson,Betis,La Liga,2020,DF,DF,2839.0,DF-1,Wide attacking defenders
Guido Rodríguez,Betis,La Liga,2020,MF,MF,936.0,MF-0,Deep ball winning midfielders
Joaquín,Betis,La Liga,2020,MF,MF,2060.0,MF-1,Advanced attacking midfielders
Loren Morón,Betis,La Liga,2020,FW,FW,2031.0,FW-0,Low involvement centre forwards
Marc Bartra,Betis,La Liga,2020,DF,"DF,MF",2524.0,DF-0,Deep central defenders
Nabil Fekir,Betis,La Liga,2020,MF,"MF,FW",2638.0,MF-1,Advanced attacking midfielders
Sergio Canales,Betis,La Liga,2020,MF,MF,3163.0,MF-1,Advanced attacking midfielders
Sidnei,Betis,La Liga,2020,DF,DF,1175.0,DF-0,Deep central defenders
William Carvalho,Betis,La Liga,2020,MF,MF,892.0,MF-0,Deep ball winning midfielders
Zouhair Feddal,Betis,La Liga,2020,DF,DF,1431.0,DF-0,Deep central defenders
Álex Moreno,Betis,La Liga,2020,DF,DF,2265.0,DF-1,Wide attacking defenders
Édgar González,Betis,La Liga,2020,MF,MF,681.0,MF-0,Deep ball winning midfielders
Brais Méndez,Celta Vigo,La Liga,2020,MF,"MF,FW",1477.0,MF-1,Advanced attacking midfielders
Denis Suárez,Celta Vigo,La Liga,2020,MF,"MF,FW",1630.0,MF-1,Advanced attacking midfielders
Filip Bradarić,Celta Vigo,La Liga,2020,MF,MF,706.0,MF-0,Deep ball winning midfielders
Fran Beltrán,Celta Vigo,La Liga,2020,MF,MF,1830.0,MF-0,Deep ball winning midfielders
Fyodor Smolov,Celta Vigo,La Liga,2020,FW,FW,743.0,FW-0,Low involvement centre forwards
Gabriel Fernández,Celta Vigo,La Liga,2020,FW,"FW,MF",561.0,FW-0,Low involvement centre forwards
Hugo Mallo,Celta Vigo,La Liga,2020,DF,DF,1965.0,DF-1,Wide attacking defenders
Iago Aspas,Celta Vigo,La Liga,2020,FW,FW,3262.0,FW-1,Creating and carrying forwards
Jeison Murillo,Celta Vigo,La Liga,2020,DF,DF,1529.0,DF-0,Deep central defenders
Joseph Aidoo,Celta Vigo,La Liga,2020,DF,DF,2502.0,DF-0,Deep central defenders
Kevin Vázquez,Celta Vigo,La Liga,2020,DF,DF,1325.0,DF-1,Wide attacking defenders
Lucas Olaza,Celta Vigo,La Liga,2020,DF,DF,3144.0,DF-1,Wide attacking defenders
Néstor Araujo,Celta Vigo,La Liga,2020,DF,DF,2888.0,DF-0,Deep central defenders
Okay Yokuşlu,Celta Vigo,La Liga,2020,MF,MF,1973.0,MF-0,Deep ball winning midfielders
Pape Cheikh Diop,Celta Vigo,La Liga,2020,MF,MF,599.0,MF-0,Deep ball winning midfielders
Pione Sisto,Celta Vigo,La Liga,2020,MF,"MF,FW",891.0,MF-1,Advanced attacking midfielders
Rafinha,Celta Vigo,La Liga,2020,MF,MF,2111.0,MF-0,Deep ball winning midfielders
Santi Mina,Celta Vigo,La Liga,2020,FW,"FW,MF",1944.0,FW-0,Low involvement centre forwards
Stanislav Lobotka,Celta Vigo,La Liga,2020,MF,MF,1383.0,MF-0,Deep ball winning midfielders
Anaitz Arbilla,Eibar,La Liga,2020,DF,DF,2007.0,DF-0,Deep central defenders
Charles,Eibar,La Liga,2020,FW,FW,1301.0,FW-0,Low involvement centre forwards
Edu Expósito,Eibar,La Liga,2020,MF,MF,2316.0,MF-0,Deep ball winning midfielders
Esteban Burgos,Eibar,La Liga,2020,DF,DF,1119.0,DF-0,Deep central defenders
Fabián Orellana,Eibar,La Liga,2020,MF,"MF,FW",2390.0,MF-1,Advanced attacking midfielders
Gonzalo Escalante,Eibar,La Liga,2020,MF,MF,1674.0,MF-0,Deep ball winning midfielders
Iván Ramis,Eibar,La Liga,2020,DF,DF,457.0,DF-0,Deep central defenders
José Ángel,Eibar,La Liga,2020,DF,DF,2360.0,DF-1,Wide attacking defenders
Kike,Eibar,La Liga,2020,FW,FW,1767.0,FW-0,Low involvement centre forwards
Pablo de Blasis,Eibar,La Liga,2020,DF,"DF,MF",1604.0,DF-1,Wide attacking defenders
Papakouli Diop,Eibar,La Liga,2020,MF,MF,2253.0,MF-0,Deep ball winning midfielders
Paulo Oliveira,Eibar,La Liga,2020,DF,DF,2090.0,DF-0,Deep central defenders
Pedro Bigas,Eibar,La Liga,2020,DF,DF,1777.0,DF-0,Deep central defenders
Pedro León,Eibar,La Liga,2020,MF,MF,1896.0,MF-1,Advanced attacking midfielders
Quique,Eibar,La Liga,2020,FW,"FW,MF",490.0,FW-0,Low involvement centre forwards
Rober Correa,Eibar,La Liga,2020,DF,DF,929.0,DF-1,Wide attacking defenders
Sebastián Cristóforo,Eibar,La Liga,2020,MF,MF,877.0,MF-0,Deep ball winning midfielders
Sergi Enrich,Eibar,La Liga,2020,FW,FW,1865.0,FW-0,Low involvement centre forwards
Sergio Álvarez,Eibar,La Liga,2020,MF,"MF,DF",1147.0,MF-0,Deep ball winning midfielders
Takashi Inui,Eibar,La Liga,2020,MF,"MF,FW",1960.0,MF-1,Advanced attacking midfielders
Álvaro Tejero,Eibar,La Liga,2020,DF,DF,1447.0,DF-1,Wide attacking defenders
Adri Embarba,Espanyol,La Liga,2020,MF,"MF,FW",1371.0,MF-1,Advanced attacking midfielders
Bernardo Espinosa,Espanyol,La Liga,2020,DF,DF,2259.0,DF-0,Deep central defenders
David López,Espanyol,La Liga,2020,DF,"DF,MF",2455.0,DF-0,Deep central defenders
Dídac Vilà,Espanyol,La Liga,2020,DF,DF,2492.0,DF-1,Wide attacking defenders
Esteban Granero,Espanyol,La Liga,2020,MF,MF,473.0,MF-1,Advanced attacking midfielders
Facundo Ferreyra,Espanyol,La Liga,2020,FW,"FW,MF",574.0,FW-0,Low involvement centre forwards
Fernando Calero,Espanyol,La Liga,2020,DF,DF,1043.0,DF-0,Deep central defenders
Javi López,Espanyol,La Liga,2020,DF,DF,1384.0,DF-1,Wide attacking defenders
Jonathan Calleri,Espanyol,La Liga,2020,FW,FW,1811.0,FW-0,Low involvement centre forwards
Leandro Cabrera,Espanyol,La Liga,2020,DF,DF,1530.0,DF-0,Deep central defenders
Marc Roca,Espanyol,La Liga,2020,MF,MF,3008.0,MF-0,Deep ball winning midfielders
Matías Vargas,Espanyol,La Liga,2020,MF,"MF,FW",1024.0,MF-1,Advanced attacking midfielders
Naldo,Espanyol,La Liga,2020,DF,DF,1332.0,DF-0,Deep central defenders
Pedrosa,Espanyol,La Liga,2020,DF,"DF,MF",1087.0,DF-1,Wide attacking defenders
Pipa,Espanyol,La Liga,2020,DF,"DF,FW",473.0,DF-1,Wide attacking defenders
Raúl de Tomás,Espanyol,La Liga,2020,FW,FW,1075.0,FW-0,Low involvement centre forwards
Sergi Darder,Espanyol,La Liga,2020,MF,MF,2658.0,MF-1,Advanced attacking midfielders
Victor Perea,Espanyol,La Liga,2020,DF,"DF,FW",1270.0,DF-1,Wide attacking defenders
Víctor Campuzano,Espanyol,La Liga,2020,FW,FW,870.0,FW-0,Low involvement centre forwards
Víctor Sánchez,Espanyol,La Liga,2020,MF,MF,1688.0,MF-0,Deep ball winning midfielders
Wu Lei,Espanyol,La Liga,2020,MF,"MF,FW",1719.0,MF-1,Advanced attacking midfielders
Óscar Melendo,Espanyol,La Liga,2020,MF,MF,1115.0,MF-1,Advanced attacking midfielders
Allan Nyom,Getafe,La Liga,2020,DF,"DF,MF",2422.0,DF-1,Wide attacking defenders
Damián Suárez,Getafe,La Liga,2020,DF,DF,2592.0,DF-1,Wide attacking defenders
David Timor,Getafe,La Liga,2020,MF,"MF,DF",943.0,MF-0,Deep ball winning midfielders
Djené,Getafe,La Liga,2020,DF,DF,3060.0,DF-0,Deep central defenders
Jaime Mata,Getafe,La Liga,2020,FW,FW,2747.0,FW-0,Low involvement centre forwards
Jason,Getafe,La Liga,2020,MF,MF,1175.0,MF-1,Advanced attacking midfielders
Jorge Molina,Getafe,La Liga,2020,FW,FW,1886.0,FW-0,Low involvement centre forwards
Kenedy,Getafe,La Liga,2020,MF,MF,586.0,MF-1,Advanced attacking midfielders
Leandro Cabrera,Getafe,La Liga,2020,DF,DF,1530.0,DF-0,Deep central defenders
Marc Cucurella,Getafe,La Liga,2020,MF,"MF,DF",3237.0,MF-1,Advanced attacking midfielders
Mathías Olivera,Getafe,La Liga,2020,DF,DF,1870.0,DF-1,Wide attacking defenders
Mauro Arambarri,Getafe,La Liga,2020,MF,MF,3069.0,MF-0,Deep ball winning midfielders
Nemanja Maksimović,Getafe,La Liga,2020,MF,MF,2895.0,MF-0,Deep ball winning midfielders
Oghenekaro Etebo,Getafe,La Liga,2020,MF,MF,572.0,MF-0,Deep ball winning midfielders
Xabier Etxeita,Getafe,La Liga,2020,DF,DF,1446.0,DF-0,Deep central defenders
Ángel Rodríguez,Getafe,La Liga,2020,FW,FW,1407.0,FW-0,Low involvement centre forwards
Antonio Puertas,Granada,La Liga,2020,MF,MF,2563.0,MF-1,Advanced attacking midfielders
Carlos Fernández,Granada,La Liga,2020,FW,"FW,MF",2201.0,FW-0,Low involvement centre forwards
Carlos Neva,Granada,La Liga,2020,DF,DF,2205.0,DF-1,Wide attacking defenders
Darwin Machís,Granada,La Liga,2020,MF,"MF,FW",2129.0,MF-1,Advanced attacking midfielders
Dimitri Foulquier,Granada,La Liga,2020,DF,"DF,MF",1119.0,DF-1,Wide attacking defenders
Domingos Duarte,Granada,La Liga,2020,DF,DF,3087.0,DF-0,Deep central defenders
Fede Vico,Granada,La Liga,2020,MF,"MF,FW",876.0,MF-1,Advanced attacking midfielders
Germán Sánchez,Granada,La Liga,2020,DF,DF,2293.0,DF-0,Deep central defenders
Jesús Vallejo,Granada,La Liga,2020,DF,DF,629.0,DF-0,Deep central defenders
José Antonio Martínez Gil,Granada,La Liga,2020,DF,DF,1191.0,DF-0,Deep central defenders
Maxime Gonalons,Granada,La Liga,2020,MF,MF,1506.0,MF-0,Deep ball winning midfielders
Quini,Granada,La Liga,2020,DF,DF,718.0,DF-1,Wide attacking defenders
Ramon Azeez,Granada,La Liga,2020,MF,MF,1361.0,MF-0,Deep ball winning midfielders
Roberto Soldado,Granada,La Liga,2020,FW,FW,2347.0,FW-0,Low involvement centre forwards
Víctor Díaz,Granada,La Liga,2020,DF,DF,2884.0,DF-1,Wide attacking defenders
Yan Brice Eteki,Granada,La Liga,2020,MF,MF,1499.0,MF-0,Deep ball winning midfielders
Yangel Herrera,Granada,La Liga,2020,MF,MF,2368.0,MF-0,Deep ball winning midfielders
Álvaro Vadillo,Granada,La Liga,2020,MF,MF,1218.0,MF-1,Advanced attacking midfielders
Ángel Montoro,Granada,La Liga,2020,MF,MF,973.0,MF-0,Deep ball winning midfielders
Aitor Ruibal,Leganés,La Liga,2020,DF,"DF,MF",1220.0,DF-1,Wide attacking defenders
Bryan,Leganés,La Liga,2020,MF,"MF,DF",558.0,MF-1,Advanced attacking midfielders
Chidozie Awaziem,Leganés,La Liga,2020,DF,DF,1997.0,DF-0,Deep central defenders
Dimitris Siovas,Leganés,La Liga,2020,DF,DF,1918.0,DF-0,Deep central defenders
Guido Carrillo,Leganés,La Liga,2020,FW,FW,1213.0,FW-0,Low involvement centre forwards
Ibrahim Amadou,Leganés,La Liga,2020,MF,MF,770.0,MF-0,Deep ball winning midfielders
Javier Eraso,Leganés,La Liga,2020,MF,MF,815.0,MF-1,Advanced attacking midfielders
Jonathan Silva,Leganés,La Liga,2020,DF,DF,2785.0,DF-1,Wide attacking defenders
Kenneth Omeruo,Leganés,La Liga,2020,DF,DF,1874.0,DF-0,Deep central defenders
Kévin Rodrigues,Leganés,La Liga,2020,DF,"DF,MF",1931.0,DF-1,Wide attacking defenders
Martin Braithwaite,Leganés,La Liga,2020,FW,"FW,MF",1934.0,FW-0,Low involvement centre forwards
Miguel Ángel Guerrero,Leganés,La Liga,2020,FW,FW,790.0,FW-0,Low involvement centre forwards
Recio,Leganés,La Liga,2020,MF,MF,1570.0,MF-0,Deep ball winning midfielders
Roberto Rosales,Leganés,La Liga,2020,DF,DF,1871.0,DF-1,Wide attacking defenders
Rodrigo Tarín,Leganés,La Liga,2020,DF,DF,951.0,DF-0,Deep central defenders
Roger Assalé,Leganés,La Liga,2020,FW,"FW,MF",531.0,FW-0,Low involvement centre forwards
Roque Mesa,Leganés,La Liga,2020,MF,MF,2012.0,MF-1,Advanced attacking midfielders
Rubén Pérez,Leganés,La Liga,2020,MF,MF,2194.0,MF-0,Deep ball winning midfielders
Unai Bustinza,Leganés,La Liga,2020,DF,DF,2684.0,DF-0,Deep central defenders
Youssef En-Nesyri,Leganés,La Liga,2020,FW,FW,1385.0,FW-0,Low involvement centre forwards
Óscar Rodríguez Arnaiz,Leganés,La Liga,2020,MF,"MF,FW",1914.0,MF-1,Advanced attacking midfielders
Borja Mayoral,Levante,La Liga,2020,FW,FW,2140.0,FW-0,Low involvement centre forwards
Bruno González,Levante,La Liga,2020,DF,DF,456.0,DF-0,Deep central defenders
Carlos Clerc,Levante,La Liga,2020,DF,DF,1848.0,DF-1,Wide attacking defenders
Coke,Levante,La Liga,2020,DF,DF,989.0,DF-1,Wide attacking defenders
Enis Bardhi,Levante,La Liga,2020,MF,MF,2114.0,MF-1,Advanced attacking midfielders
Erick Cabaco,Levante,La Liga,2020,DF,DF,809.0,DF-0,Deep central defenders
Gonzalo Melero,Levante,La Liga,2020,MF,MF,1236.0,MF-0,Deep ball winning midfielders
Hernâni Fortes,Levante,La Liga,2020,MF,"MF,FW",654.0,MF-1,Advanced attacking midfielders
Jorge Miramón,Levante,La Liga,2020,DF,DF,2432.0,DF-1,Wide attacking defenders
José Campaña,Levante,La Liga,2020,MF,MF,3156.0,MF-1,Advanced attacking midfielders
José Luis Morales,Levante,La Liga,2020,FW,"FW,MF",2519.0,FW-0,Low involvement centre forwards
Nemanja Radoja,Levante,La Liga,2020,MF,MF,1993.0,MF-0,Deep ball winning midfielders
Nikola Vukčević,Levante,La Liga,2020,MF,MF,1569.0,MF-0,Deep ball winning midfielders
Roger Martí,Levante,La Liga,2020,FW,FW,2267.0,FW-0,Low involvement centre forwards
Rubén Rochina,Levante,La Liga,2020,MF,MF,1875.0,MF-1,Advanced attacking midfielders
Rúben Vezo,Levante,La Liga,2020,DF,DF,2610.0,DF-0,Deep central defenders
Sergio León,Levante,La Liga,2020,FW,FW,672.0,FW-0,Low involvement centre forwards
Sergio Postigo,Levante,La Liga,2020,DF,DF,2374.0,DF-0,Deep central defenders
Toño,Levante,La Liga,2020,DF,DF,1589.0,DF-1,Wide attacking defenders
Óscar Duarte,Levante,La Liga,2020,DF,DF,485.0,DF-0,Deep central defenders
Aleix Febas,Mallorca,La Liga,2020,MF,"MF,FW",1690.0,MF-0,Deep ball winning midfielders
Alejandro Pozo Pozo,Mallorca,La Liga,2020,DF,DF,1498.0,DF-1,Wide attacking defenders
Aleksandar Sedlar,Mallorca,La Liga,2020,DF,DF,814.0,DF-0,Deep central defenders
Ante Budimir,Mallorca,La Liga,2020,FW,FW,2765.0,FW-0,Low involvement centre forwards
Antonio Raillo,Mallorca,La Liga,2020,DF,DF,2775.0,DF-0,Deep central defenders
Cucho,Mallorca,La Liga,2020,FW,"FW,MF",1487.0,FW-0,Low involvement centre forwards
Dani Rodríguez,Mallorca,La Liga,2020,MF,"MF,FW",3039.0,MF-1,Advanced attacking midfielders
Fran Gámez,Mallorca,La Liga,2020,DF,DF,1768.0,DF-1,Wide attacking defenders
Iddrisu Baba,Mallorca,La Liga,2020,MF,MF,2903.0,MF-0,Deep ball winning midfielders
Joan Sastre Vanrell,Mallorca,La Liga,2020,DF,DF,1360.0,DF-1,Wide attacking defenders
Lago Junior,Mallorca,La Liga,2020,MF,"MF,FW",2188.0,MF-1,Advanced attacking midfielders
Lumor Agbenyenu,Mallorca,La Liga,2020,DF,DF,1805.0,DF-1,Wide attacking defenders
Martin Valjent,Mallorca,La Liga,2020,DF,DF,3182.0,DF-0,Deep central defenders
Salva Sevilla,Mallorca,La Liga,2020,MF,MF,2568.0,MF-0,Deep ball winning midfielders
Takefusa Kubo,Mallorca,La Liga,2020,MF,MF,2312.0,MF-1,Advanced attacking midfielders
Xisco Campos,Mallorca,La Liga,2020,DF,DF,473.0,DF-0,Deep central defenders
Adrián López,Osasuna,La Liga,2020,FW,"FW,MF",1443.0,FW-0,Low involvement centre forwards
Aridane Hernández,Osasuna,La Liga,2020,DF,DF,2610.0,DF-0,Deep central defenders
Darko Brašanac,Osasuna,La Liga,2020,MF,MF,2245.0,MF-0,Deep ball winning midfielders
David García,Osasuna,La Liga,2020,DF,DF,2793.0,DF-0,Deep central defenders
Enric Gallego,Osasuna,La Liga,2020,FW,FW,880.0,FW-0,Low involvement centre forwards
Ezequiel Ávila,Osasuna,La Liga,2020,FW,FW,1591.0,FW-0,Low involvement centre forwards
Facundo Roncaglia,Osasuna,La Liga,2020,DF,DF,1277.0,DF-0,Deep central defenders
Fran Mérida,Osasuna,La Liga,2020,MF,MF,1161.0,MF-0,Deep ball winning midfielders
Iñigo Pérez,Osasuna,La Liga,2020,MF,MF,1082.0,MF-0,Deep ball winning midfielders
Jon Moncayola,Osasuna,La Liga,2020,MF,"MF,DF",1496.0,MF-0,Deep ball winning midfielders
José Arnaiz,Osasuna,La Liga,2020,FW,"FW,MF",791.0,FW-0,Low involvement centre forwards
Marc Cardona,Osasuna,La Liga,2020,FW,"FW,MF",705.0,FW-0,Low involvement centre forwards
Nacho Vidal,Osasuna,La Liga,2020,DF,DF,2332.0,DF-1,Wide attacking defenders
Oier Sanjurjo,Osasuna,La Liga,2020,MF,MF,2320.0,MF-0,Deep ball winning midfielders
Pervis Estupiñán,Osasuna,La Liga,2020,DF,DF,2979.0,DF-1,Wide attacking defenders
Raúl Navas,Osasuna,La Liga,2020,DF,DF,711.0,DF-0,Deep central defenders
Robert Ibáñez,Osasuna,La Liga,2020,MF,"MF,FW",537.0,MF-1,Advanced attacking midfielders
Roberto Torres,Osasuna,La Liga,2020,MF,MF,2717.0,MF-1,Advanced attacking midfielders
Rubén García,Osasuna,La Liga,2020,MF,"MF,FW",2188.0,MF-1,Advanced attacking midfielders
Toni Lato,Osasuna,La Liga,2020,DF,"DF,MF",470.0,DF-1,Wide attacking defenders
Unai García,Osasuna,La Liga,2020,DF,DF,536.0,DF-0,Deep central defenders
Casemiro,Real Madrid,La Liga,2020,MF,MF,3088.0,MF-0,Deep ball winning midfielders
Dani Carvajal,Real Madrid,La Liga,2020,DF,DF,2738.0,DF-1,Wide attacking defenders
Eden Hazard,Real Madrid,La Liga,2020,FW,"FW,MF",1077.0,FW-1,Creating and carrying forwards
Federico Valverde,Real Madrid,La Liga,2020,MF,MF,1907.0,MF-0,Deep ball winning midfielders
Ferland Mendy,Real Madrid,La Liga,2020,DF,DF,1809.0,DF-1,Wide attacking defenders
Gareth Bale,Real Madrid,La Liga,2020,FW,"FW,MF",1089.0,FW-1,Creating and carrying forwards
Isco,Real Madrid,La Liga,2020,FW,"FW,MF",1181.0,FW-1,Creating and carrying forwards
Karim Benzema,Real Madrid,La Liga,2020,FW,FW,3141.0,FW-1,Creating and carrying forwards
Lucas Vázquez,Real Madrid,La Liga,2020,MF,"MF,FW",848.0,MF-1,Advanced attacking midfielders
Luka Modrić,Real Madrid,La Liga,2020,MF,MF,1996.0,MF-1,Advanced attacking midfielders
Marcelo,Real Madrid,La Liga,2020,DF,DF,1296.0,DF-1,Wide attacking defenders
Raphaël Varane,Real Madrid,La Liga,2020,DF,DF,2822.0,DF-0,Deep central defenders
Rodrygo,Real Madrid,La Liga,2020,FW,FW,1019.0,FW-1,Creating and carrying forwards
Sergio Ramos,Real Madrid,La Liga,2020,DF,DF,3013.0,DF-0,Deep central defenders
Toni Kroos,Real Madrid,La Liga,2020,MF,MF,2652.0,MF-0,Deep ball winning midfielders
Vinicius Júnior,Real Madrid,La Liga,2020,FW,"FW,MF",1364.0,FW-1,Creating and carrying forwards
Éder Militão,Real Madrid,La Liga,2020,DF,DF,1022.0,DF-0,Deep central defenders
Adnan Januzaj,Real Sociedad,La Liga,2020,MF,"MF,FW",1167.0,MF-1,Advanced attacking midfielders
Aihen Muñoz,Real Sociedad,La Liga,2020,DF,DF,981.0,DF-1,Wide attacking defenders
Alexander Isak,Real Sociedad,La Liga,2020,FW,FW,1507.0,FW-0,Low involvement centre forwards
Ander Guevara,Real Sociedad,La Liga,2020,MF,MF,939.0,MF-0,Deep ball winning midfielders
Andoni Gorosabel,Real Sociedad,La Liga,2020,DF,DF,714.0,DF-1,Wide attacking defenders
Aritz Elustondo,Real Sociedad,La Liga,2020,DF,DF,1510.0,DF-0,Deep central defenders
Diego Llorente,Real Sociedad,La Liga,2020,DF,DF,2327.0,DF-0,Deep central defenders
Igor Zubeldia,Real Sociedad,La Liga,2020,MF,"MF,DF",2640.0,MF-0,Deep ball winning midfielders
Joseba Zaldúa,Real Sociedad,La Liga,2020,DF,DF,2545.0,DF-1,Wide attacking defenders
Martin Ødegaard,Real Sociedad,La Liga,2020,MF,MF,2527.0,MF-1,Advanced attacking midfielders
Martín Zubimendi,Real Sociedad,La Liga,2020,MF,MF,524.0,MF-0,Deep ball winning midfielders
Mikel Merino,Real Sociedad,La Liga,2020,MF,MF,3139.0,MF-0,Deep ball winning midfielders
Mikel Oyarzabal,Real Sociedad,La Liga,2020,MF,"MF,FW",3051.0,MF-1,Advanced attacking midfielders
Nacho Monreal,Real Sociedad,La Liga,2020,DF,DF,2390.0,DF-1,Wide attacking defenders
Portu,Real Sociedad,La Liga,2020,MF,"MF,FW",2393.0,MF-1,Advanced attacking midfielders
Robin Le Normand,Real Sociedad,La Liga,2020,DF,DF,2394.0,DF-0,Deep central defenders
Willian José,Real Sociedad,La Liga,2020,FW,FW,2011.0,FW-0,Low involvement centre forwards
Daniel Carriço,Sevilla,La Liga,2020,DF,DF,847.0,DF-0,Deep central defenders
Diego Carlos,Sevilla,La Liga,2020,DF,DF,3134.0,DF-0,Deep central defenders
Fernando,Sevilla,La Liga,2020,MF,MF,2659.0,MF-0,Deep ball winning midfielders
Franco Vázquez,Sevilla,La Liga,2020,MF,"MF,FW",1098.0,MF-0,Deep ball winning midfielders
Jesús Navas,Sevilla,La Liga,2020,DF,DF,3369.0,DF-1,Wide attacking defenders
Joan Jordán,Sevilla,La Liga,2020,MF,MF,2254.0,MF-0,Deep ball winning midfielders
Jules Koundé,Sevilla,La Liga,2020,DF,DF,2309.0,DF-0,Deep central defenders
Lucas Ocampos,Sevilla,La Liga,2020,FW,"FW,MF",2745.0,FW-1,Creating and carrying forwards
Luuk de Jong,Sevilla,La Liga,2020,FW,FW,2059.0,FW-0,Low involvement centre forwards
Munir El Haddadi,Sevilla,La Liga,2020,FW,FW,1250.0,FW-1,Creating and carrying forwards
Nemanja Gudelj,Sevilla,La Liga,2020,MF,"MF,DF",1216.0,MF-0,Deep ball winning midfielders
Nolito,Sevilla,La Liga,2020,FW,"FW,MF",898.0,FW-1,Creating and carrying forwards
Sergi Gómez,Sevilla,La Liga,2020,DF,DF,717.0,DF-0,Deep central defenders
Sergio Escudero,Sevilla,La Liga,2020,DF,DF,773.0,DF-1,Wide attacking defenders
Sergio Reguilón,Sevilla,La Liga,2020,DF,DF,2509.0,DF-1,Wide attacking defenders
Suso,Sevilla,La Liga,2020,FW,"FW,MF",785.0,FW-1,Creating and carrying forwards
Youssef En-Nesyri,Sevilla,La Liga,2020,FW,FW,796.0,FW-0,Low involvement centre forwards
Éver Banega,Sevilla,La Liga,2020,MF,MF,2475.0,MF-1,Advanced attacking midfielders
Óliver Torres,Sevilla,La Liga,2020,MF,"MF,FW",1596.0,MF-1,Advanced attacking midfielders
Alessandro Florenzi,Valencia,La Liga,2020,DF,DF,752.0,DF-1,Wide attacking defenders
Carlos Soler,Valencia,La Liga,2020,MF,MF,2066.0,MF-0,Deep ball winning midfielders
Daniel Parejo,Valencia,La Liga,2020,MF,MF,3024.0,MF-0,Deep ball winning midfielders
Daniel Wass,Valencia,La Liga,2020,DF,"DF,MF",2733.0,DF-1,Wide attacking defenders
Denis Cheryshev,Valencia,La Liga,2020,MF,MF,926.0,MF-1,Advanced attacking midfielders
Eliaquim Mangala,Valencia,La Liga,2020,DF,DF,673.0,DF-0,Deep central defenders
Ezequiel Garay,Valencia,La Liga,2020,DF,DF,1437.0,DF-0,Deep central defenders
Ferrán Torres,Valencia,La Liga,2020,MF,MF,2251.0,MF-1,Advanced attacking midfielders
Francis Coquelin,Valencia,La Liga,2020,MF,MF,1905.0,MF-0,Deep ball winning midfielders
Gabriel Paulista,Valencia,La Liga,2020,DF,DF,2801.0,DF-0,Deep central defenders
Geoffrey Kondogbia,Valencia,La Liga,2020,MF,MF,1807.0,MF-0,Deep ball winning midfielders
Gonçalo Guedes,Valencia,La Liga,2020,MF,"MF,FW",1266.0,MF-1,Advanced attacking midfielders
Hugo Guillamón,Valencia,La Liga,2020,DF,DF,495.0,DF-0,Deep central defenders
Jaume Costa,Valencia,La Liga,2020,DF,DF,1389.0,DF-1,Wide attacking defenders
José Luis Gayà,Valencia,La Liga,2020,DF,DF,1988.0,DF-1,Wide attacking defenders
Kévin Gameiro,Valencia,La Liga,2020,FW,FW,1581.0,FW-0,Low involvement centre forwards
Lee Kangin,Valencia,La Liga,2020,MF,"MF,FW",454.0,MF-1,Advanced attacking midfielders
Maxi Gómez,Valencia,La Liga,2020,FW,FW,2143.0,FW-0,Low involvement centre forwards
Mouctar Diakhaby,Valencia,La Liga,2020,DF,DF,1444.0,DF-0,Deep central defenders
Rodrigo,Valencia,La Liga,2020,FW,FW,1880.0,FW-0,Low involvement centre forwards
Antoñito,Valladolid,La Liga,2020,DF,"DF,MF",1029.0,DF-1,Wide attacking defenders
Enes Ünal,Valladolid,La Liga,2020,FW,FW,2344.0,FW-0,Low involvement centre forwards
Fede San Emeterio,Valladolid,La Liga,2020,MF,MF,1751.0,MF-0,Deep ball winning midfielders
Federico Barba,Valladolid,La Liga,2020,DF,DF,450.0,DF-0,Deep central defenders
Javi Moyano,Valladolid,La Liga,2020,DF,DF,2227.0,DF-0,Deep central defenders
Javi Sánchez,Valladolid,La Liga,2020,DF,DF,497.0,DF-0,Deep central defenders
Joaquín Fernández,Valladolid,La Liga,2020,MF,"MF,DF",1659.0,MF-0,Deep ball winning midfielders
Kiko Olivas,Valladolid,La Liga,2020,DF,DF,2943.0,DF-0,Deep central defenders
Mohammed Salisu,Valladolid,La Liga,2020,DF,DF,2725.0,DF-0,Deep central defenders
Míchel,Valladolid,La Liga,2020,MF,MF,2178.0,MF-0,Deep ball winning midfielders
Nacho,Valladolid,La Liga,2020,DF,DF,1893.0,DF-1,Wide attacking defenders
Pablo Hervías,Valladolid,La Liga,2020,MF,MF,1017.0,MF-1,Advanced attacking midfielders
Pedro Porro,Valladolid,La Liga,2020,DF,"DF,MF",739.0,DF-1,Wide attacking defenders
Raúl García,Valladolid,La Liga,2020,DF,"DF,MF",1012.0,DF-1,Wide attacking defenders
Rubén Alcaraz,Valladolid,La Liga,2020,MF,MF,1927.0,MF-0,Deep ball winning midfielders
Sandro Ramírez,Valladolid,La Liga,2020,FW,"FW,MF",1306.0,FW-0,Low involvement centre forwards
Sergi Guardiola,Valladolid,La Liga,2020,FW,FW,2655.0,FW-0,Low involvement centre forwards
Toni Villa,Valladolid,La Liga,2020,MF,MF,1354.0,MF-1,Advanced attacking midfielders
Waldo Rubio,Valladolid,La Liga,2020,MF,"MF,FW",878.0,MF-1,Advanced attacking midfielders
Óscar Plano,Valladolid,La Liga,2020,MF,MF,2505.0,MF-1,Advanced attacking midfielders
Alberto Moreno,Villarreal,La Liga,2020,DF,DF,1471.0,DF-1,Wide attacking defenders
Andre-Frank Zambo Anguissa,Villarreal,La Liga,2020,MF,MF,2583.0,MF-0,Deep ball winning midfielders
Carlos Bacca,Villarreal,La Liga,2020,FW,FW,688.0,FW-0,Low involvement centre forwards
Gerard Moreno,Villarreal,La Liga,2020,FW,"FW,MF",2744.0,FW-1,Creating and carrying forwards
Javier Ontiveros,Villarreal,La Liga,2020,MF,"MF,FW",889.0,MF-1,Advanced attacking midfielders
Karl Toko Ekambi,Villarreal,La Liga,2020,FW,"FW,MF",993.0,FW-0,Low involvement centre forwards
Manu Trigueros,Villarreal,La Liga,2020,MF,MF,1547.0,MF-0,Deep ball winning midfielders
Mario Gaspar,Villarreal,La Liga,2020,DF,DF,1962.0,DF-1,Wide attacking defenders
Moi Gómez,Villarreal,La Liga,2020,MF,"MF,FW",2319.0,MF-1,Advanced attacking midfielders
Paco Alcácer,Villarreal,La Liga,2020,FW,FW,924.0,FW-0,Low involvement centre forwards
Pau Torres,Villarreal,La Liga,2020,DF,DF,2971.0,DF-0,Deep central defenders
Ramiro Funes Mori,Villarreal,La Liga,2020,DF,DF,453.0,DF-0,Deep central defenders
Raúl Albiol,Villarreal,La Liga,2020,DF,DF,3237.0,DF-0,Deep central defenders
Rubén Peña,Villarreal,La Liga,2020,DF,DF,1909.0,DF-1,Wide attacking defenders
Samuel Chukwueze,Villarreal,La Liga,2020,MF,"MF,FW",2048.0,MF-1,Advanced attacking midfielders
Santi Cazorla,Villarreal,La Liga,2020,MF,MF,2450.0,MF-1,Advanced attacking midfielders
Vicente Iborra,Villarreal,La Liga,2020,MF,MF,2648.0,MF-0,Deep ball winning midfielders
Xavi Quintillà,Villarreal,La Liga,2020,DF,DF,1573.0,DF-1,Wide attacking defenders
Alexis Blin,Amiens,Ligue 1,2020,MF,MF,1841.0,MF-0,Deep ball winning midfielders
Arturo Calabresi,Amiens,Ligue 1,2020,DF,DF,1878.0,DF-1,Wide attacking defenders
Aurélien Chedjou,Amiens,Ligue 1,2020,DF,DF,1971.0,DF-0,Deep central defenders
Bakaye Dibassy,Amiens,Ligue 1,2020,DF,DF,1868.0,DF-0,Deep central defenders
Bongani Zungu,Amiens,Ligue 1,2020,MF,MF,992.0,MF-0,Deep ball winning midfielders
Chadrac Akolo,Amiens,Ligue 1,2020,MF,MF,544.0,MF-1,Advanced attacking midfielders
Christophe Jallet,Amiens,Ligue 1,2020,DF,DF,855.0,DF-1,Wide attacking defenders
Eddy Gnahoré,Amiens,Ligue 1,2020,MF,MF,1133.0,MF-0,Deep ball winning midfielders
Fousseni Diabaté,Amiens,Ligue 1,2020,MF,MF,1190.0,MF-1,Advanced attacking midfielders
Gaël Kakuta,Amiens,Ligue 1,2020,MF,MF,2001.0,MF-1,Advanced attacking midfielders
Haitam Aleesami,Amiens,Ligue 1,2020,DF,DF,1916.0,DF-1,Wide attacking defenders
Jordan Lefort,Amiens,Ligue 1,2020,DF,DF,842.0,DF-0,Deep central defenders
Juan Ferney Otero,Amiens,Ligue 1,2020,MF,"MF,FW",1202.0,MF-1,Advanced attacking midfielders
Moussa Konaté,Amiens,Ligue 1,2020,FW,FW,614.0,FW-0,Low involvement centre forwards
Nicholas Opoku,Amiens,Ligue 1,2020,DF,DF,630.0,DF-0,Deep central defenders
Sehrou Guirassy,Amiens,Ligue 1,2020,FW,FW,1921.0,FW-0,Low involvement centre forwards
Stiven Mendoza,Amiens,Ligue 1,2020,MF,"MF,FW",1101.0,MF-1,Advanced attacking midfielders
Thomas Monconduit,Amiens,Ligue 1,2020,MF,MF,1364.0,MF-0,Deep ball winning midfielders
Abdoulaye Bamba,Angers,Ligue 1,2020,DF,DF,554.0,DF-0,Deep central defenders
Angelo Fulgini,Angers,Ligue 1,2020,MF,MF,1579.0,MF-1,Advanced attacking midfielders
Antonin Bobichon,Angers,Ligue 1,2020,MF,MF,649.0,MF-1,Advanced attacking midfielders
Baptiste Santamaria,Angers,Ligue 1,2020,MF,MF,2505.0,MF-0,Deep ball winning midfielders
Casimir Ninga,Angers,Ligue 1,2020,MF,"MF,FW",683.0,MF-1,Advanced attacking midfielders
Ismaël Traoré,Angers,Ligue 1,2020,DF,DF,2052.0,DF-0,Deep central defenders
Mateo Pavlović,Angers,Ligue 1,2020,DF,DF,812.0,DF-0,Deep central defenders
Mathias Pereira Lage,Angers,Ligue 1,2020,MF,MF,1542.0,MF-1,Advanced attacking midfielders
Pierrick Capelle,Angers,Ligue 1,2020,MF,"MF,DF",1747.0,MF-1,Advanced attacking midfielders
Rachid Alioui,Angers,Ligue 1,2020,FW,FW,1563.0,FW-0,Low involvement centre forwards
Rayan Aït Nouri,Angers,Ligue 1,2020,DF,DF,1282.0,DF-1,Wide attacking defenders
Romain Thomas,Angers,Ligue 1,2020,DF,DF,2340.0,DF-0,Deep central defenders
Sada Thioub,Angers,Ligue 1,2020,MF,"MF,FW",1508.0,MF-1,Advanced attacking midfielders
Souleyman Doumbia,Angers,Ligue 1,2020,DF,DF,450.0,DF-1,Wide attacking defenders
Stéphane Bahoken,Angers,Ligue 1,2020,FW,FW,907.0,FW-0,Low involvement centre forwards
Thomas Mangani,Angers,Ligue 1,2020,MF,MF,1871.0,MF-0,Deep ball winning midfielders
Théo Pellenard,Angers,Ligue 1,2020,DF,DF,455.0,DF-1,Wide attacking defenders
Vincent Manceau,Angers,Ligue 1,2020,DF,DF,1980.0,DF-1,Wide attacking defenders
Aurélien Tchouaméni,Bordeaux,Ligue 1,2020,MF,MF,1110.0,MF-0,Deep ball winning midfielders
Enock Kwateng,Bordeaux,Ligue 1,2020,DF,DF,983.0,DF-1,Wide attacking defenders
François Kamano,Bordeaux,Ligue 1,2020,DF,"DF,MF",648.0,DF-1,Wide attacking defenders
Hwang Ui-jo,Bordeaux,Ligue 1,2020,MF,"MF,FW",1633.0,MF-1,Advanced attacking midfielders
Jimmy Briand,Bordeaux,Ligue 1,2020,FW,FW,1525.0,FW-0,Low involvement centre forwards
Josh Maja,Bordeaux,Ligue 1,2020,FW,FW,735.0,FW-0,Low involvement centre forwards
Laurent Koscielny,Bordeaux,Ligue 1,2020,DF,DF,2183.0,DF-0,Deep central defenders
Loris Benito,Bordeaux,Ligue 1,2020,DF,DF,1896.0,DF-1,Wide attacking defenders
Mexer,Bordeaux,Ligue 1,2020,DF,DF,1488.0,DF-0,Deep central defenders
Nicolas de Préville,Bordeaux,Ligue 1,2020,MF,"MF,FW",1995.0,MF-1,Advanced attacking midfielders
Otávio,Bordeaux,Ligue 1,2020,MF,MF,2211.0,MF-0,Deep ball winning midfielders
Pablo,Bordeaux,Ligue 1,2020,DF,DF,2173.0,DF-0,Deep central defenders
Remi Oudin,Bordeaux,Ligue 1,2020,MF,MF,562.0,MF-1,Advanced attacking midfielders
Samuel Kalu,Bordeaux,Ligue 1,2020,MF,"MF,DF",1357.0,MF-1,Advanced attacking midfielders
Toma Bašić,Bordeaux,Ligue 1,2020,MF,MF,991.0,MF-0,Deep ball winning midfielders
Vukašin Jovanović,Bordeaux,Ligue 1,2020,DF,DF,573.0,DF-0,Deep central defenders
Yacine Adli,Bordeaux,Ligue 1,2020,MF,MF,1020.0,MF-1,Advanced attacking midfielders
Youssef Aït Bennasser,Bordeaux,Ligue 1,2020,MF,MF,536.0,MF-0,Deep ball winning midfielders
Youssouf Sabaly,Bordeaux,Ligue 1,2020,DF,DF,913.0,DF-1,Wide attacking defenders
Alexandre Mendy,Brest,Ligue 1,2020,FW,"FW,MF",899.0,FW-0,Low involvement centre forwards
Brendan Chardonnet,Brest,Ligue 1,2020,DF,DF,823.0,DF-0,Deep central defenders
Cristian Battocchio,Brest,Ligue 1,2020,MF,MF,1392.0,MF-0,Deep ball winning midfielders
Dénys Bain,Brest,Ligue 1,2020,DF,DF,1268.0,DF-0,Deep central defenders
Gaëtan Belaud,Brest,Ligue 1,2020,DF,DF,580.0,DF-1,Wide attacking defenders
Gaëtan Charbonnier,Brest,Ligue 1,2020,FW,"FW,MF",2065.0,FW-0,Low involvement centre forwards
Haris Belkebla,Brest,Ligue 1,2020,MF,MF,1816.0,MF-0,Deep ball winning midfielders
Ibrahima Diallo,Brest,Ligue 1,2020,MF,MF,1561.0,MF-0,Deep ball winning midfielders
Irvin Cardona,Brest,Ligue 1,2020,FW,"FW,MF",1450.0,FW-0,Low involvement centre forwards
Jean-Charles Castelletto,Brest,Ligue 1,2020,DF,DF,1838.0,DF-0,Deep central defenders
Jean-Kevin Duverne,Brest,Ligue 1,2020,DF,DF,1178.0,DF-0,Deep central defenders
Julien Faussurier,Brest,Ligue 1,2020,DF,DF,1980.0,DF-1,Wide attacking defenders
Ludovic Baal,Brest,Ligue 1,2020,DF,DF,827.0,DF-1,Wide attacking defenders
Mathias Autret,Brest,Ligue 1,2020,MF,"MF,FW",1222.0,MF-1,Advanced attacking midfielders
Paul Lasne,Brest,Ligue 1,2020,MF,MF,1224.0,MF-0,Deep ball winning midfielders
Romain Perraud,Brest,Ligue 1,2020,DF,DF,1670.0,DF-1,Wide attacking defenders
Samuel Grandsir,Brest,Ligue 1,2020,MF,"MF,FW",1492.0,MF-1,Advanced attacking midfielders
Yoann Court,Brest,Ligue 1,2020,MF,"MF,FW",1465.0,MF-1,Advanced attacking midfielders
Bruno Ecuele Manga,Dijon,Ligue 1,2020,DF,DF,2520.0,DF-0,Deep central defenders
Didier Ibrahim Ndong,Dijon,Ligue 1,2020,MF,MF,2386.0,MF-0,Deep ball winning midfielders
Fouad Chafik,Dijon,Ligue 1,2020,DF,DF,1528.0,DF-1,Wide attacking defenders
Frédéric Sammaritano,Dijon,Ligue 1,2020,MF,"MF,FW",518.0,MF-1,Advanced attacking midfielders
Hamza Mendyl,Dijon,Ligue 1,2020,DF,DF,1441.0,DF-1,Wide attacking defenders
Jhonder Cádiz,Dijon,Ligue 1,2020,FW,"FW,MF",799.0,FW-0,Low involvement centre forwards
Júlio Tavares,Dijon,Ligue 1,2020,FW,FW,1997.0,FW-0,Low involvement centre forwards
Mama Samba Baldé,Dijon,Ligue 1,2020,MF,"MF,FW",1676.0,MF-1,Advanced attacking midfielders
Matheus Pereira da Silva,Dijon,Ligue 1,2020,MF,"MF,FW",465.0,MF-1,Advanced attacking midfielders
Mickaël Alphonse,Dijon,Ligue 1,2020,DF,DF,1378.0,DF-1,Wide attacking defenders
Mounir Chouiar,Dijon,Ligue 1,2020,MF,MF,1506.0,MF-1,Advanced attacking midfielders
Muzinga Ngonda,Dijon,Ligue 1,2020,DF,DF,540.0,DF-1,Wide attacking defenders
Nayef Aguerd,Dijon,Ligue 1,2020,DF,DF,957.0,DF-0,Deep central defenders
Romain Amalfitano,Dijon,Ligue 1,2020,MF,MF,1695.0,MF-0,Deep ball winning midfielders
Senou Coulibaly,Dijon,Ligue 1,2020,DF,DF,666.0,DF-0,Deep central defenders
Stephy Mavididi,Dijon,Ligue 1,2020,MF,"MF,FW",1391.0,MF-1,Advanced attacking midfielders
Wesley Lautoa,Dijon,Ligue 1,2020,MF,"MF,DF",1869.0,MF-0,Deep ball winning midfielders
Benjamin André,Lille,Ligue 1,2020,MF,MF,2054.0,MF-0,Deep ball winning midfielders
Boubakary Soumaré,Lille,Ligue 1,2020,MF,MF,1213.0,MF-0,Deep ball winning midfielders
Domagoj Bradarić,Lille,Ligue 1,2020,DF,DF,1419.0,DF-1,Wide attacking defenders
Gabriel Dos Santos,Lille,Ligue 1,2020,DF,DF,2087.0,DF-0,Deep central defenders
Jonathan Bamba,Lille,Ligue 1,2020,MF,MF,1937.0,MF-1,Advanced attacking midfielders
Jonathan Ikone,Lille,Ligue 1,2020,MF,"MF,FW",2057.0,MF-1,Advanced attacking midfielders
José Fonte,Lille,Ligue 1,2020,DF,DF,2205.0,DF-0,Deep central defenders
Jérémy Pied,Lille,Ligue 1,2020,DF,DF,450.0,DF-1,Wide attacking defenders
Loïc Rémy,Lille,Ligue 1,2020,FW,FW,963.0,FW-0,Low involvement centre forwards
Luiz Araújo,Lille,Ligue 1,2020,MF,"MF,FW",828.0,MF-1,Advanced attacking midfielders
Reinildo Mandava,Lille,Ligue 1,2020,DF,"DF,MF",1110.0,DF-1,Wide attacking defenders
Renato Sanches,Lille,Ligue 1,2020,MF,MF,1483.0,MF-1,Advanced attacking midfielders
Tiago Djaló,Lille,Ligue 1,2020,DF,DF,661.0,DF-0,Deep central defenders
Victor Osimhen,Lille,Ligue 1,2020,FW,FW,2287.0,FW-0,Low involvement centre forwards
Xeka,Lille,Ligue 1,2020,MF,MF,709.0,MF-0,Deep ball winning midfielders
Yusuf Yazıcı,Lille,Ligue 1,2020,MF,"MF,FW",848.0,MF-1,Advanced attacking midfielders
Zeki Çelik,Lille,Ligue 1,2020,DF,DF,2070.0,DF-1,Wide attacking defenders
Bertrand Traoré,Lyon,Ligue 1,2020,MF,"MF,FW",1253.0,MF-1,Advanced attacking midfielders
Fernando Marçal,Lyon,Ligue 1,2020,DF,DF,829.0,DF-1,Wide attacking defenders
Houssem Aouar,Lyon,Ligue 1,2020,MF,MF,1956.0,MF-1,Advanced attacking midfielders
Jason Denayer,Lyon,Ligue 1,2020,DF,DF,2131.0,DF-0,Deep central defenders
Jeff Reine-Adélaïde,Lyon,Ligue 1,2020,MF,MF,783.0,MF-1,Advanced attacking midfielders
Joachim Andersen,Lyon,Ligue 1,2020,DF,DF,1531.0,DF-0,Deep central defenders
Karl Toko Ekambi,Lyon,Ligue 1,2020,FW,"FW,MF",538.0,FW-1,Creating and carrying forwards
Kenny Tete,Lyon,Ligue 1,2020,DF,DF,1072.0,DF-1,Wide attacking defenders
Leo Dubois,Lyon,Ligue 1,2020,DF,DF,1346.0,DF-1,Wide attacking defenders
Lucas Tousart,Lyon,Ligue 1,2020,MF,MF,1763.0,MF-0,Deep ball winning midfielders
Marcelo,Lyon,Ligue 1,2020,DF,DF,1503.0,DF-0,Deep central defenders
Martin Terrier,Lyon,Ligue 1,2020,MF,"MF,FW",1198.0,MF-1,Advanced attacking midfielders
Maxence Caqueret,Lyon,Ligue 1,2020,MF,MF,568.0,MF-0,Deep ball winning midfielders
Maxwel Cornet,Lyon,Ligue 1,2020,FW,"FW,MF",1330.0,FW-1,Creating and carrying forwards
Memphis Depay,Lyon,Ligue 1,2020,FW,"FW,MF",1018.0,FW-1,Creating and carrying forwards
Moussa Dembélé,Lyon,Ligue 1,2020,FW,FW,2188.0,FW-0,Low involvement centre forwards
Rafael,Lyon,Ligue 1,2020,DF,DF,700.0,DF-1,Wide attacking defenders
Thiago Mendes,Lyon,Ligue 1,2020,MF,MF,1812.0,MF-0,Deep ball winning midfielders
Youssouf Koné,Lyon,Ligue 1,2020,DF,DF,818.0,DF-1,Wide attacking defenders
Boubacar Kamara,Marseille,Ligue 1,2020,DF,"DF,MF",2139.0,DF-0,Deep central defenders
Bouna Sarr,Marseille,Ligue 1,2020,DF,"DF,FW",2164.0,DF-1,Wide attacking defenders
Darío Benedetto,Marseille,Ligue 1,2020,FW,FW,2101.0,FW-0,Low involvement centre forwards
Dimitri Payet,Marseille,Ligue 1,2020,FW,"FW,MF",1930.0,FW-1,Creating and carrying forwards
Duje Ćaleta-Car,Marseille,Ligue 1,2020,DF,DF,1886.0,DF-0,Deep central defenders
Hiroki Sakai,Marseille,Ligue 1,2020,DF,DF,1620.0,DF-1,Wide attacking defenders
Jordan Amavi,Marseille,Ligue 1,2020,DF,DF,2164.0,DF-1,Wide attacking defenders
Kevin Strootman,Marseille,Ligue 1,2020,MF,MF,1416.0,MF-0,Deep ball winning midfielders
Maxime Lopez,Marseille,Ligue 1,2020,MF,"MF,FW",1110.0,MF-1,Advanced attacking midfielders
Morgan Sanson,Marseille,Ligue 1,2020,MF,MF,2173.0,MF-1,Advanced attacking midfielders
Nemanja Radonjić,Marseille,Ligue 1,2020,FW,"FW,MF",880.0,FW-1,Creating and carrying forwards
Valentin Rongier,Marseille,Ligue 1,2020,MF,MF,1790.0,MF-0,Deep ball winning midfielders
Valère Germain,Marseille,Ligue 1,2020,FW,"FW,MF",1350.0,FW-0,Low involvement centre forwards
Álvaro González,Marseille,Ligue 1,2020,DF,DF,1628.0,DF-0,Deep central defenders
Adama Traoré,Metz,Ligue 1,2020,FW,"FW,MF",1007.0,FW-1,Creating and carrying forwards
Dylan Bronn,Metz,Ligue 1,2020,DF,DF,810.0,DF-0,Deep central defenders
Fabien Centonze,Metz,Ligue 1,2020,DF,DF,2520.0,DF-1,Wide attacking defenders
Farid Boulaya,Metz,Ligue 1,2020,FW,FW,821.0,FW-1,Creating and carrying forwards
Habib Diallo,Metz,Ligue 1,2020,FW,FW,2196.0,FW-0,Low involvement centre forwards
Habib Maïga,Metz,Ligue 1,2020,MF,MF,2266.0,MF-0,Deep ball winning midfielders
Ibrahima Niane,Metz,Ligue 1,2020,FW,FW,951.0,FW-0,Low involvement centre forwards
John Boye,Metz,Ligue 1,2020,DF,DF,2115.0,DF-0,Deep central defenders
Kévin N'Doram,Metz,Ligue 1,2020,MF,MF,1646.0,MF-0,Deep ball winning midfielders
Mamadou Fofana,Metz,Ligue 1,2020,DF,"DF,MF",1587.0,DF-0,Deep central defenders
Marvin Gakpa,Metz,Ligue 1,2020,MF,"MF,FW",468.0,MF-1,Advanced attacking midfielders
Matthieu Udol,Metz,Ligue 1,2020,DF,DF,1102.0,DF-1,Wide attacking defenders
Opa Nguette,Metz,Ligue 1,2020,FW,FW,1826.0,FW-1,Creating and carrying forwards
Renaud Cohade,Metz,Ligue 1,2020,MF,MF,764.0,MF-0,Deep ball winning midfielders
Stoppila Sunzu,Metz,Ligue 1,2020,DF,DF,1352.0,DF-0,Deep central defenders
Thierry Ambrose,Metz,Ligue 1,2020,FW,"FW,MF",548.0,FW-1,Creating and carrying forwards
Thomas Delaine,Metz,Ligue 1,2020,DF,DF,1254.0,DF-1,Wide attacking defenders
Victorien Angban,Metz,Ligue 1,2020,MF,MF,1029.0,MF-0,Deep ball winning midfielders
Vincent Pajot,Metz,Ligue 1,2020,MF,MF,519.0,MF-0,Deep ball winning midfielders
Adrien Silva,Monaco,Ligue 1,2020,MF,MF,1221.0,MF-0,Deep ball winning midfielders
Aleksandr Golovin,Monaco,Ligue 1,2020,MF,MF,2061.0,MF-1,Advanced attacking midfielders
Benjamin Henrichs,Monaco,Ligue 1,2020,DF,"DF,MF",890.0,DF-1,Wide attacking defenders
Benoît Badiashile,Monaco,Ligue 1,2020,DF,DF,1411.0,DF-0,Deep central defenders
Cesc Fàbregas,Monaco,Ligue 1,2020,MF,MF,930.0,MF-1,Advanced attacking midfielders
Fodé Ballo-Touré,Monaco,Ligue 1,2020,DF,DF,1679.0,DF-1,Wide attacking defenders
Gelson Martins,Monaco,Ligue 1,2020,MF,"MF,DF",1674.0,MF-1,Advanced attacking midfielders
Gil Bastião Dias,Monaco,Ligue 1,2020,DF,"DF,MF",1057.0,DF-1,Wide attacking defenders
Guillermo Maripán,Monaco,Ligue 1,2020,DF,DF,1753.0,DF-0,Deep central defenders
Islam Slimani,Monaco,Ligue 1,2020,FW,FW,1285.0,FW-1,Creating and carrying forwards
Jemerson,Monaco,Ligue 1,2020,DF,"DF,MF",1056.0,DF-0,Deep central defenders
Kamil Glik,Monaco,Ligue 1,2020,DF,DF,2070.0,DF-0,Deep central defenders
Keita Baldé,Monaco,Ligue 1,2020,MF,"MF,FW",858.0,MF-1,Advanced attacking midfielders
Ruben Aguilar,Monaco,Ligue 1,2020,DF,DF,1072.0,DF-1,Wide attacking defenders
Stevan Jovetić,Monaco,Ligue 1,2020,FW,"FW,MF",473.0,FW-1,Creating and carrying forwards
Tiemoué Bakayoko,Monaco,Ligue 1,2020,MF,MF,1719.0,MF-0,Deep ball winning midfielders
Wissam Ben Yedder,Monaco,Ligue 1,2020,FW,FW,2164.0,FW-1,Creating and carrying forwards
Youssouf Fofana,Monaco,Ligue 1,2020,MF,MF,610.0,MF-0,Deep ball winning midfielders
Ambroise Oyongo,Montpellier,Ligue 1,2020,DF,"DF,FW",1821.0,DF-1,Wide attacking defenders
Andy Delort,Montpellier,Ligue 1,2020,FW,FW,2280.0,FW-0,Low involvement centre forwards
Arnaud Souquet,Montpellier,Ligue 1,2020,DF,"DF,FW",2016.0,DF-1,Wide attacking defenders
Damien Le Tallec,Montpellier,Ligue 1,2020,MF,"MF,DF",2458.0,MF-0,Deep ball winning midfielders
Daniel Congré,Montpellier,Ligue 1,2020,DF,DF,1941.0,DF-0,Deep central defenders
Florent Mollet,Montpellier,Ligue 1,2020,MF,"MF,FW",1684.0,MF-1,Advanced attacking midfielders
Gaëtan Laborde,Montpellier,Ligue 1,2020,FW,FW,2237.0,FW-0,Low involvement centre forwards
Jordan Ferri,Montpellier,Ligue 1,2020,MF,MF,1150.0,MF-0,Deep ball winning midfielders
Joris Chotard,Montpellier,Ligue 1,2020,MF,MF,1251.0,MF-0,Deep ball winning midfielders
Junior Sambia,Montpellier,Ligue 1,2020,DF,"DF,MF",587.0,DF-1,Wide attacking defenders
Mihailo Ristić,Montpellier,Ligue 1,2020,DF,"DF,MF",811.0,DF-1,Wide attacking defenders
Nicolas Cozza,Montpellier,Ligue 1,2020,DF,DF,556.0,DF-0,Deep central defenders
Pedro Mendes,Montpellier,Ligue 1,2020,DF,DF,1376.0,DF-0,Deep central defenders
Téji Savanier,Montpellier,Ligue 1,2020,MF,MF,1524.0,MF-0,Deep ball winning midfielders
Vitorino Hilton,Montpellier,Ligue 1,2020,DF,DF,2510.0,DF-0,Deep central defenders
Abdoul Kader Bamba,Nantes,Ligue 1,2020,MF,MF,1468.0,MF-1,Advanced attacking midfielders
Abdoulaye Touré,Nantes,Ligue 1,2020,MF,MF,2221.0,MF-0,Deep ball winning midfielders
Andrei Girotto,Nantes,Ligue 1,2020,DF,DF,2177.0,DF-0,Deep central defenders
Charles Traore,Nantes,Ligue 1,2020,DF,DF,1738.0,DF-0,Deep central defenders
Dennis Appiah,Nantes,Ligue 1,2020,DF,DF,1605.0,DF-0,Deep central defenders
Fábio,Nantes,Ligue 1,2020,DF,DF,834.0,DF-1,Wide attacking defenders
Imran Louza,Nantes,Ligue 1,2020,MF,MF,2009.0,MF-1,Advanced attacking midfielders
Kalifa Coulibaly,Nantes,Ligue 1,2020,FW,FW,1616.0,FW-0,Low involvement centre forwards
Ludovic Blas,Nantes,Ligue 1,2020,MF,"MF,FW",1845.0,MF-1,Advanced attacking midfielders
Mehdi Abeid,Nantes,Ligue 1,2020,MF,MF,1817.0,MF-0,Deep ball winning midfielders
Molla Wagué,Nantes,Ligue 1,2020,DF,DF,682.0,DF-0,Deep central defenders
Moses Simon,Nantes,Ligue 1,2020,MF,"MF,FW",2177.0,MF-1,Advanced attacking midfielders
Nicolas Pallois,Nantes,Ligue 1,2020,DF,DF,1890.0,DF-0,Deep central defenders
Samuel Moutoussamy,Nantes,Ligue 1,2020,DF,"DF,MF",523.0,DF-1,Wide attacking defenders
Adam Ounas,Nice,Ligue 1,2020,FW,"FW,MF",1123.0,FW-1,Creating and carrying forwards
Adrien Tameze,Nice,Ligue 1,2020,MF,MF,519.0,MF-0,Deep ball winning midfielders
Alexis Claude-Maurice,Nice,Ligue 1,2020,FW,"FW,MF",1629.0,FW-1,Creating and carrying forwards
Andy Pelmard,Nice,Ligue 1,2020,DF,DF,766.0,DF-0,Deep central defenders
Arnaud Lusamba,Nice,Ligue 1,2020,MF,"MF,FW",982.0,MF-1,Advanced attacking midfielders
Christophe Hérelle,Nice,Ligue 1,2020,DF,DF,1103.0,DF-0,Deep central defenders
Danilo Barbosa,Nice,Ligue 1,2020,DF,"DF,MF",1122.0,DF-0,Deep central defenders
Dante,Nice,Ligue 1,2020,DF,DF,1890.0,DF-0,Deep central defenders
Hicham Boudaoui,Nice,Ligue 1,2020,MF,"MF,FW",490.0,MF-1,Advanced attacking midfielders
Ignatius Ganago,Nice,Ligue 1,2020,FW,"FW,MF",1239.0,FW-0,Low involvement centre forwards
Kasper Dolberg,Nice,Ligue 1,2020,FW,FW,1888.0,FW-0,Low involvement centre forwards
Khéphren Thuram-Ulie,Nice,Ligue 1,2020,MF,MF,590.0,MF-0,Deep ball winning midfielders
Malang Sarr,Nice,Ligue 1,2020,DF,DF,1454.0,DF-0,Deep central defenders
Myziane Maolida,Nice,Ligue 1,2020,FW,"FW,MF",675.0,FW-1,Creating and carrying forwards
Patrick Burner,Nice,Ligue 1,2020,DF,DF,1434.0,DF-1,Wide attacking defenders
Pierre Lees-Melou,Nice,Ligue 1,2020,MF,MF,2252.0,MF-0,Deep ball winning midfielders
Racine Coly,Nice,Ligue 1,2020,DF,"DF,FW",649.0,DF-0,Deep central defenders
Stanley N'Soki,Nice,Ligue 1,2020,DF,DF,1273.0,DF-0,Deep central defenders
Wylan Cyprien,Nice,Ligue 1,2020,MF,MF,1772.0,MF-0,Deep ball winning midfielders
Youcef Atal,Nice,Ligue 1,2020,FW,"FW,DF",1003.0,FW-1,Creating and carrying forwards
Anthony Briançon,Nîmes,Ligue 1,2020,DF,DF,1737.0,DF-0,Deep central defenders
Florian Miguel,Nîmes,Ligue 1,2020,DF,DF,2056.0,DF-1,Wide attacking defenders
Gaëtan Paquiez,Nîmes,Ligue 1,2020,DF,DF,1530.0,DF-1,Wide attacking defenders
Haris Duljević,Nîmes,Ligue 1,2020,FW,"FW,MF",520.0,FW-1,Creating and carrying forwards
Kevin Denkey,Nîmes,Ligue 1,2020,FW,FW,603.0,FW-0,Low involvement centre forwards
Lamine Fomba,Nîmes,Ligue 1,2020,MF,MF,1373.0,MF-0,Deep ball winning midfielders
Loïck Landre,Nîmes,Ligue 1,2020,DF,DF,929.0,DF-0,Deep central defenders
Lucas Deaux,Nîmes,Ligue 1,2020,MF,MF,1335.0,MF-0,Deep ball winning midfielders
Nolan Roux,Nîmes,Ligue 1,2020,FW,FW,584.0,FW-0,Low involvement centre forwards
Pablo Martinez,Nîmes,Ligue 1,2020,DF,DF,2339.0,DF-0,Deep central defenders
Renaud Ripart,Nîmes,Ligue 1,2020,FW,"FW,DF",2027.0,FW-0,Low involvement centre forwards
Romain Philippoteaux,Nîmes,Ligue 1,2020,MF,"MF,FW",1994.0,MF-1,Advanced attacking midfielders
Sidy Sarr,Nîmes,Ligue 1,2020,MF,MF,1165.0,MF-0,Deep ball winning midfielders
Sofiane Alakouch,Nîmes,Ligue 1,2020,DF,DF,1400.0,DF-1,Wide attacking defenders
Theo Valls,Nîmes,Ligue 1,2020,MF,MF,1632.0,MF-0,Deep ball winning midfielders
Yassine Benrahou,Nîmes,Ligue 1,2020,MF,"MF,FW",762.0,MF-1,Advanced attacking midfielders
Zinedine Ferhat,Nîmes,Ligue 1,2020,MF,"MF,FW",2246.0,MF-1,Advanced attacking midfielders
Abdou Diallo,Paris S-G,Ligue 1,2020,DF,DF,1201.0,DF-0,Deep central defenders
Ander Herrera,Paris S-G,Ligue 1,2020,MF,"MF,DF",547.0,MF-0,Deep ball winning midfielders
Colin Dagba,Paris S-G,Ligue 1,2020,DF,DF,668.0,DF-1,Wide attacking defenders
Edinson Cavani,Paris S-G,Ligue 1,2020,FW,FW,605.0,FW-0,Low involvement centre forwards
Eric Maxim Choupo-Moting,Paris S-G,Ligue 1,2020,FW,"FW,MF",451.0,FW-0,Low involvement centre forwards
Idrissa Gana Gueye,Paris S-G,Ligue 1,2020,MF,MF,1653.0,MF-0,Deep ball winning midfielders
Juan Bernat,Paris S-G,Ligue 1,2020,DF,"DF,MF",1388.0,DF-1,Wide attacking defenders
Julian Draxler,Paris S-G,Ligue 1,2020,MF,MF,686.0,MF-1,Advanced attacking midfielders
Kylian Mbappé,Paris S-G,Ligue 1,2020,FW,FW,1513.0,FW-1,Creating and carrying forwards
Layvin Kurzawa,Paris S-G,Ligue 1,2020,DF,DF,858.0,DF-1,Wide attacking defenders
Leandro Paredes,Paris S-G,Ligue 1,2020,MF,MF,814.0,MF-0,Deep ball winning midfielders
Marco Verratti,Paris S-G,Ligue 1,2020,MF,MF,1482.0,MF-0,Deep ball winning midfielders
Marquinhos,Paris S-G,Ligue 1,2020,MF,"MF,DF",1476.0,MF-0,Deep ball winning midfielders
Mauro Icardi,Paris S-G,Ligue 1,2020,FW,FW,1267.0,FW-0,Low involvement centre forwards
Neymar,Paris S-G,Ligue 1,2020,MF,"MF,FW",1318.0,MF-1,Advanced attacking midfielders
Pablo Sarabia,Paris S-G,Ligue 1,2020,MF,"MF,FW",1164.0,MF-1,Advanced attacking midfielders
Presnel Kimpembe,Paris S-G,Ligue 1,2020,DF,DF,1225.0,DF-0,Deep central defenders
Tanguy Nianzou,Paris S-G,Ligue 1,2020,DF,"DF,MF",452.0,DF-0,Deep central defenders
Thiago Silva,Paris S-G,Ligue 1,2020,DF,DF,1571.0,DF-0,Deep central defenders
Thilo Kehrer,Paris S-G,Ligue 1,2020,DF,DF,480.0,DF-0,Deep central defenders
Thomas Meunier,Paris S-G,Ligue 1,2020,DF,DF,1242.0,DF-1,Wide attacking defenders
Ángel Di María,Paris S-G,Ligue 1,2020,MF,"MF,FW",2000.0,MF-1,Advanced attacking midfielders
Alaixys Romao,Reims,Ligue 1,2020,MF,MF,1781.0,MF-0,Deep ball winning midfielders
Anastasios Donis,Reims,Ligue 1,2020,FW,"FW,MF",609.0,FW-0,Low involvement centre forwards
Axel Disasi,Reims,Ligue 1,2020,DF,DF,2430.0,DF-0,Deep central defenders
Boulaye Dia,Reims,Ligue 1,2020,FW,FW,1812.0,FW-0,Low involvement centre forwards
Dereck Kutesa,Reims,Ligue 1,2020,MF,"MF,FW",528.0,MF-1,Advanced attacking midfielders
El Bilal Touré,Reims,Ligue 1,2020,FW,FW,453.0,FW-0,Low involvement centre forwards
Ghislain Konan,Reims,Ligue 1,2020,DF,DF,1333.0,DF-1,Wide attacking defenders
Hassane Kamara,Reims,Ligue 1,2020,DF,"DF,MF",1709.0,DF-1,Wide attacking defenders
Marshall Munetsi,Reims,Ligue 1,2020,MF,MF,838.0,MF-0,Deep ball winning midfielders
Mathieu Cafaro,Reims,Ligue 1,2020,MF,MF,924.0,MF-1,Advanced attacking midfielders
Moreto Cassamã,Reims,Ligue 1,2020,MF,MF,592.0,MF-0,Deep ball winning midfielders
Moussa Doumbia,Reims,Ligue 1,2020,MF,"MF,FW",1718.0,MF-1,Advanced attacking midfielders
Remi Oudin,Reims,Ligue 1,2020,MF,"MF,FW",1397.0,MF-1,Advanced attacking midfielders
Thomas Foket,Reims,Ligue 1,2020,DF,DF,2430.0,DF-1,Wide attacking defenders
Tristan Dingomé,Reims,Ligue 1,2020,MF,MF,892.0,MF-1,Advanced attacking midfielders
Xavier Chavalerin,Reims,Ligue 1,2020,MF,MF,2147.0,MF-0,Deep ball winning midfielders
Yunis Abdelhamid,Reims,Ligue 1,2020,DF,DF,2520.0,DF-0,Deep central defenders
Adrien Hunou,Rennes,Ligue 1,2020,FW,"FW,MF",1210.0,FW-0,Low involvement centre forwards
Benjamin Bourigeaud,Rennes,Ligue 1,2020,MF,MF,1903.0,MF-0,Deep ball winning midfielders
Clément Grenier,Rennes,Ligue 1,2020,MF,MF,839.0,MF-0,Deep ball winning midfielders
Damien Da Silva,Rennes,Ligue 1,2020,DF,DF,2244.0,DF-0,Deep central defenders
Eduardo Camavinga,Rennes,Ligue 1,2020,MF,MF,2107.0,MF-0,Deep ball winning midfielders
Faitout Maouassa,Rennes,Ligue 1,2020,DF,DF,1803.0,DF-1,Wide attacking defenders
Flavien Tait,Rennes,Ligue 1,2020,MF,"MF,FW",885.0,MF-1,Advanced attacking midfielders
Hamari Traoré,Rennes,Ligue 1,2020,DF,DF,2411.0,DF-1,Wide attacking defenders
James Lea Siliki,Rennes,Ligue 1,2020,MF,MF,1079.0,MF-0,Deep ball winning midfielders
Joris Gnagnon,Rennes,Ligue 1,2020,DF,DF,1278.0,DF-0,Deep central defenders
Jérémy Gélin,Rennes,Ligue 1,2020,DF,"DF,MF",924.0,DF-0,Deep central defenders
Jérémy Morel,Rennes,Ligue 1,2020,DF,DF,1806.0,DF-0,Deep central defenders
M'Baye Niang,Rennes,Ligue 1,2020,FW,FW,2126.0,FW-0,Low involvement centre forwards
Raphinha,Rennes,Ligue 1,2020,MF,"MF,FW",1690.0,MF-1,Advanced attacking midfielders
Romain Del Castillo,Rennes,Ligue 1,2020,FW,"FW,MF",1242.0,FW-1,Creating and carrying forwards
Arnaud Nordin,Saint-Étienne,Ligue 1,2020,MF,"MF,FW",908.0,MF-1,Advanced attacking midfielders
Charles Abi,Saint-Étienne,Ligue 1,2020,FW,FW,623.0,FW-0,Low involvement centre forwards
Denis Bouanga,Saint-Étienne,Ligue 1,2020,MF,"MF,FW",2042.0,MF-1,Advanced attacking midfielders
Franck Honorat,Saint-Étienne,Ligue 1,2020,MF,"MF,DF",849.0,MF-1,Advanced attacking midfielders
Harold Moukoudi,Saint-Étienne,Ligue 1,2020,DF,DF,990.0,DF-0,Deep central defenders
Jean-Eudes Aholou,Saint-Étienne,Ligue 1,2020,MF,MF,630.0,MF-0,Deep ball winning midfielders
Lois Diony,Saint-Étienne,Ligue 1,2020,FW,FW,666.0,FW-0,Low involvement centre forwards
Loïc Perrin,Saint-Étienne,Ligue 1,2020,DF,DF,1714.0,DF-0,Deep central defenders
Mahdi Camara,Saint-Étienne,Ligue 1,2020,MF,MF,901.0,MF-0,Deep ball winning midfielders
Mathieu Debuchy,Saint-Étienne,Ligue 1,2020,DF,DF,1769.0,DF-1,Wide attacking defenders
Miguel Trauco,Saint-Étienne,Ligue 1,2020,DF,DF,1476.0,DF-1,Wide attacking defenders
Romain Hamouma,Saint-Étienne,Ligue 1,2020,MF,"MF,FW",865.0,MF-1,Advanced attacking midfielders
Ryad Boudebouz,Saint-Étienne,Ligue 1,2020,MF,"MF,FW",1597.0,MF-1,Advanced attacking midfielders
Sergi Palencia,Saint-Étienne,Ligue 1,2020,DF,DF,468.0,DF-1,Wide attacking defenders
Timothée Kolodziejczak,Saint-Étienne,Ligue 1,2020,DF,DF,1305.0,DF-0,Deep central defenders
Wahbi Khazri,Saint-Étienne,Ligue 1,2020,MF,"MF,FW",1149.0,MF-1,Advanced attacking midfielders
Wesley Fofana,Saint-Étienne,Ligue 1,2020,DF,DF,1215.0,DF-0,Deep central defenders
William Saliba,Saint-Étienne,Ligue 1,2020,DF,DF,992.0,DF-0,Deep central defenders
Yann M'Vila,Saint-Étienne,Ligue 1,2020,MF,"MF,DF",1942.0,MF-0,Deep ball winning midfielders
Yohan Cabaye,Saint-Étienne,Ligue 1,2020,MF,MF,858.0,MF-0,Deep ball winning midfielders
Zaydou Youssouf,Saint-Étienne,Ligue 1,2020,MF,MF,1077.0,MF-0,Deep ball winning midfielders
Adrien Thomasson,Strasbourg,Ligue 1,2020,MF,"MF,FW",2072.0,MF-1,Advanced attacking midfielders
Alexander Djiku,Strasbourg,Ligue 1,2020,DF,"DF,MF",2064.0,DF-0,Deep central defenders
Anthony Caci,Strasbourg,Ligue 1,2020,DF,DF,691.0,DF-1,Wide attacking defenders
Dimitri Liénard,Strasbourg,Ligue 1,2020,MF,MF,1489.0,MF-1,Advanced attacking midfielders
Ibrahima Sissoko,Strasbourg,Ligue 1,2020,MF,MF,1598.0,MF-0,Deep ball winning midfielders
Jean-Ricner Bellegarde,Strasbourg,Ligue 1,2020,MF,MF,1497.0,MF-0,Deep ball winning midfielders
Kenny Lala,Strasbourg,Ligue 1,2020,DF,"DF,MF",2043.0,DF-1,Wide attacking defenders
Kévin Zohi,Strasbourg,Ligue 1,2020,MF,"MF,FW",530.0,MF-1,Advanced attacking midfielders
Lamine Koné,Strasbourg,Ligue 1,2020,DF,DF,1473.0,DF-0,Deep central defenders
Lebo Mothiba,Strasbourg,Ligue 1,2020,FW,FW,1047.0,FW-0,Low involvement centre forwards
Lionel Carole,Strasbourg,Ligue 1,2020,DF,DF,1272.0,DF-1,Wide attacking defenders
Ludovic Ajorque,Strasbourg,Ligue 1,2020,FW,FW,2058.0,FW-0,Low involvement centre forwards
Mohamed Simakan,Strasbourg,Ligue 1,2020,DF,DF,1503.0,DF-1,Wide attacking defenders
Nuno da Costa,Strasbourg,Ligue 1,2020,FW,FW,527.0,FW-0,Low involvement centre forwards
Stefan Mitrović,Strasbourg,Ligue 1,2020,DF,DF,2053.0,DF-0,Deep central defenders
Youssouf Fofana,Strasbourg,Ligue 1,2020,MF,MF,1008.0,MF-0,Deep ball winning midfielders
Aaron Leya Iseka,Toulouse,Ligue 1,2020,FW,"FW,MF",777.0,FW-0,Low involvement centre forwards
Agustín Rogel,Toulouse,Ligue 1,2020,DF,DF,858.0,DF-0,Deep central defenders
Bafodé Diakité,Toulouse,Ligue 1,2020,DF,DF,1366.0,DF-0,Deep central defenders
Efthimis Koulouris,Toulouse,Ligue 1,2020,FW,FW,1541.0,FW-0,Low involvement centre forwards
Ibrahim Sangaré,Toulouse,Ligue 1,2020,MF,MF,2175.0,MF-0,Deep ball winning midfielders
Issiaga Sylla,Toulouse,Ligue 1,2020,DF,DF,2520.0,DF-1,Wide attacking defenders
Jean-Victor Makengo,Toulouse,Ligue 1,2020,MF,MF,988.0,MF-1,Advanced attacking midfielders
Kelvin Amian,Toulouse,Ligue 1,2020,DF,DF,1633.0,DF-0,Deep central defenders
Kouadio Koné,Toulouse,Ligue 1,2020,MF,MF,875.0,MF-0,Deep ball winning midfielders
Mathieu Dossevi,Toulouse,Ligue 1,2020,MF,"MF,FW",1751.0,MF-1,Advanced attacking midfielders
Max Gradel,Toulouse,Ligue 1,2020,MF,"MF,FW",1635.0,MF-1,Advanced attacking midfielders
Nicolas Isimat-Mirin,Toulouse,Ligue 1,2020,DF,DF,1260.0,DF-0,Deep central defenders
Quentin Boisgard,Toulouse,Ligue 1,2020,MF,"MF,FW",1146.0,MF-1,Advanced attacking midfielders
Ruben Gabrielsen,Toulouse,Ligue 1,2020,DF,DF,656.0,DF-0,Deep central defenders
Steven Moreira,Toulouse,Ligue 1,2020,DF,DF,1389.0,DF-1,Wide attacking defenders
Wesley Saïd,Toulouse,Ligue 1,2020,MF,"MF,FW",1160.0,MF-1,Advanced attacking midfielders
William Vainqueur,Toulouse,Ligue 1,2020,MF,MF,1715.0,MF-0,Deep ball winning midfielders
Yaya Sanogo,Toulouse,Ligue 1,2020,FW,FW,910.0,FW-0,Low involvement centre forwards
Ainsley Maitland-Niles,Arsenal,Premier League,2020,DF,DF,1386.0,DF-1,Wide attacking defenders
Alexandre Lacazette,Arsenal,Premier League,2020,FW,FW,1874.0,FW-0,Low involvement centre forwards
Bukayo Saka,Arsenal,Premier League,2020,DF,"DF,MF",1753.0,DF-1,Wide attacking defenders
Calum Chambers,Arsenal,Premier League,2020,DF,DF,1102.0,DF-1,Wide attacking defenders
Dani Ceballos,Arsenal,Premier League,2020,MF,MF,1692.0,MF-0,Deep ball winning midfielders
David Luiz,Arsenal,Premier League,2020,DF,DF,2809.0,DF-0,Deep central defenders
Eddie Nketiah,Arsenal,Premier League,2020,FW,FW,633.0,FW-0,Low involvement centre forwards
Granit Xhaka,Arsenal,Premier League,2020,MF,MF,2586.0,MF-0,Deep ball winning midfielders
Héctor Bellerín,Arsenal,Premier League,2020,DF,"DF,MF",1158.0,DF-1,Wide attacking defenders
Joe Willock,Arsenal,Premier League,2020,MF,"MF,FW",857.0,MF-1,Advanced attacking midfielders
Kieran Tierney,Arsenal,Premier League,2020,DF,"DF,MF",989.0,DF-1,Wide attacking defenders
Lucas Torreira,Arsenal,Premier League,2020,MF,MF,1512.0,MF-0,Deep ball winning midfielders
Martinelli,Arsenal,Premier League,2020,MF,MF,663.0,MF-1,Advanced attacking midfielders
Mattéo Guendouzi,Arsenal,Premier League,2020,MF,MF,1748.0,MF-0,Deep ball winning midfielders
Mesut Özil,Arsenal,Premier League,2020,MF,MF,1438.0,MF-1,Advanced attacking midfielders
Nicolas Pépé,Arsenal,Premier League,2020,MF,"MF,FW",2010.0,MF-1,Advanced attacking midfielders
Pierre-Emerick Aubameyang,Arsenal,Premier League,2020,FW,"FW,MF",3136.0,FW-0,Low involvement centre forwards
Reiss Nelson,Arsenal,Premier League,2020,MF,"MF,FW",631.0,MF-1,Advanced attacking midfielders
Rob Holding,Arsenal,Premier League,2020,DF,DF,581.0,DF-0,Deep central defenders
Sead Kolašinac,Arsenal,Premier League,2020,DF,DF,1701.0,DF-1,Wide attacking defenders
Shkodran Mustafi,Arsenal,Premier League,2020,DF,DF,1207.0,DF-0,Deep central defenders
Sokratis Papastathopoulos,Arsenal,Premier League,2020,DF,DF,1696.0,DF-0,Deep central defenders
Ahmed Elmohamady,Aston Villa,Premier League,2020,DF,DF,1031.0,DF-1,Wide attacking defenders
Anwar El Ghazi,Aston Villa,Premier League,2020,FW,"FW,MF",2051.0,FW-0,Low involvement centre forwards
Björn Engels,Aston Villa,Premier League,2020,DF,DF,1447.0,DF-0,Deep central defenders
Conor Hourihane,Aston Villa,Premier League,2020,MF,MF,1534.0,MF-1,Advanced attacking midfielders
Douglas Luiz,Aston Villa,Premier League,2020,MF,MF,2612.0,MF-0,Deep ball winning midfielders
Ezri Konsa,Aston Villa,Premier League,2020,DF,DF,2039.0,DF-0,Deep central defenders
Frederic Guilbert,Aston Villa,Premier League,2020,DF,"DF,MF",2041.0,DF-1,Wide attacking defenders
Jack Grealish,Aston Villa,Premier League,2020,FW,"FW,MF",3233.0,FW-1,Creating and carrying forwards
John McGinn,Aston Villa,Premier League,2020,MF,MF,2312.0,MF-1,Advanced attacking midfielders
Keinan Davis,Aston Villa,Premier League,2020,FW,FW,548.0,FW-0,Low involvement centre forwards
Kortney Hause,Aston Villa,Premier League,2020,DF,DF,1545.0,DF-0,Deep central defenders
Marvelous Nakamba,Aston Villa,Premier League,2020,MF,MF,1836.0,MF-0,Deep ball winning midfielders
Matt Targett,Aston Villa,Premier League,2020,DF,"DF,MF",2291.0,DF-1,Wide attacking defenders
Mbwana Samatta,Aston Villa,Premier League,2020,FW,FW,943.0,FW-0,Low involvement centre forwards
Neil Taylor,Aston Villa,Premier League,2020,DF,DF,1091.0,DF-0,Deep central defenders
Trézéguet,Aston Villa,Premier League,2020,FW,"FW,MF",1950.0,FW-0,Low involvement centre forwards
Tyrone Mings,Aston Villa,Premier League,2020,DF,DF,2902.0,DF-0,Deep central defenders
Wesley Moraes,Aston Villa,Premier League,2020,FW,FW,1782.0,FW-0,Low involvement centre forwards
Adam Smith,Bournemouth,Premier League,2020,DF,DF,2055.0,DF-1,Wide attacking defenders
Arnaut Groeneveld,Bournemouth,Premier League,2020,MF,MF,630.0,MF-1,Advanced attacking midfielders
Callum Wilson,Bournemouth,Premier League,2020,FW,FW,2908.0,FW-0,Low involvement centre forwards
Chris Mepham,Bournemouth,Premier League,2020,DF,DF,912.0,DF-0,Deep central defenders
Dan Gosling,Bournemouth,Premier League,2020,MF,MF,1264.0,MF-0,Deep ball winning midfielders
David Brooks,Bournemouth,Premier League,2020,MF,"MF,FW",506.0,MF-1,Advanced attacking midfielders
Diego Rico,Bournemouth,Premier League,2020,DF,DF,2332.0,DF-1,Wide attacking defenders
Dominic Solanke,Bournemouth,Premier League,2020,FW,FW,1651.0,FW-0,Low involvement centre forwards
Harry Wilson,Bournemouth,Premier League,2020,MF,"MF,FW",1646.0,MF-1,Advanced attacking midfielders
Jack Stacey,Bournemouth,Premier League,2020,DF,DF,1549.0,DF-1,Wide attacking defenders
Jefferson Lerma,Bournemouth,Premier League,2020,MF,MF,2703.0,MF-0,Deep ball winning midfielders
Joshua King,Bournemouth,Premier League,2020,FW,"FW,MF",2011.0,FW-0,Low involvement centre forwards
Junior Stanislas,Bournemouth,Premier League,2020,MF,"MF,FW",712.0,MF-1,Advanced attacking midfielders
Lewis Cook,Bournemouth,Premier League,2020,MF,"MF,FW",1352.0,MF-0,Deep ball winning midfielders
Lloyd Kelly,Bournemouth,Premier League,2020,DF,DF,639.0,DF-0,Deep central defenders
Nathan Aké,Bournemouth,Premier League,2020,DF,DF,2503.0,DF-0,Deep central defenders
Philip Billing,Bournemouth,Premier League,2020,MF,MF,2530.0,MF-0,Deep ball winning midfielders
Ryan Fraser,Bournemouth,Premier League,2020,MF,"MF,FW",2067.0,MF-1,Advanced attacking midfielders
Simon Francis,Bournemouth,Premier League,2020,DF,DF,969.0,DF-0,Deep central defenders
Steve Cook,Bournemouth,Premier League,2020,DF,DF,2428.0,DF-0,Deep central defenders
Aaron Connolly,Brighton,Premier League,2020,FW,FW,1258.0,FW-0,Low involvement centre forwards
Aaron Mooy,Brighton,Premier League,2020,MF,MF,2085.0,MF-1,Advanced attacking midfielders
Adam Webster,Brighton,Premier League,2020,DF,DF,2668.0,DF-0,Deep central defenders
Bernardo,Brighton,Premier League,2020,DF,"DF,MF",679.0,DF-1,Wide attacking defenders
Dale Stephens,Brighton,Premier League,2020,MF,MF,2530.0,MF-0,Deep ball winning midfielders
Dan Burn,Brighton,Premier League,2020,DF,DF,2880.0,DF-1,Wide attacking defenders
Davy Pröpper,Brighton,Premier League,2020,MF,MF,2829.0,MF-0,Deep ball winning midfielders
Glenn Murray,Brighton,Premier League,2020,FW,FW,797.0,FW-0,Low involvement centre forwards
Leandro Trossard,Brighton,Premier League,2020,MF,"MF,FW",2011.0,MF-1,Advanced attacking midfielders
Lewis Dunk,Brighton,Premier League,2020,DF,DF,3230.0,DF-0,Deep central defenders
Martín Montoya,Brighton,Premier League,2020,DF,"DF,MF",1896.0,DF-1,Wide attacking defenders
Neal Maupay,Brighton,Premier League,2020,FW,FW,2766.0,FW-0,Low involvement centre forwards
Pascal Groß,Brighton,Premier League,2020,MF,"MF,FW",1796.0,MF-1,Advanced attacking midfielders
Shane Duffy,Brighton,Premier League,2020,DF,DF,1238.0,DF-0,Deep central defenders
Solly March,Brighton,Premier League,2020,MF,"MF,DF",1143.0,MF-1,Advanced attacking midfielders
Steven Alzate,Brighton,Premier League,2020,MF,"MF,DF",1188.0,MF-0,Deep ball winning midfielders
Tariq Lamptey,Brighton,Premier League,2020,DF,DF,588.0,DF-1,Wide attacking defenders
Yves Bissouma,Brighton,Premier League,2020,MF,MF,1259.0,MF-0,Deep ball winning midfielders
Aaron Lennon,Burnley,Premier League,2020,MF,MF,496.0,MF-0,Deep ball winning midfielders
Ashley Barnes,Burnley,Premier League,2020,FW,FW,1352.0,FW-0,Low involvement centre forwards
Ashley Westwood,Burnley,Premier League,2020,MF,MF,3150.0,MF-0,Deep ball winning midfielders
Ben Mee,Burnley,Premier League,2020,DF,DF,2880.0,DF-0,Deep central defenders
Charlie Taylor,Burnley,Premier League,2020,DF,DF,1945.0,DF-1,Wide attacking defenders
Chris Wood,Burnley,Premier League,2020,FW,FW,2437.0,FW-0,Low involvement centre forwards
Dwight McNeil,Burnley,Premier League,2020,MF,MF,3338.0,MF-1,Advanced attacking midfielders
Erik Pieters,Burnley,Premier League,2020,DF,"DF,MF",1878.0,DF-1,Wide attacking defenders
Jack Cork,Burnley,Premier League,2020,MF,MF,2613.0,MF-0,Deep ball winning midfielders
James Tarkowski,Burnley,Premier League,2020,DF,DF,3420.0,DF-0,Deep central defenders
Jay Rodriguez,Burnley,Premier League,2020,FW,FW,2016.0,FW-0,Low involvement centre forwards
Jeff Hendrick,Burnley,Premier League,2020,MF,MF,1931.0,MF-0,Deep ball winning midfielders
Josh Brownhill,Burnley,Premier League,2020,MF,MF,805.0,MF-0,Deep ball winning midfielders
Jóhann Berg Guðmundsson,Burnley,Premier League,2020,MF,MF,621.0,MF-1,Advanced attacking midfielders
Kevin Long,Burnley,Premier League,2020,DF,DF,564.0,DF-0,Deep central defenders
Matthew Lowton,Burnley,Premier League,2020,DF,DF,1530.0,DF-1,Wide attacking defenders
Matěj Vydra,Burnley,Premier League,2020,FW,FW,819.0,FW-0,Low involvement centre forwards
Phil Bardsley,Burnley,Premier League,2020,DF,DF,1890.0,DF-1,Wide attacking defenders
Robbie Brady,Burnley,Premier League,2020,MF,MF,454.0,MF-1,Advanced attacking midfielders
Andreas Christensen,Chelsea,Premier League,2020,DF,DF,1751.0,DF-0,Deep central defenders
Antonio Rüdiger,Chelsea,Premier League,2020,DF,DF,1710.0,DF-0,Deep central defenders
Callum Hudson-Odoi,Chelsea,Premier League,2020,FW,"FW,MF",863.0,FW-1,Creating and carrying forwards
Christian Pulisic,Chelsea,Premier League,2020,FW,"FW,MF",1722.0,FW-1,Creating and carrying forwards
César Azpilicueta,Chelsea,Premier League,2020,DF,DF,3229.0,DF-1,Wide attacking defenders
Emerson Palmieri,Chelsea,Premier League,2020,DF,DF,1024.0,DF-1,Wide attacking defenders
Fikayo Tomori,Chelsea,Premier League,2020,DF,DF,1291.0,DF-0,Deep central defenders
Jorginho,Chelsea,Premier League,2020,MF,MF,2379.0,MF-0,Deep ball winning midfielders
Kurt Zouma,Chelsea,Premier League,2020,DF,DF,2344.0,DF-0,Deep central defenders
Marcos Alonso,Chelsea,Premier League,2020,DF,DF,1430.0,DF-1,Wide attacking defenders
Mason Mount,Chelsea,Premier League,2020,MF,"MF,FW",2867.0,MF-1,Advanced attacking midfielders
Mateo Kovačić,Chelsea,Premier League,2020,MF,MF,2073.0,MF-0,Deep ball winning midfielders
N'Golo Kanté,Chelsea,Premier League,2020,MF,MF,1732.0,MF-0,Deep ball winning midfielders
Olivier Giroud,Chelsea,Premier League,2020,FW,FW,993.0,FW-0,Low involvement centre forwards
Pedro,Chelsea,Premier League,2020,FW,"FW,MF",661.0,FW-1,Creating and carrying forwards
Reece James,Chelsea,Premier League,2020,DF,DF,1515.0,DF-1,Wide attacking defenders
Ross Barkley,Chelsea,Premier League,2020,MF,MF,1103.0,MF-1,Advanced attacking midfielders
Tammy Abraham,Chelsea,Premier League,2020,FW,FW,2215.0,FW-0,Low involvement centre forwards
Willian,Chelsea,Premier League,2020,FW,"FW,MF",2600.0,FW-1,Creating and carrying forwards
Andros Townsend,Crystal Palace,Premier League,2020,FW,"FW,MF",1294.0,FW-1,Creating and carrying forwards
Cheikhou Kouyaté,Crystal Palace,Premier League,2020,MF,"MF,DF",2528.0,MF-0,Deep ball winning midfielders
Christian Benteke,Crystal Palace,Premier League,2020,FW,FW,1261.0,FW-0,Low involvement centre forwards
Gary Cahill,Crystal Palace,Premier League,2020,DF,DF,2167.0,DF-0,Deep central defenders
James McArthur,Crystal Palace,Premier League,2020,MF,MF,3090.0,MF-0,Deep ball winning midfielders
James McCarthy,Crystal Palace,Premier League,2020,MF,MF,1680.0,MF-0,Deep ball winning midfielders
James Tomkins,Crystal Palace,Premier League,2020,DF,DF,1582.0,DF-0,Deep central defenders
Jaïro Riedewald,Crystal Palace,Premier League,2020,DF,"DF,MF",769.0,DF-0,Deep central defenders
Jeffrey Schlupp,Crystal Palace,Premier League,2020,FW,"FW,MF",1036.0,FW-0,Low involvement centre forwards
Joel Ward,Crystal Palace,Premier League,2020,DF,DF,2382.0,DF-0,Deep central defenders
Jordan Ayew,Crystal Palace,Premier League,2020,FW,FW,3148.0,FW-0,Low involvement centre forwards
Luka Milivojević,Crystal Palace,Premier League,2020,MF,MF,2513.0,MF-0,Deep ball winning midfielders
Mamadou Sakho,Crystal Palace,Premier League,2020,DF,DF,931.0,DF-0,Deep central defenders
Martin Kelly,Crystal Palace,Premier League,2020,DF,DF,1549.0,DF-0,Deep central defenders
Max Meyer,Crystal Palace,Premier League,2020,MF,"MF,FW",655.0,MF-1,Advanced attacking midfielders
Patrick van Aanholt,Crystal Palace,Premier League,2020,DF,DF,2507.0,DF-1,Wide attacking defenders
Scott Dann,Crystal Palace,Premier League,2020,DF,DF,1266.0,DF-0,Deep central defenders
Wilfried Zaha,Crystal Palace,Premier League,2020,FW,"FW,MF",3280.0,FW-1,Creating and carrying forwards
Alex Iwobi,Everton,Premier League,2020,MF,MF,1596.0,MF-1,Advanced attacking midfielders
André Gomes,Everton,Premier League,2020,MF,MF,1458.0,MF-0,Deep ball winning midfielders
Bernard,Everton,Premier League,2020,MF,MF,1280.0,MF-1,Advanced attacking midfielders
Djibril Sidibé,Everton,Premier League,2020,DF,"DF,MF",1824.0,DF-1,Wide attacking defenders
Dominic Calvert-Lewin,Everton,Premier League,2020,FW,FW,2626.0,FW-0,Low involvement centre forwards
Fabian Delph,Everton,Premier League,2020,MF,MF,1190.0,MF-0,Deep ball winning midfielders
Gylfi Sigurðsson,Everton,Premier League,2020,MF,MF,2560.0,MF-1,Advanced attacking midfielders
Lucas Digne,Everton,Premier League,2020,DF,DF,3030.0,DF-1,Wide attacking defenders
Mason Holgate,Everton,Premier League,2020,DF,DF,2054.0,DF-0,Deep central defenders
Michael Keane,Everton,Premier League,2020,DF,DF,2559.0,DF-0,Deep central defenders
Moise Kean,Everton,Premier League,2020,FW,FW,852.0,FW-0,Low involvement centre forwards
Morgan Schneiderlin,Everton,Premier League,2020,MF,MF,1001.0,MF-0,Deep ball winning midfielders
Richarlison,Everton,Premier League,2020,FW,"FW,MF",3070.0,FW-0,Low involvement centre forwards
Séamus Coleman,Everton,Premier League,2020,DF,DF,1839.0,DF-1,Wide attacking defenders
Theo Walcott,Everton,Premier League,2020,MF,MF,1287.0,MF-1,Advanced attacking midfielders
Tom Davies,Everton,Premier League,2020,MF,MF,2027.0,MF-0,Deep ball winning midfielders
Yerry Mina,Everton,Premier League,2020,DF,DF,2284.0,DF-0,Deep central defenders
Ayoze Pérez,Leicester City,Premier League,2020,MF,"MF,FW",2004.0,MF-1,Advanced attacking midfielders
Ben Chilwell,Leicester City,Premier League,2020,DF,DF,2373.0,DF-1,Wide attacking defenders
Christian Fuchs,Leicester City,Premier League,2020,DF,DF,772.0,DF-0,Deep central defenders
Demarai Gray,Leicester City,Premier League,2020,MF,"MF,FW",622.0,MF-1,Advanced attacking midfielders
Dennis Praet,Leicester City,Premier League,2020,MF,MF,1134.0,MF-0,Deep ball winning midfielders
Hamza Choudhury,Leicester City,Premier League,2020,MF,MF,893.0,MF-0,Deep ball winning midfielders
Harvey Barnes,Leicester City,Premier League,2020,MF,"MF,FW",2083.0,MF-1,Advanced attacking midfielders
James Justin,Leicester City,Premier League,2020,DF,"DF,MF",1012.0,DF-1,Wide attacking defenders
James Maddison,Leicester City,Premier League,2020,MF,MF,2624.0,MF-1,Advanced attacking midfielders
Jamie Vardy,Leicester City,Premier League,2020,FW,FW,3033.0,FW-0,Low involvement centre forwards
Jonny Evans,Leicester City,Premier League,2020,DF,DF,3383.0,DF-0,Deep central defenders
Kelechi Iheanacho,Leicester City,Premier League,2020,FW,FW,960.0,FW-0,Low involvement centre forwards
Marc Albrighton,Leicester City,Premier League,2020,MF,"MF,DF",867.0,MF-1,Advanced attacking midfielders
Ricardo Pereira,Leicester City,Premier League,2020,DF,DF,2520.0,DF-1,Wide attacking defenders
Wilfred Ndidi,Leicester City,Premier League,2020,MF,MF,2674.0,MF-0,Deep ball winning midfielders
Youri Tielemans,Leicester City,Premier League,2020,MF,MF,2828.0,MF-1,Advanced attacking midfielders
Çağlar Söyüncü,Leicester City,Premier League,2020,DF,DF,3036.0,DF-0,Deep central defenders
Alex Oxlade-Chamberlain,Liverpool,Premier League,2020,MF,"MF,FW",1485.0,MF-1,Advanced attacking midfielders
Andrew Robertson,Liverpool,Premier League,2020,DF,DF,3111.0,DF-1,Wide attacking defenders
Dejan Lovren,Liverpool,Premier League,2020,DF,DF,777.0,DF-0,Deep central defenders
Divock Origi,Liverpool,Premier League,2020,FW,FW,717.0,FW-0,Low involvement centre forwards
Fabinho,Liverpool,Premier League,2020,MF,MF,2079.0,MF-0,Deep ball winning midfielders
Georginio Wijnaldum,Liverpool,Premier League,2020,MF,MF,2935.0,MF-0,Deep ball winning midfielders
James Milner,Liverpool,Premier League,2020,MF,"MF,DF",937.0,MF-0,Deep ball winning midfielders
Joe Gomez,Liverpool,Premier League,2020,DF,DF,2004.0,DF-0,Deep central defenders
Jordan Henderson,Liverpool,Premier League,2020,MF,MF,2238.0,MF-0,Deep ball winning midfielders
Joël Matip,Liverpool,Premier League,2020,DF,DF,703.0,DF-0,Deep central defenders
Mohamed Salah,Liverpool,Premier League,2020,FW,FW,2876.0,FW-1,Creating and carrying forwards
Naby Keïta,Liverpool,Premier League,2020,MF,MF,815.0,MF-1,Advanced attacking midfielders
Roberto Firmino,Liverpool,Premier League,2020,FW,FW,2988.0,FW-1,Creating and carrying forwards
Sadio Mané,Liverpool,Premier League,2020,FW,"FW,MF",2747.0,FW-1,Creating and carrying forwards
Trent Alexander-Arnold,Liverpool,Premier League,2020,DF,DF,3175.0,DF-1,Wide attacking defenders
Virgil van Dijk,Liverpool,Premier League,2020,DF,DF,3420.0,DF-0,Deep central defenders
Aymeric Laporte,Manchester City,Premier League,2020,DF,DF,1097.0,DF-0,Deep central defenders
Benjamin Mendy,Manchester City,Premier League,2020,DF,DF,1492.0,DF-1,Wide attacking defenders
Bernardo Silva,Manchester City,Premier League,2020,MF,"MF,FW",2030.0,MF-1,Advanced attacking midfielders
David Silva,Manchester City,Premier League,2020,MF,MF,1826.0,MF-1,Advanced attacking midfielders
Eric García,Manchester City,Premier League,2020,DF,DF,793.0,DF-0,Deep central defenders
Fernandinho,Manchester City,Premier League,2020,DF,DF,2397.0,DF-0,Deep central defenders
Gabriel Jesus,Manchester City,Premier League,2020,FW,FW,2030.0,FW-0,Low involvement centre forwards
John Stones,Manchester City,Premier League,2020,DF,DF,1122.0,DF-0,Deep central defenders
João Cancelo,Manchester City,Premier League,2020,DF,DF,1208.0,DF-1,Wide attacking defenders
Kevin De Bruyne,Manchester City,Premier League,2020,MF,MF,2791.0,MF-1,Advanced attacking midfielders
Kyle Walker,Manchester City,Premier League,2020,DF,DF,2392.0,DF-1,Wide attacking defenders
Nicolás Otamendi,Manchester City,Premier League,2020,DF,DF,1715.0,DF-0,Deep central defenders
Oleksandr Zinchenko,Manchester City,Premier League,2020,DF,DF,1276.0,DF-1,Wide attacking defenders
Phil Foden,Manchester City,Premier League,2020,MF,"MF,FW",901.0,MF-1,Advanced attacking midfielders
Raheem Sterling,Manchester City,Premier League,2020,FW,"FW,MF",2651.0,FW-1,Creating and carrying forwards
Riyad Mahrez,Manchester City,Premier League,2020,FW,"FW,MF",1944.0,FW-1,Creating and carrying forwards
Rodri,Manchester City,Premier League,2020,MF,MF,2486.0,MF-0,Deep ball winning midfielders
Sergio Agüero,Manchester City,Premier League,2020,FW,FW,1452.0,FW-0,Low involvement centre forwards
İlkay Gündoğan,Manchester City,Premier League,2020,MF,MF,2020.0,MF-0,Deep ball winning midfielders
Aaron Wan-Bissaka,Manchester Utd,Premier League,2020,DF,DF,3070.0,DF-1,Wide attacking defenders
Andreas Pereira,Manchester Utd,Premier League,2020,MF,MF,1484.0,MF-1,Advanced attacking midfielders
Anthony Martial,Manchester Utd,Premier League,2020,FW,FW,2624.0,FW-0,Low involvement centre forwards
Ashley Young,Manchester Utd,Premier League,2020,DF,DF,955.0,DF-1,Wide attacking defenders
Brandon Williams,Manchester Utd,Premier League,2020,DF,DF,1006.0,DF-1,Wide attacking defenders
Bruno Fernandes,Manchester Utd,Premier League,2020,MF,MF,1186.0,MF-1,Advanced attacking midfielders
Daniel James,Manchester Utd,Premier League,2020,MF,"MF,FW",2287.0,MF-1,Advanced attacking midfielders
Fred,Manchester Utd,Premier League,2020,MF,MF,2163.0,MF-0,Deep ball winning midfielders
Harry Maguire,Manchester Utd,Premier League,2020,DF,DF,3420.0,DF-0,Deep central defenders
Jesse Lingard,Manchester Utd,Premier League,2020,MF,MF,935.0,MF-1,Advanced attacking midfielders
Juan Mata,Manchester Utd,Premier League,2020,MF,MF,758.0,MF-1,Advanced attacking midfielders
Luke Shaw,Manchester Utd,Premier League,2020,DF,DF,1733.0,DF-1,Wide attacking defenders
Marcus Rashford,Manchester Utd,Premier League,2020,MF,"MF,FW",2643.0,MF-1,Advanced attacking midfielders
Mason Greenwood,Manchester Utd,Premier League,2020,MF,"MF,FW",1320.0,MF-1,Advanced attacking midfielders
Nemanja Matić,Manchester Utd,Premier League,2020,MF,MF,1581.0,MF-0,Deep ball winning midfielders
Paul Pogba,Manchester Utd,Premier League,2020,MF,MF,1204.0,MF-0,Deep ball winning midfielders
Scott McTominay,Manchester Utd,Premier League,2020,MF,MF,1772.0,MF-0,Deep ball winning midfielders
Victor Lindelöf,Manchester Utd,Premier League,2020,DF,DF,3092.0,DF-0,Deep central defenders
Allan Saint-Maximin,Newcastle Utd,Premier League,2020,MF,"MF,FW",1863.0,MF-1,Advanced attacking midfielders
Andy Carroll,Newcastle Utd,Premier League,2020,FW,FW,632.0,FW-0,Low involvement centre forwards
Christian Atsu,Newcastle Utd,Premier League,2020,MF,MF,749.0,MF-1,Advanced attacking midfielders
Ciaran Clark,Newcastle Utd,Premier League,2020,DF,DF,1186.0,DF-0,Deep central defenders
Danny Rose,Newcastle Utd,Premier League,2020,DF,DF,863.0,DF-0,Deep central defenders
DeAndre Yedlin,Newcastle Utd,Premier League,2020,DF,DF,938.0,DF-1,Wide attacking defenders
Dwight Gayle,Newcastle Utd,Premier League,2020,FW,FW,850.0,FW-0,Low involvement centre forwards
Emil Krafth,Newcastle Utd,Premier League,2020,DF,DF,1020.0,DF-0,Deep central defenders
Fabian Schär,Newcastle Utd,Premier League,2020,DF,"DF,MF",1672.0,DF-0,Deep central defenders
Federico Fernández,Newcastle Utd,Premier League,2020,DF,DF,2620.0,DF-0,Deep central defenders
Isaac Hayden,Newcastle Utd,Premier League,2020,MF,MF,2223.0,MF-0,Deep ball winning midfielders
Jamaal Lascelles,Newcastle Utd,Premier League,2020,DF,DF,2076.0,DF-0,Deep central defenders
Javier Manquillo,Newcastle Utd,Premier League,2020,DF,DF,1599.0,DF-1,Wide attacking defenders
Jetro Willems,Newcastle Utd,Premier League,2020,DF,DF,1493.0,DF-1,Wide attacking defenders
Joelinton,Newcastle Utd,Premier League,2020,FW,"FW,MF",2683.0,FW-0,Low involvement centre forwards
Jonjo Shelvey,Newcastle Utd,Premier League,2020,MF,MF,2119.0,MF-0,Deep ball winning midfielders
Matt Ritchie,Newcastle Utd,Premier League,2020,DF,"DF,MF",1315.0,DF-1,Wide attacking defenders
Matthew Longstaff,Newcastle Utd,Premier League,2020,MF,MF,575.0,MF-0,Deep ball winning midfielders
Miguel Almirón,Newcastle Utd,Premier League,2020,MF,"MF,FW",3021.0,MF-1,Advanced attacking midfielders
Nabil Bentaleb,Newcastle Utd,Premier League,2020,MF,MF,751.0,MF-0,Deep ball winning midfielders
Paul Dummett,Newcastle Utd,Premier League,2020,DF,DF,1228.0,DF-0,Deep central defenders
Sean Longstaff,Newcastle Utd,Premier League,2020,MF,MF,1378.0,MF-0,Deep ball winning midfielders
Valentino Lazaro,Newcastle Utd,Premier League,2020,DF,"DF,MF",480.0,DF-1,Wide attacking defenders
Alexander Tettey,Norwich City,Premier League,2020,MF,"MF,DF",2338.0,MF-0,Deep ball winning midfielders
Ben Godfrey,Norwich City,Premier League,2020,DF,DF,2644.0,DF-0,Deep central defenders
Christoph Zimmermann,Norwich City,Premier League,2020,DF,DF,1430.0,DF-0,Deep central defenders
Emi Buendía,Norwich City,Premier League,2020,MF,MF,2464.0,MF-1,Advanced attacking midfielders
Grant Hanley,Norwich City,Premier League,2020,DF,DF,1262.0,DF-0,Deep central defenders
Ibrahim Amadou,Norwich City,Premier League,2020,DF,"DF,MF",759.0,DF-0,Deep central defenders
Jamal Lewis,Norwich City,Premier League,2020,DF,DF,2304.0,DF-1,Wide attacking defenders
Josip Drmić,Norwich City,Premier League,2020,FW,"FW,MF",647.0,FW-0,Low involvement centre forwards
Kenny McLean,Norwich City,Premier League,2020,MF,MF,2968.0,MF-0,Deep ball winning midfielders
Lukas Rupp,Norwich City,Premier League,2020,MF,MF,695.0,MF-0,Deep ball winning midfielders
Marco Stiepermann,Norwich City,Premier League,2020,MF,MF,1180.0,MF-1,Advanced attacking midfielders
Mario Vrančić,Norwich City,Premier League,2020,MF,MF,636.0,MF-0,Deep ball winning midfielders
Max Aarons,Norwich City,Premier League,2020,DF,DF,3240.0,DF-1,Wide attacking defenders
Moritz Leitner,Norwich City,Premier League,2020,MF,MF,685.0,MF-0,Deep ball winning midfielders
Ondrej Duda,Norwich City,Premier League,2020,MF,MF,724.0,MF-1,Advanced attacking midfielders
Onel Hernández,Norwich City,Premier League,2020,MF,MF,1384.0,MF-1,Advanced attacking midfielders
Sam Byram,Norwich City,Premier League,2020,DF,DF,1293.0,DF-1,Wide attacking defenders
Teemu Pukki,Norwich City,Premier League,2020,FW,FW,2886.0,FW-0,Low involvement centre forwards
Timm Klose,Norwich City,Premier League,2020,DF,DF,585.0,DF-0,Deep central defenders
Todd Cantwell,Norwich City,Premier League,2020,MF,MF,2489.0,MF-1,Advanced attacking midfielders
Tom Trybull,Norwich City,Premier League,2020,MF,MF,1130.0,MF-0,Deep ball winning midfielders
Ben Osborn,Sheffield Utd,Premier League,2020,MF,"MF,DF",594.0,MF-0,Deep ball winning midfielders
Billy Sharp,Sheffield Utd,Premier League,2020,FW,FW,1051.0,FW-0,Low involvement centre forwards
Callum Robinson,Sheffield Utd,Premier League,2020,FW,"FW,MF",676.0,FW-0,Low involvement centre forwards
Chris Basham,Sheffield Utd,Premier League,2020,DF,DF,3242.0,DF-0,Deep central defenders
David McGoldrick,Sheffield Utd,Premier League,2020,FW,FW,1815.0,FW-0,Low involvement centre forwards
Enda Stevens,Sheffield Utd,Premier League,2020,DF,DF,3345.0,DF-1,Wide attacking defenders
George Baldock,Sheffield Utd,Premier League,2020,DF,DF,3420.0,DF-1,Wide attacking defenders
Jack O'Connell,Sheffield Utd,Premier League,2020,DF,DF,2916.0,DF-0,Deep central defenders
Jack Robinson,Sheffield Utd,Premier League,2020,DF,DF,504.0,DF-0,Deep central defenders
John Egan,Sheffield Utd,Premier League,2020,DF,DF,3187.0,DF-0,Deep central defenders
John Fleck,Sheffield Utd,Premier League,2020,MF,MF,2516.0,MF-1,Advanced attacking midfielders
John Lundstram,Sheffield Utd,Premier League,2020,MF,MF,2458.0,MF-0,Deep ball winning midfielders
Lys Mousset,Sheffield Utd,Premier League,2020,FW,FW,1240.0,FW-0,Low involvement centre forwards
Oliver McBurnie,Sheffield Utd,Premier League,2020,FW,FW,2113.0,FW-0,Low involvement centre forwards
Oliver Norwood,Sheffield Utd,Premier League,2020,MF,MF,3090.0,MF-0,Deep ball winning midfielders
Sander Berge,Sheffield Utd,Premier League,2020,MF,MF,943.0,MF-0,Deep ball winning midfielders
Che Adams,Southampton,Premier League,2020,FW,FW,1111.0,FW-0,Low involvement centre forwards
Cédric Soares,Southampton,Premier League,2020,DF,DF,1306.0,DF-1,Wide attacking defenders
Danny Ings,Southampton,Premier League,2020,FW,FW,2804.0,FW-0,Low involvement centre forwards
Jack Stephens,Southampton,Premier League,2020,DF,DF,2451.0,DF-0,Deep central defenders
James Ward-Prowse,Southampton,Premier League,2020,MF,"MF,DF",3420.0,MF-0,Deep ball winning midfielders
Jan Bednarek,Southampton,Premier League,2020,DF,DF,3057.0,DF-0,Deep central defenders
Jannik Vestergaard,Southampton,Premier League,2020,DF,DF,1497.0,DF-0,Deep central defenders
Kyle Walker-Peters,Southampton,Premier League,2020,DF,DF,703.0,DF-1,Wide attacking defenders
Maya Yoshida,Southampton,Premier League,2020,DF,DF,560.0,DF-0,Deep central defenders
Michael Obafemi,Southampton,Premier League,2020,FW,FW,665.0,FW-0,Low involvement centre forwards
Moussa Djenepo,Southampton,Premier League,2020,MF,"MF,DF",928.0,MF-1,Advanced attacking midfielders
Nathan Redmond,Southampton,Premier League,2020,MF,"MF,FW",2762.0,MF-1,Advanced attacking midfielders
Oriol Romeu,Southampton,Premier League,2020,MF,MF,1860.0,MF-0,Deep ball winning midfielders
Pierre Højbjerg,Southampton,Premier League,2020,MF,MF,2752.0,MF-0,Deep ball winning midfielders
Ryan Bertrand,Southampton,Premier League,2020,DF,DF,2742.0,DF-1,Wide attacking defenders
Shane Long,Southampton,Premier League,2020,FW,FW,1395.0,FW-0,Low involvement centre forwards
Sofiane Boufal,Southampton,Premier League,2020,MF,"MF,FW",764.0,MF-1,Advanced attacking midfielders
Stuart Armstrong,Southampton,Premier League,2020,MF,MF,1715.0,MF-1,Advanced attacking midfielders
Yan Valery,Southampton,Premier League,2020,DF,DF,779.0,DF-1,Wide attacking defenders
Ben Davies,Tottenham,Premier League,2020,DF,DF,1431.0,DF-1,Wide attacking defenders
Christian Eriksen,Tottenham,Premier League,2020,MF,MF,1097.0,MF-1,Advanced attacking midfielders
Danny Rose,Tottenham,Premier League,2020,DF,DF,893.0,DF-1,Wide attacking defenders
Davinson Sánchez,Tottenham,Premier League,2020,DF,DF,2431.0,DF-0,Deep central defenders
Dele Alli,Tottenham,Premier League,2020,MF,"MF,FW",1847.0,MF-1,Advanced attacking midfielders
Eric Dier,Tottenham,Premier League,2020,DF,"DF,MF",1344.0,DF-0,Deep central defenders
Giovani Lo Celso,Tottenham,Premier League,2020,MF,MF,1492.0,MF-1,Advanced attacking midfielders
Harry Kane,Tottenham,Premier League,2020,FW,FW,2587.0,FW-0,Low involvement centre forwards
Harry Winks,Tottenham,Premier League,2020,MF,MF,2221.0,MF-0,Deep ball winning midfielders
Jan Vertonghen,Tottenham,Premier League,2020,DF,DF,1645.0,DF-0,Deep central defenders
Japhet Tanganga,Tottenham,Premier League,2020,DF,DF,525.0,DF-0,Deep central defenders
Lucas Moura,Tottenham,Premier League,2020,MF,"MF,FW",2242.0,MF-1,Advanced attacking midfielders
Moussa Sissoko,Tottenham,Premier League,2020,MF,MF,2452.0,MF-0,Deep ball winning midfielders
Serge Aurier,Tottenham,Premier League,2020,DF,DF,2700.0,DF-1,Wide attacking defenders
Son Heung-min,Tottenham,Premier League,2020,MF,"MF,FW",2476.0,MF-1,Advanced attacking midfielders
Steven Bergwijn,Tottenham,Premier League,2020,MF,"MF,FW",704.0,MF-1,Advanced attacking midfielders
Tanguy Ndombele,Tottenham,Premier League,2020,MF,MF,1009.0,MF-0,Deep ball winning midfielders
Toby Alderweireld,Tottenham,Premier League,2020,DF,DF,2957.0,DF-0,Deep central defenders
Érik Lamela,Tottenham,Premier League,2020,MF,"MF,FW",1215.0,MF-1,Advanced attacking midfielders
Abdoulaye Doucouré,Watford,Premier League,2020,MF,MF,3156.0,MF-0,Deep ball winning midfielders
Adam Masina,Watford,Premier League,2020,DF,DF,1821.0,DF-1,Wide attacking defenders
Adrian Mariappa,Watford,Premier League,2020,DF,DF,1513.0,DF-0,Deep central defenders
Andre Gray,Watford,Premier League,2020,FW,FW,755.0,FW-0,Low involvement centre forwards
Christian Kabasele,Watford,Premier League,2020,DF,DF,2250.0,DF-0,Deep central defenders
Craig Cathcart,Watford,Premier League,2020,DF,DF,2488.0,DF-0,Deep central defenders
Craig Dawson,Watford,Premier League,2020,DF,DF,2361.0,DF-0,Deep central defenders
Danny Welbeck,Watford,Premier League,2020,MF,"MF,FW",822.0,MF-1,Advanced attacking midfielders
Daryl Janmaat,Watford,Premier League,2020,DF,DF,607.0,DF-1,Wide attacking defenders
Gerard Deulofeu,Watford,Premier League,2020,MF,"MF,FW",2098.0,MF-1,Advanced attacking midfielders
Ismaila Sarr,Watford,Premier League,2020,MF,"MF,FW",2028.0,MF-1,Advanced attacking midfielders
José Holebas,Watford,Premier League,2020,DF,DF,1025.0,DF-1,Wide attacking defenders
Kiko Femenía,Watford,Premier League,2020,DF,DF,2237.0,DF-1,Wide attacking defenders
Nathaniel Chalobah,Watford,Premier League,2020,MF,MF,930.0,MF-0,Deep ball winning midfielders
Roberto Pereyra,Watford,Premier League,2020,MF,"MF,FW",1648.0,MF-1,Advanced attacking midfielders
Tom Cleverley,Watford,Premier League,2020,MF,MF,971.0,MF-0,Deep ball winning midfielders
Troy Deeney,Watford,Premier League,2020,FW,FW,2225.0,FW-0,Low involvement centre forwards
Will Hughes,Watford,Premier League,2020,MF,MF,2252.0,MF-0,Deep ball winning midfielders
Étienne Capoue,Watford,Premier League,2020,MF,MF,2627.0,MF-0,Deep ball winning midfielders
Aaron Cresswell,West Ham,Premier League,2020,DF,DF,2727.0,DF-1,Wide attacking defenders
Andriy Yarmolenko,West Ham,Premier League,2020,MF,MF,991.0,MF-1,Advanced attacking midfielders
Angelo Ogbonna,West Ham,Premier League,2020,DF,DF,2786.0,DF-0,Deep central defenders
Arthur Masuaku,West Ham,Premier League,2020,DF,DF,937.0,DF-1,Wide attacking defenders
Declan Rice,West Ham,Premier League,2020,MF,MF,3420.0,MF-0,Deep ball winning midfielders
Fabián Balbuena,West Ham,Premier League,2020,DF,DF,1177.0,DF-0,Deep central defenders
Felipe Anderson,West Ham,Premier League,2020,MF,"MF,FW",1497.0,MF-1,Advanced attacking midfielders
Issa Diop,West Ham,Premier League,2020,DF,DF,2766.0,DF-0,Deep central defenders
Jarrod Bowen,West Ham,Premier League,2020,MF,MF,917.0,MF-1,Advanced attacking midfielders
Manuel Lanzini,West Ham,Premier League,2020,MF,"MF,FW",1379.0,MF-1,Advanced attacking midfielders
Mark Noble,West Ham,Premier League,2020,MF,MF,2674.0,MF-0,Deep ball winning midfielders
Michail Antonio,West Ham,Premier League,2020,FW,"FW,MF",1768.0,FW-0,Low involvement centre forwards
Pablo Fornals,West Ham,Premier League,2020,MF,MF,2172.0,MF-1,Advanced attacking midfielders
Pablo Zabaleta,West Ham,Premier League,2020,DF,DF,592.0,DF-1,Wide attacking defenders
Robert Snodgrass,West Ham,Premier League,2020,MF,"MF,FW",1509.0,MF-1,Advanced attacking midfielders
Ryan Fredericks,West Ham,Premier League,2020,DF,DF,2237.0,DF-1,Wide attacking defenders
Sébastien Haller,West Ham,Premier League,2020,FW,FW,2266.0,FW-0,Low involvement centre forwards
Tomáš Souček,West Ham,Premier League,2020,MF,MF,1040.0,MF-0,Deep ball winning midfielders
Adama Traoré,Wolves,Premier League,2020,FW,"FW,DF",2605.0,FW-1,Creating and carrying forwards
Conor Coady,Wolves,Premier League,2020,DF,DF,3420.0,DF-0,Deep central defenders
Diogo Jota,Wolves,Premier League,2020,FW,FW,2284.0,FW-1,Creating and carrying forwards
Jonny Castro,Wolves,Premier League,2020,MF,"MF,DF",2887.0,MF-0,Deep ball winning midfielders
João Moutinho,Wolves,Premier League,2020,MF,MF,3108.0,MF-0,Deep ball winning midfielders
Leander Dendoncker,Wolves,Premier League,2020,MF,"MF,DF",2795.0,MF-0,Deep ball winning midfielders
Matt Doherty,Wolves,Premier League,2020,MF,"MF,DF",2839.0,MF-0,Deep ball winning midfielders
Pedro Neto,Wolves,Premier League,2020,FW,"FW,MF",939.0,FW-1,Creating and carrying forwards
Raúl Jiménez,Wolves,Premier League,2020,FW,FW,3236.0,FW-0,Low involvement centre forwards
Romain Saïss,Wolves,Premier League,2020,DF,DF,2705.0,DF-0,Deep central defenders
Ryan Bennett,Wolves,Premier League,2020,DF,DF,606.0,DF-0,Deep central defenders
Rúben Neves,Wolves,Premier League,2020,MF,MF,3056.0,MF-0,Deep ball winning midfielders
Rúben Vinagre,Wolves,Premier League,2020,MF,"MF,DF",652.0,MF-0,Deep ball winning midfielders
Willy Boly,Wolves,Premier League,2020,DF,DF,1979.0,DF-0,Deep central defenders
Andrea Masiello,Atalanta,Serie A,2020,DF,DF,543.0,DF-0,Deep central defenders
Berat Djimsiti,Atalanta,Serie A,2020,DF,DF,2783.0,DF-0,Deep central defenders
Duván Zapata,Atalanta,Serie A,2020,FW,FW,2026.0,FW-0,Low involvement centre forwards
Hans Hateboer,Atalanta,Serie A,2020,DF,DF,2356.0,DF-1,Wide attacking defenders
Josip Iličić,Atalanta,Serie A,2020,FW,"FW,MF",1663.0,FW-1,Creating and carrying forwards
José Luis Palomino,Atalanta,Serie A,2020,DF,DF,2480.0,DF-0,Deep central defenders
Luis Muriel,Atalanta,Serie A,2020,FW,FW,1260.0,FW-1,Creating and carrying forwards
Mario Pašalić,Atalanta,Serie A,2020,MF,MF,2417.0,MF-1,Advanced attacking midfielders
Marten de Roon,Atalanta,Serie A,2020,MF,"MF,DF",2721.0,MF-0,Deep ball winning midfielders
Mattia Caldara,Atalanta,Serie A,2020,DF,DF,959.0,DF-0,Deep central defenders
Papu Gómez,Atalanta,Serie A,2020,MF,"MF,FW",2842.0,MF-1,Advanced attacking midfielders
Rafael Tolói,Atalanta,Serie A,2020,DF,DF,2608.0,DF-0,Deep central defenders
Remo Freuler,Atalanta,Serie A,2020,MF,MF,2337.0,MF-0,Deep ball winning midfielders
Robin Gosens,Atalanta,Serie A,2020,DF,DF,2617.0,DF-1,Wide attacking defenders
Ruslan Malinovskyi,Atalanta,Serie A,2020,MF,"MF,FW",1535.0,MF-1,Advanced attacking midfielders
Timothy Castagne,Atalanta,Serie A,2020,DF,DF,1769.0,DF-1,Wide attacking defenders
Andrea Poli,Bologna,Serie A,2020,MF,MF,1919.0,MF-0,Deep ball winning midfielders
Andreas Skov Olsen,Bologna,Serie A,2020,MF,"MF,DF",760.0,MF-1,Advanced attacking midfielders
Blerim Džemaili,Bologna,Serie A,2020,MF,MF,698.0,MF-1,Advanced attacking midfielders
Danilo Larangeira,Bologna,Serie A,2020,DF,DF,2638.0,DF-0,Deep central defenders
Federico Santander,Bologna,Serie A,2020,FW,FW,770.0,FW-0,Low involvement centre forwards
Gary Medel,Bologna,Serie A,2020,MF,MF,1784.0,MF-0,Deep ball winning midfielders
Ibrahima Mbaye,Bologna,Serie A,2020,DF,DF,1507.0,DF-0,Deep central defenders
Jerdy Schouten,Bologna,Serie A,2020,MF,MF,1082.0,MF-0,Deep ball winning midfielders
Ladislav Krejčí,Bologna,Serie A,2020,DF,DF,1051.0,DF-1,Wide attacking defenders
Mattia Bani,Bologna,Serie A,2020,DF,DF,2207.0,DF-0,Deep central defenders
Mattias Svanberg,Bologna,Serie A,2020,MF,MF,1051.0,MF-1,Advanced attacking midfielders
Mitchell Dijks,Bologna,Serie A,2020,DF,DF,1006.0,DF-1,Wide attacking defenders
Musa Barrow,Bologna,Serie A,2020,MF,"MF,FW",1354.0,MF-1,Advanced attacking midfielders
Nicola Sansone,Bologna,Serie A,2020,MF,"MF,FW",2269.0,MF-1,Advanced attacking midfielders
Nicolás Domínguez,Bologna,Serie A,2020,MF,MF,699.0,MF-0,Deep ball winning midfielders
Riccardo Orsolini,Bologna,Serie A,2020,MF,"MF,FW",2681.0,MF-1,Advanced attacking midfielders
Roberto Soriano,Bologna,Serie A,2020,MF,MF,2469.0,MF-1,Advanced attacking midfielders
Rodrigo Palacio,Bologna,Serie A,2020,FW,"FW,MF",2517.0,FW-1,Creating and carrying forwards
Stefano Denswil,Bologna,Serie A,2020,DF,DF,2240.0,DF-0,Deep central defenders
Takehiro Tomiyasu,Bologna,Serie A,2020,DF,DF,2528.0,DF-1,Wide attacking defenders
Alessandro Semprini,Brescia,Serie A,2020,DF,DF,629.0,DF-1,Wide attacking defenders
Aleš Matějů,Brescia,Serie A,2020,DF,DF,2548.0,DF-0,Deep central defenders
Alfredo Donnarumma,Brescia,Serie A,2020,FW,FW,1684.0,FW-0,Low involvement centre forwards
Andrea Cistana,Brescia,Serie A,2020,DF,DF,1838.0,DF-0,Deep central defenders
Andrea Papetti,Brescia,Serie A,2020,DF,DF,917.0,DF-0,Deep central defenders
Birkir Bjarnason,Brescia,Serie A,2020,MF,MF,798.0,MF-0,Deep ball winning midfielders
Bruno Martella,Brescia,Serie A,2020,DF,DF,1270.0,DF-1,Wide attacking defenders
Daniele Dessena,Brescia,Serie A,2020,MF,MF,1869.0,MF-0,Deep ball winning midfielders
Dimitri Bisoli,Brescia,Serie A,2020,MF,MF,2152.0,MF-0,Deep ball winning midfielders
Emanuele Ndoj,Brescia,Serie A,2020,MF,MF,555.0,MF-1,Advanced attacking midfielders
Ernesto Torregrossa,Brescia,Serie A,2020,FW,FW,1844.0,FW-0,Low involvement centre forwards
Florian Ayé,Brescia,Serie A,2020,FW,"FW,MF",1380.0,FW-0,Low involvement centre forwards
Jaromír Zmrhal,Brescia,Serie A,2020,MF,MF,1125.0,MF-1,Advanced attacking midfielders
Jhon Chancellor,Brescia,Serie A,2020,DF,DF,2244.0,DF-0,Deep central defenders
Mario Balotelli,Brescia,Serie A,2020,FW,FW,1404.0,FW-0,Low involvement centre forwards
Massimiliano Mangraviti,Brescia,Serie A,2020,DF,DF,972.0,DF-0,Deep central defenders
Nikolas Špalek,Brescia,Serie A,2020,MF,MF,1579.0,MF-1,Advanced attacking midfielders
Rômulo,Brescia,Serie A,2020,MF,MF,1723.0,MF-1,Advanced attacking midfielders
Sandro Tonali,Brescia,Serie A,2020,MF,MF,3014.0,MF-0,Deep ball winning midfielders
Stefano Sabelli,Brescia,Serie A,2020,DF,DF,3168.0,DF-1,Wide attacking defenders
Artur Ioniță,Cagliari,Serie A,2020,MF,MF,1897.0,MF-0,Deep ball winning midfielders
Charalambos Lykogiannis,Cagliari,Serie A,2020,DF,DF,1338.0,DF-1,Wide attacking defenders
Christian Oliva,Cagliari,Serie A,2020,MF,MF,469.0,MF-0,Deep ball winning midfielders
Fabio Pisacane,Cagliari,Serie A,2020,DF,DF,2442.0,DF-0,Deep central defenders
Fabrizio Cacciatore,Cagliari,Serie A,2020,DF,DF,1153.0,DF-0,Deep central defenders
Federico Mattiello,Cagliari,Serie A,2020,DF,DF,930.0,DF-1,Wide attacking defenders
Giovanni Simeone,Cagliari,Serie A,2020,FW,FW,2924.0,FW-0,Low involvement centre forwards
João Pedro,Cagliari,Serie A,2020,FW,"FW,MF",3151.0,FW-0,Low involvement centre forwards
Luca Ceppitelli,Cagliari,Serie A,2020,DF,DF,1246.0,DF-0,Deep central defenders
Luca Cigarini,Cagliari,Serie A,2020,MF,MF,1598.0,MF-0,Deep ball winning midfielders
Luca Pellegrini,Cagliari,Serie A,2020,DF,DF,1908.0,DF-1,Wide attacking defenders
Lucas Castro,Cagliari,Serie A,2020,MF,MF,606.0,MF-1,Advanced attacking midfielders
Marko Rog,Cagliari,Serie A,2020,MF,MF,2317.0,MF-0,Deep ball winning midfielders
Nahitan Nández,Cagliari,Serie A,2020,MF,"MF,DF",2898.0,MF-1,Advanced attacking midfielders
Paolo Faragò,Cagliari,Serie A,2020,DF,"DF,MF",1343.0,DF-1,Wide attacking defenders
Radja Nainggolan,Cagliari,Serie A,2020,MF,MF,2071.0,MF-1,Advanced attacking midfielders
Ragnar Klavan,Cagliari,Serie A,2020,DF,DF,2354.0,DF-0,Deep central defenders
Sebastian Walukiewicz,Cagliari,Serie A,2020,DF,DF,1165.0,DF-0,Deep central defenders
Alfred Duncan,Fiorentina,Serie A,2020,MF,MF,887.0,MF-1,Advanced attacking midfielders
Dalbert Henrique,Fiorentina,Serie A,2020,DF,"DF,MF",2484.0,DF-1,Wide attacking defenders
Dušan Vlahović,Fiorentina,Serie A,2020,FW,FW,1499.0,FW-0,Low involvement centre forwards
Erick Pulgar,Fiorentina,Serie A,2020,MF,MF,2950.0,MF-0,Deep ball winning midfielders
Federico Ceccherini,Fiorentina,Serie A,2020,DF,DF,835.0,DF-0,Deep central defenders
Federico Chiesa,Fiorentina,Serie A,2020,FW,"FW,DF",2637.0,FW-1,Creating and carrying forwards
Franck Ribéry,Fiorentina,Serie A,2020,FW,FW,1409.0,FW-1,Creating and carrying forwards
Gaetano Castrovilli,Fiorentina,Serie A,2020,MF,MF,2673.0,MF-1,Advanced attacking midfielders
Germán Pezzella,Fiorentina,Serie A,2020,DF,DF,2830.0,DF-0,Deep central defenders
Igor,Fiorentina,Serie A,2020,DF,DF,611.0,DF-0,Deep central defenders
Kevin-Prince Boateng,Fiorentina,Serie A,2020,FW,FW,599.0,FW-0,Low involvement centre forwards
Lorenzo Venuti,Fiorentina,Serie A,2020,DF,"DF,MF",858.0,DF-1,Wide attacking defenders
Marco Benassi,Fiorentina,Serie A,2020,MF,MF,980.0,MF-1,Advanced attacking midfielders
Martín Cáceres,Fiorentina,Serie A,2020,DF,DF,2356.0,DF-0,Deep central defenders
Milan Badelj,Fiorentina,Serie A,2020,MF,MF,1585.0,MF-0,Deep ball winning midfielders
Nikola Milenković,Fiorentina,Serie A,2020,DF,DF,3258.0,DF-0,Deep central defenders
Patrick Cutrone,Fiorentina,Serie A,2020,FW,FW,838.0,FW-0,Low involvement centre forwards
Pol Lirola,Fiorentina,Serie A,2020,DF,DF,2648.0,DF-1,Wide attacking defenders
Rachid Ghezzal,Fiorentina,Serie A,2020,MF,"MF,FW",828.0,MF-1,Advanced attacking midfielders
Riccardo Sottil,Fiorentina,Serie A,2020,FW,"FW,DF",514.0,FW-1,Creating and carrying forwards
Adama Soumaoro,Genoa,Serie A,2020,DF,DF,637.0,DF-0,Deep central defenders
Andrea Favilli,Genoa,Serie A,2020,FW,FW,658.0,FW-0,Low involvement centre forwards
Andrea Masiello,Genoa,Serie A,2020,DF,DF,1324.0,DF-0,Deep central defenders
Andrea Pinamonti,Genoa,Serie A,2020,FW,FW,2236.0,FW-0,Low involvement centre forwards
Antonio Barreca,Genoa,Serie A,2020,DF,"DF,FW",1095.0,DF-1,Wide attacking defenders
Antonio Sanabria,Genoa,Serie A,2020,FW,FW,1387.0,FW-0,Low involvement centre forwards
Christian Kouamé,Genoa,Serie A,2020,FW,"FW,MF",915.0,FW-0,Low involvement centre forwards
Cristian Romero,Genoa,Serie A,2020,DF,DF,2577.0,DF-0,Deep central defenders
Cristián Zapata,Genoa,Serie A,2020,DF,DF,1718.0,DF-0,Deep central defenders
Davide Biraschi,Genoa,Serie A,2020,DF,DF,1971.0,DF-0,Deep central defenders
Domenico Criscito,Genoa,Serie A,2020,DF,DF,2053.0,DF-1,Wide attacking defenders
Edoardo Goldaniga,Genoa,Serie A,2020,DF,DF,784.0,DF-0,Deep central defenders
Filip Jagiełło,Genoa,Serie A,2020,MF,MF,553.0,MF-1,Advanced attacking midfielders
Francesco Cassata,Genoa,Serie A,2020,MF,MF,1458.0,MF-0,Deep ball winning midfielders
Goran Pandev,Genoa,Serie A,2020,FW,"FW,MF",1685.0,FW-1,Creating and carrying forwards
Iago Falque,Genoa,Serie A,2020,MF,MF,519.0,MF-1,Advanced attacking midfielders
Ivan Radovanović,Genoa,Serie A,2020,MF,MF,1318.0,MF-0,Deep ball winning midfielders
Kevin Agudelo,Genoa,Serie A,2020,MF,"MF,FW",666.0,MF-1,Advanced attacking midfielders
Lasse Schöne,Genoa,Serie A,2020,MF,MF,2427.0,MF-0,Deep ball winning midfielders
Lukas Lerager,Genoa,Serie A,2020,MF,MF,1387.0,MF-0,Deep ball winning midfielders
Marko Pajač,Genoa,Serie A,2020,DF,"DF,FW",759.0,DF-1,Wide attacking defenders
Paolo Ghiglione,Genoa,Serie A,2020,DF,"DF,FW",1717.0,DF-1,Wide attacking defenders
Peter Ankersen,Genoa,Serie A,2020,DF,DF,1063.0,DF-1,Wide attacking defenders
Stefano Sturaro,Genoa,Serie A,2020,MF,MF,1252.0,MF-0,Deep ball winning midfielders
Valon Behrami,Genoa,Serie A,2020,MF,MF,1107.0,MF-0,Deep ball winning midfielders
Alan Empereur,Hellas Verona,Serie A,2020,DF,DF,855.0,DF-0,Deep central defenders
Amir Rrahmani,Hellas Verona,Serie A,2020,DF,DF,3228.0,DF-0,Deep central defenders
Darko Lazović,Hellas Verona,Serie A,2020,DF,DF,3239.0,DF-1,Wide attacking defenders
Davide Faraoni,Hellas Verona,Serie A,2020,DF,DF,3228.0,DF-1,Wide attacking defenders
Eddie Salcedo,Hellas Verona,Serie A,2020,FW,"FW,MF",680.0,FW-0,Low involvement centre forwards
Fabio Borini,Hellas Verona,Serie A,2020,MF,"MF,FW",808.0,MF-1,Advanced attacking midfielders
Federico Dimarco,Hellas Verona,Serie A,2020,DF,DF,521.0,DF-1,Wide attacking defenders
Koray Günter,Hellas Verona,Serie A,2020,DF,DF,2733.0,DF-0,Deep central defenders
Marash Kumbulla,Hellas Verona,Serie A,2020,DF,DF,1950.0,DF-0,Deep central defenders
Mariusz Stępiński,Hellas Verona,Serie A,2020,FW,"FW,MF",706.0,FW-0,Low involvement centre forwards
Matteo Pessina,Hellas Verona,Serie A,2020,MF,MF,2489.0,MF-0,Deep ball winning midfielders
Mattia Zaccagni,Hellas Verona,Serie A,2020,MF,"MF,FW",2114.0,MF-1,Advanced attacking midfielders
Miguel Veloso,Hellas Verona,Serie A,2020,MF,MF,2811.0,MF-0,Deep ball winning midfielders
Paweł Dawidowicz,Hellas Verona,Serie A,2020,DF,DF,693.0,DF-0,Deep central defenders
Samuel Di Carmine,Hellas Verona,Serie A,2020,FW,"FW,MF",1293.0,FW-0,Low involvement centre forwards
Sofyan Amrabat,Hellas Verona,Serie A,2020,MF,MF,2919.0,MF-0,Deep ball winning midfielders
Valerio Verre,Hellas Verona,Serie A,2020,MF,"MF,FW",1774.0,MF-1,Advanced attacking midfielders
Alessandro Bastoni,Inter,Serie A,2020,DF,DF,1921.0,DF-0,Deep central defenders
Alexis Sánchez,Inter,Serie A,2020,FW,FW,923.0,FW-1,Creating and carrying forwards
Andrea Ranocchia,Inter,Serie A,2020,DF,DF,526.0,DF-0,Deep central defenders
Antonio Candreva,Inter,Serie A,2020,DF,DF,1993.0,DF-1,Wide attacking defenders
Ashley Young,Inter,Serie A,2020,DF,DF,1185.0,DF-1,Wide attacking defenders
Borja Valero,Inter,Serie A,2020,MF,MF,931.0,MF-0,Deep ball winning midfielders
Christian Eriksen,Inter,Serie A,2020,MF,MF,703.0,MF-1,Advanced attacking midfielders
Cristiano Biraghi,Inter,Serie A,2020,DF,DF,1576.0,DF-1,Wide attacking defenders
Danilo D'Ambrosio,Inter,Serie A,2020,DF,DF,1402.0,DF-1,Wide attacking defenders
Diego Godín,Inter,Serie A,2020,DF,DF,1628.0,DF-0,Deep central defenders
Kwadwo Asamoah,Inter,Serie A,2020,DF,"DF,FW",639.0,DF-1,Wide attacking defenders
Lautaro Martínez,Inter,Serie A,2020,FW,FW,2452.0,FW-0,Low involvement centre forwards
Marcelo Brozović,Inter,Serie A,2020,MF,MF,2701.0,MF-0,Deep ball winning midfielders
Matías Vecino,Inter,Serie A,2020,MF,MF,1282.0,MF-0,Deep ball winning midfielders
Milan Škriniar,Inter,Serie A,2020,DF,DF,2627.0,DF-0,Deep central defenders
Nicolò Barella,Inter,Serie A,2020,MF,MF,2013.0,MF-0,Deep ball winning midfielders
Roberto Gagliardini,Inter,Serie A,2020,MF,MF,1797.0,MF-0,Deep ball winning midfielders
Romelu Lukaku,Inter,Serie A,2020,FW,FW,2979.0,FW-0,Low involvement centre forwards
Stefan de Vrij,Inter,Serie A,2020,DF,DF,2830.0,DF-0,Deep central defenders
Stefano Sensi,Inter,Serie A,2020,MF,MF,723.0,MF-1,Advanced attacking midfielders
Aaron Ramsey,Juventus,Serie A,2020,MF,MF,1051.0,MF-1,Advanced attacking midfielders
Adrien Rabiot,Juventus,Serie A,2020,MF,MF,1912.0,MF-0,Deep ball winning midfielders
Alex Sandro,Juventus,Serie A,2020,DF,DF,2385.0,DF-1,Wide attacking defenders
Blaise Matuidi,Juventus,Serie A,2020,MF,MF,2237.0,MF-0,Deep ball winning midfielders
Cristiano Ronaldo,Juventus,Serie A,2020,FW,FW,2917.0,FW-1,Creating and carrying forwards
Daniele Rugani,Juventus,Serie A,2020,DF,DF,690.0,DF-0,Deep central defenders
Danilo,Juventus,Serie A,2020,DF,DF,1440.0,DF-1,Wide attacking defenders
Douglas Costa,Juventus,Serie A,2020,FW,"FW,MF",802.0,FW-1,Creating and carrying forwards
Federico Bernardeschi,Juventus,Serie A,2020,MF,"MF,FW",1571.0,MF-1,Advanced attacking midfielders
Gonzalo Higuaín,Juventus,Serie A,2020,FW,FW,1866.0,FW-0,Low involvement centre forwards
Juan Cuadrado,Juventus,Serie A,2020,DF,"DF,FW",2654.0,DF-1,Wide attacking defenders
Leonardo Bonucci,Juventus,Serie A,2020,DF,DF,3082.0,DF-0,Deep central defenders
Matthijs de Ligt,Juventus,Serie A,2020,DF,DF,2450.0,DF-0,Deep central defenders
Mattia De Sciglio,Juventus,Serie A,2020,DF,DF,471.0,DF-1,Wide attacking defenders
Miralem Pjanić,Juventus,Serie A,2020,MF,MF,2277.0,MF-0,Deep ball winning midfielders
Paulo Dybala,Juventus,Serie A,2020,FW,"FW,MF",2155.0,FW-1,Creating and carrying forwards
Rodrigo Bentancur,Juventus,Serie A,2020,MF,MF,2196.0,MF-0,Deep ball winning midfielders
Sami Khedira,Juventus,Serie A,2020,MF,MF,681.0,MF-0,Deep ball winning midfielders
Adam Marušić,Lazio,Serie A,2020,DF,DF,942.0,DF-1,Wide attacking defenders
Bastos,Lazio,Serie A,2020,DF,DF,765.0,DF-0,Deep central defenders
Ciro Immobile,Lazio,Serie A,2020,FW,FW,3170.0,FW-0,Low involvement centre forwards
Danilo Cataldi,Lazio,Serie A,2020,MF,MF,592.0,MF-0,Deep ball winning midfielders
Felipe Caicedo,Lazio,Serie A,2020,FW,FW,1406.0,FW-0,Low involvement centre forwards
Francesco Acerbi,Lazio,Serie A,2020,DF,DF,3162.0,DF-0,Deep central defenders
Joaquín Correa,Lazio,Serie A,2020,FW,FW,2002.0,FW-1,Creating and carrying forwards
Jony,Lazio,Serie A,2020,DF,"DF,FW",1177.0,DF-1,Wide attacking defenders
Lucas Leiva,Lazio,Serie A,2020,MF,MF,1808.0,MF-0,Deep ball winning midfielders
Luis Alberto,Lazio,Serie A,2020,MF,MF,3113.0,MF-1,Advanced attacking midfielders
Luiz Felipe,Lazio,Serie A,2020,DF,DF,2024.0,DF-0,Deep central defenders
Manuel Lazzari,Lazio,Serie A,2020,DF,DF,2548.0,DF-1,Wide attacking defenders
Marco Parolo,Lazio,Serie A,2020,MF,MF,1700.0,MF-0,Deep ball winning midfielders
Patric,Lazio,Serie A,2020,DF,DF,1670.0,DF-0,Deep central defenders
Senad Lulić,Lazio,Serie A,2020,DF,DF,1573.0,DF-1,Wide attacking defenders
Sergej Milinković-Savić,Lazio,Serie A,2020,MF,MF,3029.0,MF-1,Advanced attacking midfielders
Ștefan Radu,Lazio,Serie A,2020,DF,DF,2306.0,DF-0,Deep central defenders
Alessandro Deiola,Lecce,Serie A,2020,MF,MF,717.0,MF-0,Deep ball winning midfielders
Andrea La Mantia,Lecce,Serie A,2020,FW,"FW,MF",553.0,FW-0,Low involvement centre forwards
Andrea Rispoli,Lecce,Serie A,2020,DF,DF,1909.0,DF-1,Wide attacking defenders
Andrea Tabanelli,Lecce,Serie A,2020,MF,MF,964.0,MF-0,Deep ball winning midfielders
Antonín Barák,Lecce,Serie A,2020,MF,MF,1369.0,MF-1,Advanced attacking midfielders
Biagio Meccariello,Lecce,Serie A,2020,DF,DF,768.0,DF-0,Deep central defenders
Cristian Dell'Orco,Lecce,Serie A,2020,DF,DF,1007.0,DF-0,Deep central defenders
Diego Farias,Lecce,Serie A,2020,MF,"MF,FW",824.0,MF-1,Advanced attacking midfielders
Fabio Lucioni,Lecce,Serie A,2020,DF,DF,3132.0,DF-0,Deep central defenders
Filippo Falco,Lecce,Serie A,2020,FW,"FW,MF",2014.0,FW-1,Creating and carrying forwards
Gianluca Lapadula,Lecce,Serie A,2020,FW,FW,1784.0,FW-0,Low involvement centre forwards
Giulio Donati,Lecce,Serie A,2020,DF,DF,1760.0,DF-1,Wide attacking defenders
Jacopo Petriccione,Lecce,Serie A,2020,MF,MF,2138.0,MF-0,Deep ball winning midfielders
Khouma Babacar,Lecce,Serie A,2020,FW,FW,1422.0,FW-0,Low involvement centre forwards
Luca Rossettini,Lecce,Serie A,2020,DF,DF,2261.0,DF-0,Deep central defenders
Marco Calderoni,Lecce,Serie A,2020,DF,DF,2064.0,DF-1,Wide attacking defenders
Marco Mancosu,Lecce,Serie A,2020,MF,"MF,FW",2440.0,MF-1,Advanced attacking midfielders
Nehuén Paz,Lecce,Serie A,2020,DF,DF,844.0,DF-0,Deep central defenders
Panagiotis Tachtsidis,Lecce,Serie A,2020,MF,MF,2003.0,MF-0,Deep ball winning midfielders
Riccardo Saponara,Lecce,Serie A,2020,MF,"MF,FW",947.0,MF-1,Advanced attacking midfielders
Yevhen Shakhov,Lecce,Serie A,2020,MF,"MF,FW",1085.0,MF-0,Deep ball winning midfielders
Žan Majer,Lecce,Serie A,2020,MF,MF,1664.0,MF-0,Deep ball winning midfielders
Alessio Romagnoli,Milan,Serie A,2020,DF,DF,3091.0,DF-0,Deep central defenders
Alexis Saelemaekers,Milan,Serie A,2020,MF,"MF,DF",684.0,MF-1,Advanced attacking midfielders
Andrea Conti,Milan,Serie A,2020,DF,DF,1725.0,DF-1,Wide attacking defenders
Ante Rebić,Milan,Serie A,2020,MF,"MF,FW",1395.0,MF-1,Advanced attacking midfielders
Davide Calabria,Milan,Serie A,2020,DF,DF,1622.0,DF-1,Wide attacking defenders
Franck Kessié,Milan,Serie A,2020,MF,MF,2904.0,MF-0,Deep ball winning midfielders
Giacomo Bonaventura,Milan,Serie A,2020,MF,"MF,FW",1338.0,MF-1,Advanced attacking midfielders
Hakan Çalhanoğlu,Milan,Serie A,2020,MF,"MF,FW",2704.0,MF-1,Advanced attacking midfielders
Ismaël Bennacer,Milan,Serie A,2020,MF,MF,2485.0,MF-0,Deep ball winning midfielders
Krzysztof Piątek,Milan,Serie A,2020,FW,FW,1183.0,FW-0,Low involvement centre forwards
Lucas Biglia,Milan,Serie A,2020,MF,MF,685.0,MF-0,Deep ball winning midfielders
Lucas Paquetá,Milan,Serie A,2020,MF,MF,1103.0,MF-1,Advanced attacking midfielders
Mateo Musacchio,Milan,Serie A,2020,DF,DF,1466.0,DF-0,Deep central defenders
Matteo Gabbia,Milan,Serie A,2020,DF,DF,680.0,DF-0,Deep central defenders
Rade Krunić,Milan,Serie A,2020,MF,MF,537.0,MF-1,Advanced attacking midfielders
Rafael Leão,Milan,Serie A,2020,FW,"FW,MF",1404.0,FW-1,Creating and carrying forwards
Samu Castillejo,Milan,Serie A,2020,MF,"MF,FW",1209.0,MF-1,Advanced attacking midfielders
Simon Kjær,Milan,Serie A,2020,DF,DF,1240.0,DF-0,Deep central defenders
Suso,Milan,Serie A,2020,FW,"FW,MF",1359.0,FW-1,Creating and carrying forwards
Theo Hernández,Milan,Serie A,2020,DF,DF,2817.0,DF-1,Wide attacking defenders
Zlatan Ibrahimović,Milan,Serie A,2020,FW,FW,1362.0,FW-1,Creating and carrying forwards
Allan,Napoli,Serie A,2020,MF,MF,1280.0,MF-0,Deep ball winning midfielders
Arkadiusz Milik,Napoli,Serie A,2020,FW,FW,1747.0,FW-0,Low involvement centre forwards
Diego Demme,Napoli,Serie A,2020,MF,MF,902.0,MF-0,Deep ball winning midfielders
Dries Mertens,Napoli,Serie A,2020,FW,FW,1689.0,FW-1,Creating and carrying forwards
Elif Elmas,Napoli,Serie A,2020,MF,MF,1134.0,MF-1,Advanced attacking midfielders
Elseid Hysaj,Napoli,Serie A,2020,DF,DF,1481.0,DF-1,Wide attacking defenders
Fabián Ruiz Peña,Napoli,Serie A,2020,MF,MF,2684.0,MF-0,Deep ball winning midfielders
Fernando Llorente,Napoli,Serie A,2020,FW,FW,501.0,FW-0,Low involvement centre forwards
Giovanni Di Lorenzo,Napoli,Serie A,2020,DF,DF,2970.0,DF-1,Wide attacking defenders
Hirving Lozano,Napoli,Serie A,2020,FW,"FW,MF",1025.0,FW-1,Creating and carrying forwards
José Callejón,Napoli,Serie A,2020,FW,"FW,MF",2172.0,FW-1,Creating and carrying forwards
Kalidou Koulibaly,Napoli,Serie A,2020,DF,DF,2105.0,DF-0,Deep central defenders
Kostas Manolas,Napoli,Serie A,2020,DF,DF,2176.0,DF-0,Deep central defenders
Lorenzo Insigne,Napoli,Serie A,2020,FW,"FW,MF",2810.0,FW-1,Creating and carrying forwards
Matteo Politano,Napoli,Serie A,2020,FW,FW,743.0,FW-1,Creating and carrying forwards
Mário Rui,Napoli,Serie A,2020,DF,DF,1966.0,DF-1,Wide attacking defenders
Nikola Maksimović,Napoli,Serie A,2020,DF,DF,1799.0,DF-0,Deep central defenders
Piotr Zieliński,Napoli,Serie A,2020,MF,MF,2924.0,MF-1,Advanced attacking midfielders
Sebastiano Luperto,Napoli,Serie A,2020,DF,DF,529.0,DF-0,Deep central defenders
Stanislav Lobotka,Napoli,Serie A,2020,MF,MF,752.0,MF-0,Deep ball winning midfielders
Alberto Grassi,Parma,Serie A,2020,MF,MF,641.0,MF-0,Deep ball winning midfielders
Andreas Cornelius,Parma,Serie A,2020,FW,FW,1494.0,FW-0,Low involvement centre forwards
Antonino Barillà,Parma,Serie A,2020,MF,MF,1688.0,MF-0,Deep ball winning midfielders
Bruno Alves,Parma,Serie A,2020,DF,DF,2671.0,DF-0,Deep central defenders
Dejan Kulusevski,Parma,Serie A,2020,FW,"FW,MF",2930.0,FW-1,Creating and carrying forwards
Gastón Brugman,Parma,Serie A,2020,MF,MF,1458.0,MF-0,Deep ball winning midfielders
Gervinho,Parma,Serie A,2020,FW,FW,2270.0,FW-0,Low involvement centre forwards
Gianluca Caprari,Parma,Serie A,2020,FW,"FW,MF",589.0,FW-1,Creating and carrying forwards
Giuseppe Pezzella,Parma,Serie A,2020,DF,DF,949.0,DF-1,Wide attacking defenders
Hernani,Parma,Serie A,2020,MF,MF,2419.0,MF-0,Deep ball winning midfielders
Jasmin Kurtić,Parma,Serie A,2020,MF,"MF,FW",1664.0,MF-0,Deep ball winning midfielders
Juraj Kucka,Parma,Serie A,2020,MF,"MF,FW",1932.0,MF-1,Advanced attacking midfielders
Kastriot Dermaku,Parma,Serie A,2020,DF,DF,1026.0,DF-0,Deep central defenders
Matteo Darmian,Parma,Serie A,2020,DF,DF,2685.0,DF-1,Wide attacking defenders
Matteo Scozzarella,Parma,Serie A,2020,MF,MF,920.0,MF-0,Deep ball winning midfielders
Mattia Sprocati,Parma,Serie A,2020,FW,"FW,MF",590.0,FW-0,Low involvement centre forwards
Riccardo Gagliolo,Parma,Serie A,2020,DF,DF,2604.0,DF-1,Wide attacking defenders
Roberto Inglese,Parma,Serie A,2020,FW,FW,766.0,FW-0,Low involvement centre forwards
Simone Iacoponi,Parma,Serie A,2020,DF,DF,3053.0,DF-0,Deep central defenders
Vincent Laurini,Parma,Serie A,2020,DF,DF,884.0,DF-1,Wide attacking defenders
Yann Karamoh,Parma,Serie A,2020,FW,"FW,MF",573.0,FW-0,Low involvement centre forwards
Aleksandar Kolarov,Roma,Serie A,2020,DF,DF,2732.0,DF-1,Wide attacking defenders
Alessandro Florenzi,Roma,Serie A,2020,DF,"DF,MF",997.0,DF-1,Wide attacking defenders
Amadou Diawara,Roma,Serie A,2020,MF,MF,1518.0,MF-0,Deep ball winning midfielders
Bruno Peres,Roma,Serie A,2020,DF,DF,1056.0,DF-1,Wide attacking defenders
Bryan Cristante,Roma,Serie A,2020,MF,MF,1616.0,MF-0,Deep ball winning midfielders
Carles Pérez,Roma,Serie A,2020,MF,MF,566.0,MF-1,Advanced attacking midfielders
Cengiz Ünder,Roma,Serie A,2020,MF,MF,873.0,MF-1,Advanced attacking midfielders
Chris Smalling,Roma,Serie A,2020,DF,DF,2566.0,DF-0,Deep central defenders
Davide Santon,Roma,Serie A,2020,DF,DF,619.0,DF-1,Wide attacking defenders
Davide Zappacosta,Roma,Serie A,2020,DF,DF,452.0,DF-1,Wide attacking defenders
Diego Perotti,Roma,Serie A,2020,MF,MF,875.0,MF-1,Advanced attacking midfielders
Edin Džeko,Roma,Serie A,2020,FW,FW,2854.0,FW-0,Low involvement centre forwards
Federico Fazio,Roma,Serie A,2020,DF,DF,1213.0,DF-0,Deep central defenders
Gianluca Mancini,Roma,Serie A,2020,DF,"DF,MF",2740.0,DF-0,Deep central defenders
Henrikh Mkhitaryan,Roma,Serie A,2020,MF,MF,1530.0,MF-1,Advanced attacking midfielders
Javier Pastore,Roma,Serie A,2020,MF,MF,514.0,MF-1,Advanced attacking midfielders
Jordan Veretout,Roma,Serie A,2020,MF,MF,2629.0,MF-0,Deep ball winning midfielders
Justin Kluivert,Roma,Serie A,2020,MF,MF,1514.0,MF-1,Advanced attacking midfielders
Leonardo Spinazzola,Roma,Serie A,2020,DF,DF,1548.0,DF-1,Wide attacking defenders
Lorenzo Pellegrini,Roma,Serie A,2020,MF,MF,2097.0,MF-1,Advanced attacking midfielders
Nicolò Zaniolo,Roma,Serie A,2020,MF,MF,1503.0,MF-1,Advanced attacking midfielders
Nikola Kalinić,Roma,Serie A,2020,FW,FW,571.0,FW-0,Low involvement centre forwards
Roger Ibanez,Roma,Serie A,2020,DF,DF,614.0,DF-0,Deep central defenders
Alessandro Murgia,SPAL,Serie A,2020,MF,MF,1750.0,MF-0,Deep ball winning midfielders
Andrea Petagna,SPAL,Serie A,2020,FW,FW,3032.0,FW-0,Low involvement centre forwards
Arkadiusz Reca,SPAL,Serie A,2020,DF,DF,1928.0,DF-1,Wide attacking defenders
Bryan Dabo,SPAL,Serie A,2020,MF,MF,1122.0,MF-0,Deep ball winning midfielders
Federico Di Francesco,SPAL,Serie A,2020,FW,FW,1082.0,FW-0,Low involvement centre forwards
Felipe dal Belo,SPAL,Serie A,2020,DF,DF,997.0,DF-0,Deep central defenders
Francesco Vicari,SPAL,Serie A,2020,DF,DF,2898.0,DF-0,Deep central defenders
Gabriel Strefezza,SPAL,Serie A,2020,DF,"DF,MF",2110.0,DF-1,Wide attacking defenders
Igor,SPAL,Serie A,2020,DF,DF,1337.0,DF-0,Deep central defenders
Jacopo Sala,SPAL,Serie A,2020,DF,DF,853.0,DF-1,Wide attacking defenders
Jasmin Kurtić,SPAL,Serie A,2020,MF,MF,1409.0,MF-1,Advanced attacking midfielders
Kevin Bonifazi,SPAL,Serie A,2020,DF,DF,1191.0,DF-0,Deep central defenders
Marco D'Alessandro,SPAL,Serie A,2020,MF,"MF,DF",781.0,MF-1,Advanced attacking midfielders
Mattia Valoti,SPAL,Serie A,2020,MF,"MF,FW",1527.0,MF-1,Advanced attacking midfielders
Mirko Valdifiori,SPAL,Serie A,2020,MF,MF,1400.0,MF-0,Deep ball winning midfielders
Nenad Tomović,SPAL,Serie A,2020,DF,DF,1755.0,DF-0,Deep central defenders
Sergio Floccari,SPAL,Serie A,2020,FW,FW,942.0,FW-0,Low involvement centre forwards
Simone Missiroli,SPAL,Serie A,2020,MF,MF,2798.0,MF-0,Deep ball winning midfielders
Thiago Cionek,SPAL,Serie A,2020,DF,DF,2169.0,DF-1,Wide attacking defenders
Albin Ekdal,Sampdoria,Serie A,2020,MF,MF,2385.0,MF-0,Deep ball winning midfielders
Alex Ferrari,Sampdoria,Serie A,2020,DF,DF,1005.0,DF-0,Deep central defenders
Andrea Bertolacci,Sampdoria,Serie A,2020,MF,MF,534.0,MF-0,Deep ball winning midfielders
Bartosz Bereszyński,Sampdoria,Serie A,2020,DF,DF,2402.0,DF-1,Wide attacking defenders
Fabio Depaoli,Sampdoria,Serie A,2020,MF,"MF,DF",1854.0,MF-1,Advanced attacking midfielders
Fabio Quagliarella,Sampdoria,Serie A,2020,FW,FW,2275.0,FW-0,Low involvement centre forwards
Federico Bonazzoli,Sampdoria,Serie A,2020,FW,FW,744.0,FW-0,Low involvement centre forwards
Gastón Ramírez,Sampdoria,Serie A,2020,MF,"MF,FW",1392.0,MF-1,Advanced attacking midfielders
Gianluca Caprari,Sampdoria,Serie A,2020,FW,"FW,MF",667.0,FW-1,Creating and carrying forwards
Jakub Jankto,Sampdoria,Serie A,2020,MF,MF,2095.0,MF-1,Advanced attacking midfielders
Jeison Murillo,Sampdoria,Serie A,2020,DF,DF,666.0,DF-0,Deep central defenders
Julian Chabot,Sampdoria,Serie A,2020,DF,DF,569.0,DF-0,Deep central defenders
Karol Linetty,Sampdoria,Serie A,2020,MF,MF,2019.0,MF-1,Advanced attacking midfielders
Lorenzo Tonelli,Sampdoria,Serie A,2020,DF,DF,702.0,DF-0,Deep central defenders
Manolo Gabbiadini,Sampdoria,Serie A,2020,FW,FW,2035.0,FW-0,Low involvement centre forwards
Maya Yoshida,Sampdoria,Serie A,2020,DF,DF,1187.0,DF-0,Deep central defenders
Mehdi Léris,Sampdoria,Serie A,2020,MF,"MF,FW",509.0,MF-1,Advanced attacking midfielders
Morten Thorsby,Sampdoria,Serie A,2020,MF,"MF,DF",1865.0,MF-0,Deep ball winning midfielders
Nicola Murru,Sampdoria,Serie A,2020,DF,DF,2259.0,DF-1,Wide attacking defenders
Omar Colley,Sampdoria,Serie A,2020,DF,DF,2772.0,DF-0,Deep central defenders
Ronaldo Vieira,Sampdoria,Serie A,2020,MF,MF,1819.0,MF-0,Deep ball winning midfielders
Tommaso Augello,Sampdoria,Serie A,2020,DF,DF,1135.0,DF-1,Wide attacking defenders
Alfred Duncan,Sassuolo,Serie A,2020,MF,MF,843.0,MF-0,Deep ball winning midfielders
Domenico Berardi,Sassuolo,Serie A,2020,MF,"MF,FW",2493.0,MF-1,Advanced attacking midfielders
Federico Peluso,Sassuolo,Serie A,2020,DF,DF,1513.0,DF-0,Deep central defenders
Filip Đuričić,Sassuolo,Serie A,2020,MF,MF,1633.0,MF-1,Advanced attacking midfielders
Filippo Romagna,Sassuolo,Serie A,2020,DF,DF,1477.0,DF-0,Deep central defenders
Francesco Caputo,Sassuolo,Serie A,2020,FW,FW,2931.0,FW-0,Low involvement centre forwards
Francesco Magnanelli,Sassuolo,Serie A,2020,MF,MF,1397.0,MF-0,Deep ball winning midfielders
Gian Marco Ferrari,Sassuolo,Serie A,2020,DF,DF,1897.0,DF-0,Deep central defenders
Giorgos Kyriakopoulos,Sassuolo,Serie A,2020,DF,DF,1643.0,DF-1,Wide attacking defenders
Grégoire Defrel,Sassuolo,Serie A,2020,FW,"FW,MF",980.0,FW-0,Low involvement centre forwards
Hamed Junior Traorè,Sassuolo,Serie A,2020,MF,MF,1570.0,MF-1,Advanced attacking midfielders
Jeremie Boga,Sassuolo,Serie A,2020,MF,"MF,FW",2513.0,MF-1,Advanced attacking midfielders
Jeremy Toljan,Sassuolo,Serie A,2020,DF,DF,2186.0,DF-1,Wide attacking defenders
Manuel Locatelli,Sassuolo,Serie A,2020,MF,MF,2586.0,MF-0,Deep ball winning midfielders
Marlon,Sassuolo,Serie A,2020,DF,DF,1818.0,DF-0,Deep central defenders
Mehdi Bourabia,Sassuolo,Serie A,2020,MF,MF,925.0,MF-0,Deep ball winning midfielders
Mert Müldür,Sassuolo,Serie A,2020,DF,DF,1273.0,DF-1,Wide attacking defenders
Pedro Obiang,Sassuolo,Serie A,2020,MF,MF,1674.0,MF-0,Deep ball winning midfielders
Rogério,Sassuolo,Serie A,2020,DF,DF,1015.0,DF-1,Wide attacking defenders
Vlad Chiricheș,Sassuolo,Serie A,2020,DF,DF,707.0,DF-0,Deep central defenders
Andrea Belotti,Torino,Serie A,2020,FW,FW,3008.0,FW-0,Low involvement centre forwards
Armando Izzo,Torino,Serie A,2020,DF,DF,2686.0,DF-0,Deep central defenders
Cristian Ansaldi,Torino,Serie A,2020,DF,"DF,MF",1768.0,DF-1,Wide attacking defenders
Daniele Baselli,Torino,Serie A,2020,MF,MF,1278.0,MF-0,Deep ball winning midfielders
Diego Laxalt,Torino,Serie A,2020,DF,"DF,MF",596.0,DF-1,Wide attacking defenders
Gleison Bremer,Torino,Serie A,2020,DF,DF,2270.0,DF-0,Deep central defenders
Koffi Djidji,Torino,Serie A,2020,DF,DF,851.0,DF-0,Deep central defenders
Lorenzo De Silvestri,Torino,Serie A,2020,DF,DF,2243.0,DF-1,Wide attacking defenders
Lyanco,Torino,Serie A,2020,DF,DF,1176.0,DF-0,Deep central defenders
Nicolas Nkoulou,Torino,Serie A,2020,DF,DF,2692.0,DF-0,Deep central defenders
Ola Aina,Torino,Serie A,2020,DF,DF,2079.0,DF-1,Wide attacking defenders
Saša Lukić,Torino,Serie A,2020,MF,MF,1861.0,MF-0,Deep ball winning midfielders
Simone Verdi,Torino,Serie A,2020,MF,"MF,FW",2073.0,MF-1,Advanced attacking midfielders
Simone Zaza,Torino,Serie A,2020,FW,FW,1640.0,FW-0,Low involvement centre forwards
Soualiho Meïté,Torino,Serie A,2020,MF,MF,2201.0,MF-0,Deep ball winning midfielders
Tomás Rincón,Torino,Serie A,2020,MF,MF,2702.0,MF-0,Deep ball winning midfielders
Álex Berenguer,Torino,Serie A,2020,MF,"MF,DF",1823.0,MF-1,Advanced attacking midfielders
Bram Nuytinck,Udinese,Serie A,2020,DF,DF,2225.0,DF-0,Deep central defenders
Hidde ter Avest,Udinese,Serie A,2020,DF,DF,686.0,DF-1,Wide attacking defenders
Ilija Nestorovski,Udinese,Serie A,2020,FW,FW,1251.0,FW-0,Low involvement centre forwards
Jens Stryger Larsen,Udinese,Serie A,2020,DF,DF,2789.0,DF-1,Wide attacking defenders
Ken Sema,Udinese,Serie A,2020,DF,"DF,MF",2453.0,DF-1,Wide attacking defenders
Kevin Lasagna,Udinese,Serie A,2020,FW,FW,2569.0,FW-0,Low involvement centre forwards
Marvin Zeegelaar,Udinese,Serie A,2020,DF,DF,593.0,DF-1,Wide attacking defenders
Mato Jajalo,Udinese,Serie A,2020,MF,MF,1649.0,MF-0,Deep ball winning midfielders
Nicholas Opoku,Udinese,Serie A,2020,DF,DF,481.0,DF-0,Deep central defenders
Rodrigo Becão,Udinese,Serie A,2020,DF,DF,2213.0,DF-0,Deep central defenders
Rodrigo De Paul,Udinese,Serie A,2020,MF,MF,2822.0,MF-1,Advanced attacking midfielders
Rolando Mandragora,Udinese,Serie A,2020,MF,MF,2050.0,MF-0,Deep ball winning midfielders
Samir Santos,Udinese,Serie A,2020,DF,DF,1546.0,DF-0,Deep central defenders
Sebastien De Maio,Udinese,Serie A,2020,DF,DF,1500.0,DF-0,Deep central defenders
Seko Fofana,Udinese,Serie A,2020,MF,MF,2249.0,MF-1,Advanced attacking midfielders
Stefano Okaka,Udinese,Serie A,2020,FW,FW,2415.0,FW-0,Low involvement centre forwards
Walace,Udinese,Serie A,2020,MF,MF,1139.0,MF-0,Deep ball winning midfielders
William Troost-Ekong,Udinese,Serie A,2020,DF,DF,2576.0,DF-0,Deep central defenders
Amos Pieper,Arminia,Bundesliga,2021,DF,DF,2682.0,DF-0,Deep central defenders
Anderson Lucoqui,Arminia,Bundesliga,2021,DF,DF,1604.0,DF-1,Wide attacking defenders
Andreas Voglsammer,Arminia,Bundesliga,2021,FW,"FW,MF",1000.0,FW-0,Low involvement centre forwards
Arne Maier,Arminia,Bundesliga,2021,MF,MF,1034.0,MF-0,Deep ball winning midfielders
Cebio Soukou,Arminia,Bundesliga,2021,MF,"MF,FW",458.0,MF-0,Deep ball winning midfielders
Christian Gebauer,Arminia,Bundesliga,2021,MF,"MF,FW",687.0,MF-1,Advanced attacking midfielders
Cédric Brunner,Arminia,Bundesliga,2021,DF,DF,2655.0,DF-0,Deep central defenders
Fabian Klos,Arminia,Bundesliga,2021,FW,FW,2709.0,FW-0,Low involvement centre forwards
Fabian Kunze,Arminia,Bundesliga,2021,MF,MF,1270.0,MF-0,Deep ball winning midfielders
Jacob Barrett Laursen,Arminia,Bundesliga,2021,DF,DF,1108.0,DF-0,Deep central defenders
Joakim Nilsson,Arminia,Bundesliga,2021,DF,DF,2162.0,DF-0,Deep central defenders
Manuel Prietl,Arminia,Bundesliga,2021,MF,MF,2517.0,MF-0,Deep ball winning midfielders
Marcel Hartel,Arminia,Bundesliga,2021,MF,MF,1681.0,MF-0,Deep ball winning midfielders
Masaya Okugawa,Arminia,Bundesliga,2021,MF,MF,914.0,MF-1,Advanced attacking midfielders
Mike van der Hoorn,Arminia,Bundesliga,2021,DF,DF,1356.0,DF-0,Deep central defenders
Nathan de Medina,Arminia,Bundesliga,2021,DF,DF,639.0,DF-1,Wide attacking defenders
Reinhold Yabo,Arminia,Bundesliga,2021,MF,MF,647.0,MF-0,Deep ball winning midfielders
Ritsu Doan,Arminia,Bundesliga,2021,MF,"MF,FW",2768.0,MF-1,Advanced attacking midfielders
Sergio Córdova,Arminia,Bundesliga,2021,FW,"FW,MF",1090.0,FW-0,Low involvement centre forwards
Sven Schipplock,Arminia,Bundesliga,2021,FW,"FW,MF",744.0,FW-0,Low involvement centre forwards
Alfreð Finnbogason,Augsburg,Bundesliga,2021,FW,FW,544.0,FW-0,Low involvement centre forwards
André Hahn,Augsburg,Bundesliga,2021,MF,"MF,FW",2037.0,MF-1,Advanced attacking midfielders
Carlos Gruezo,Augsburg,Bundesliga,2021,MF,MF,2084.0,MF-0,Deep ball winning midfielders
Daniel Caligiuri,Augsburg,Bundesliga,2021,MF,"MF,DF",2665.0,MF-1,Advanced attacking midfielders
Florian Niederlechner,Augsburg,Bundesliga,2021,FW,FW,1737.0,FW-0,Low involvement centre forwards
Iago,Augsburg,Bundesliga,2021,DF,DF,1560.0,DF-1,Wide attacking defenders
Jeffrey Gouweleeuw,Augsburg,Bundesliga,2021,DF,DF,2835.0,DF-0,Deep central defenders
László Bénes,Augsburg,Bundesliga,2021,MF,MF,660.0,MF-1,Advanced attacking midfielders
Mads Pedersen,Augsburg,Bundesliga,2021,DF,DF,887.0,DF-1,Wide attacking defenders
Marco Richter,Augsburg,Bundesliga,2021,MF,"MF,FW",1416.0,MF-1,Advanced attacking midfielders
Michael Gregoritsch,Augsburg,Bundesliga,2021,FW,"FW,MF",835.0,FW-0,Low involvement centre forwards
Ohis Felix Uduokhai,Augsburg,Bundesliga,2021,DF,DF,2610.0,DF-0,Deep central defenders
Rani Khedira,Augsburg,Bundesliga,2021,MF,MF,1818.0,MF-0,Deep ball winning midfielders
Raphael Framberger,Augsburg,Bundesliga,2021,DF,DF,1540.0,DF-1,Wide attacking defenders
Reece Oxford,Augsburg,Bundesliga,2021,DF,DF,1358.0,DF-0,Deep central defenders
Robert Gumny,Augsburg,Bundesliga,2021,DF,DF,1377.0,DF-1,Wide attacking defenders
Ruben Vargas,Augsburg,Bundesliga,2021,MF,"MF,FW",1612.0,MF-1,Advanced attacking midfielders
Tobias Strobl,Augsburg,Bundesliga,2021,MF,MF,1846.0,MF-0,Deep ball winning midfielders
Alphonso Davies,Bayern Munich,Bundesliga,2021,DF,DF,1763.0,DF-1,Wide attacking defenders
Benjamin Pavard,Bayern Munich,Bundesliga,2021,DF,DF,1943.0,DF-1,Wide attacking defenders
Bouna Sarr,Bayern Munich,Bundesliga,2021,DF,DF,452.0,DF-1,Wide attacking defenders
Corentin Tolisso,Bayern Munich,Bundesliga,2021,MF,MF,781.0,MF-0,Deep ball winning midfielders
David Alaba,Bayern Munich,Bundesliga,2021,DF,"DF,MF",2675.0,DF-1,Wide attacking defenders
Eric Maxim Choupo-Moting,Bayern Munich,Bundesliga,2021,FW,"FW,MF",820.0,FW-0,Low involvement centre forwards
Jamal Musiala,Bayern Munich,Bundesliga,2021,MF,MF,881.0,MF-1,Advanced attacking midfielders
Javi Martínez,Bayern Munich,Bundesliga,2021,DF,"DF,MF",466.0,DF-0,Deep central defenders
Joshua Kimmich,Bayern Munich,Bundesliga,2021,MF,MF,2194.0,MF-0,Deep ball winning midfielders
Jérôme Boateng,Bayern Munich,Bundesliga,2021,DF,DF,2368.0,DF-0,Deep central defenders
Kingsley Coman,Bayern Munich,Bundesliga,2021,MF,MF,1752.0,MF-1,Advanced attacking midfielders
Leon Goretzka,Bayern Munich,Bundesliga,2021,MF,MF,1705.0,MF-0,Deep ball winning midfielders
Leroy Sané,Bayern Munich,Bundesliga,2021,MF,MF,1805.0,MF-1,Advanced attacking midfielders
Lucas Hernández,Bayern Munich,Bundesliga,2021,DF,DF,1597.0,DF-1,Wide attacking defenders
Niklas Süle,Bayern Munich,Bundesliga,2021,DF,DF,1505.0,DF-0,Deep central defenders
Robert Lewandowski,Bayern Munich,Bundesliga,2021,FW,FW,2458.0,FW-0,Low involvement centre forwards
Serge Gnabry,Bayern Munich,Bundesliga,2021,MF,MF,1644.0,MF-1,Advanced attacking midfielders
Thomas Müller,Bayern Munich,Bundesliga,2021,MF,MF,2674.0,MF-1,Advanced attacking midfielders
Axel Witsel,Dortmund,Bundesliga,2021,MF,MF,1130.0,MF-0,Deep ball winning midfielders
Emre Can,Dortmund,Bundesliga,2021,DF,"DF,MF",2133.0,DF-1,Wide attacking defenders
Erling Haaland,Dortmund,Bundesliga,2021,FW,FW,2407.0,FW-0,Low involvement centre forwards
Gio Reyna,Dortmund,Bundesliga,2021,MF,MF,1976.0,MF-1,Advanced attacking midfielders
Jadon Sancho,Dortmund,Bundesliga,2021,MF,MF,2062.0,MF-1,Advanced attacking midfielders
Jude Bellingham,Dortmund,Bundesliga,2021,MF,MF,1697.0,MF-0,Deep ball winning midfielders
Julian Brandt,Dortmund,Bundesliga,2021,MF,"MF,FW",1495.0,MF-1,Advanced attacking midfielders
Mahmoud Dahoud,Dortmund,Bundesliga,2021,MF,MF,1258.0,MF-0,Deep ball winning midfielders
Manuel Akanji,Dortmund,Bundesliga,2021,DF,DF,2350.0,DF-0,Deep central defenders
Marco Reus,Dortmund,Bundesliga,2021,MF,"MF,FW",2279.0,MF-1,Advanced attacking midfielders
Mateu Morey,Dortmund,Bundesliga,2021,DF,DF,829.0,DF-1,Wide attacking defenders
Mats Hummels,Dortmund,Bundesliga,2021,DF,DF,2813.0,DF-0,Deep central defenders
Nico Schulz,Dortmund,Bundesliga,2021,DF,DF,610.0,DF-1,Wide attacking defenders
Raphaël Guerreiro,Dortmund,Bundesliga,2021,DF,"DF,MF",2218.0,DF-1,Wide attacking defenders
Thomas Delaney,Dortmund,Bundesliga,2021,MF,MF,1286.0,MF-0,Deep ball winning midfielders
Thomas Meunier,Dortmund,Bundesliga,2021,DF,DF,1472.0,DF-1,Wide attacking defenders
Thorgan Hazard,Dortmund,Bundesliga,2021,MF,"MF,FW",654.0,MF-1,Advanced attacking midfielders
Łukasz Piszczek,Dortmund,Bundesliga,2021,DF,DF,455.0,DF-1,Wide attacking defenders
Almamy Touré,Eint Frankfurt,Bundesliga,2021,DF,DF,704.0,DF-1,Wide attacking defenders
Amin Younes,Eint Frankfurt,Bundesliga,2021,MF,MF,1391.0,MF-1,Advanced attacking midfielders
André Silva,Eint Frankfurt,Bundesliga,2021,FW,FW,2760.0,FW-0,Low involvement centre forwards
Aymen Barkok,Eint Frankfurt,Bundesliga,2021,MF,"MF,DF",977.0,MF-1,Advanced attacking midfielders
Bas Dost,Eint Frankfurt,Bundesliga,2021,FW,FW,817.0,FW-0,Low involvement centre forwards
Daichi Kamada,Eint Frankfurt,Bundesliga,2021,MF,MF,2356.0,MF-1,Advanced attacking midfielders
David Abraham,Eint Frankfurt,Bundesliga,2021,DF,DF,1222.0,DF-0,Deep central defenders
Djibril Sow,Eint Frankfurt,Bundesliga,2021,MF,MF,2175.0,MF-0,Deep ball winning midfielders
Erik Durm,Eint Frankfurt,Bundesliga,2021,DF,DF,1480.0,DF-1,Wide attacking defenders
Filip Kostić,Eint Frankfurt,Bundesliga,2021,DF,DF,2534.0,DF-1,Wide attacking defenders
Luka Jović,Eint Frankfurt,Bundesliga,2021,FW,FW,894.0,FW-0,Low involvement centre forwards
Makoto Hasebe,Eint Frankfurt,Bundesliga,2021,DF,"DF,MF",2288.0,DF-0,Deep central defenders
Martin Hinteregger,Eint Frankfurt,Bundesliga,2021,DF,DF,2527.0,DF-0,Deep central defenders
Obite N'Dicka,Eint Frankfurt,Bundesliga,2021,DF,DF,2044.0,DF-0,Deep central defenders
Sebastian Rode,Eint Frankfurt,Bundesliga,2021,MF,MF,1625.0,MF-0,Deep ball winning midfielders
Stefan Ilsanker,Eint Frankfurt,Bundesliga,2021,MF,"MF,DF",1578.0,MF-0,Deep ball winning midfielders
Steven Zuber,Eint Frankfurt,Bundesliga,2021,DF,"DF,MF",585.0,DF-1,Wide attacking defenders
Tuta,Eint Frankfurt,Bundesliga,2021,DF,DF,1459.0,DF-0,Deep central defenders
Baptiste Santamaria,Freiburg,Bundesliga,2021,MF,MF,2209.0,MF-0,Deep ball winning midfielders
Christian Günter,Freiburg,Bundesliga,2021,DF,"DF,MF",3060.0,DF-1,Wide attacking defenders
Dominique Heintz,Freiburg,Bundesliga,2021,DF,DF,1369.0,DF-0,Deep central defenders
Ermedin Demirović,Freiburg,Bundesliga,2021,FW,FW,1498.0,FW-0,Low involvement centre forwards
Janik Haberer,Freiburg,Bundesliga,2021,MF,"MF,FW",486.0,MF-0,Deep ball winning midfielders
Jeong Woo-yeong,Freiburg,Bundesliga,2021,FW,"FW,MF",823.0,FW-1,Creating and carrying forwards
Jonathan Schmid,Freiburg,Bundesliga,2021,MF,"MF,DF",2393.0,MF-0,Deep ball winning midfielders
Keven Schlotterbeck,Freiburg,Bundesliga,2021,DF,DF,1654.0,DF-0,Deep central defenders
Lucas Höler,Freiburg,Bundesliga,2021,FW,"FW,MF",2089.0,FW-0,Low involvement centre forwards
Lukas Kübler,Freiburg,Bundesliga,2021,DF,"DF,MF",884.0,DF-1,Wide attacking defenders
Manuel Gulde,Freiburg,Bundesliga,2021,DF,DF,1954.0,DF-0,Deep central defenders
Nicolas Höfler,Freiburg,Bundesliga,2021,MF,MF,2729.0,MF-0,Deep ball winning midfielders
Nils Petersen,Freiburg,Bundesliga,2021,FW,FW,1301.0,FW-0,Low involvement centre forwards
Philipp Lienhart,Freiburg,Bundesliga,2021,DF,DF,2993.0,DF-0,Deep central defenders
Roland Sallai,Freiburg,Bundesliga,2021,MF,"MF,FW",1661.0,MF-1,Advanced attacking midfielders
Vincenzo Grifo,Freiburg,Bundesliga,2021,MF,"MF,FW",2313.0,MF-1,Advanced attacking midfielders
Yannik Keitel,Freiburg,Bundesliga,2021,MF,MF,498.0,MF-0,Deep ball winning midfielders
Dedryck Boyata,Hertha BSC,Bundesliga,2021,DF,DF,1545.0,DF-0,Deep central defenders
Deyovaisio Zeefuik,Hertha BSC,Bundesliga,2021,DF,"DF,FW",905.0,DF-1,Wide attacking defenders
Dodi Lukebakio,Hertha BSC,Bundesliga,2021,FW,"FW,MF",1855.0,FW-0,Low involvement centre forwards
Javairô Dilrosun,Hertha BSC,Bundesliga,2021,MF,"MF,FW",529.0,MF-1,Advanced attacking midfielders
Jhon Córdoba,Hertha BSC,Bundesliga,2021,FW,FW,1537.0,FW-0,Low involvement centre forwards
Jordan Torunarigha,Hertha BSC,Bundesliga,2021,DF,DF,969.0,DF-0,Deep central defenders
Krzysztof Piątek,Hertha BSC,Bundesliga,2021,FW,FW,1630.0,FW-0,Low involvement centre forwards
Lucas Tousart,Hertha BSC,Bundesliga,2021,MF,MF,2090.0,MF-0,Deep ball winning midfielders
Lukas Klünter,Hertha BSC,Bundesliga,2021,DF,DF,990.0,DF-0,Deep central defenders
Marvin Plattenhardt,Hertha BSC,Bundesliga,2021,DF,DF,1071.0,DF-1,Wide attacking defenders
Matheus Cunha,Hertha BSC,Bundesliga,2021,MF,"MF,FW",2149.0,MF-1,Advanced attacking midfielders
Mathew Leckie,Hertha BSC,Bundesliga,2021,MF,"MF,FW",506.0,MF-0,Deep ball winning midfielders
Mattéo Guendouzi,Hertha BSC,Bundesliga,2021,MF,MF,1818.0,MF-0,Deep ball winning midfielders
Maximilian Mittelstädt,Hertha BSC,Bundesliga,2021,DF,"DF,MF",1797.0,DF-1,Wide attacking defenders
Márton Dárdai,Hertha BSC,Bundesliga,2021,DF,"DF,MF",821.0,DF-0,Deep central defenders
Nemanja Radonjić,Hertha BSC,Bundesliga,2021,MF,"MF,FW",611.0,MF-1,Advanced attacking midfielders
Niklas Stark,Hertha BSC,Bundesliga,2021,DF,"DF,MF",2793.0,DF-0,Deep central defenders
Omar Alderete,Hertha BSC,Bundesliga,2021,DF,DF,1299.0,DF-0,Deep central defenders
Peter Pekarík,Hertha BSC,Bundesliga,2021,DF,DF,1692.0,DF-1,Wide attacking defenders
Santiago Ascacíbar,Hertha BSC,Bundesliga,2021,MF,MF,762.0,MF-0,Deep ball winning midfielders
Vladimír Darida,Hertha BSC,Bundesliga,2021,MF,MF,1903.0,MF-1,Advanced attacking midfielders
Andrej Kramarić,Hoffenheim,Bundesliga,2021,FW,"FW,MF",2379.0,FW-1,Creating and carrying forwards
Chris Richards,Hoffenheim,Bundesliga,2021,DF,DF,944.0,DF-0,Deep central defenders
Christoph Baumgartner,Hoffenheim,Bundesliga,2021,MF,"MF,FW",2369.0,MF-1,Advanced attacking midfielders
Dennis Geiger,Hoffenheim,Bundesliga,2021,MF,MF,658.0,MF-0,Deep ball winning midfielders
Diadie Samassékou,Hoffenheim,Bundesliga,2021,MF,MF,2563.0,MF-0,Deep ball winning midfielders
Florian Grillitsch,Hoffenheim,Bundesliga,2021,MF,"MF,DF",1879.0,MF-0,Deep ball winning midfielders
Håvard Nordtveit,Hoffenheim,Bundesliga,2021,DF,DF,700.0,DF-0,Deep central defenders
Ihlas Bebou,Hoffenheim,Bundesliga,2021,FW,"FW,MF",2200.0,FW-1,Creating and carrying forwards
Ishak Belfodil,Hoffenheim,Bundesliga,2021,FW,"FW,MF",596.0,FW-0,Low involvement centre forwards
Kasim Nuhu,Hoffenheim,Bundesliga,2021,DF,DF,987.0,DF-0,Deep central defenders
Kevin Akpoguma,Hoffenheim,Bundesliga,2021,DF,DF,1184.0,DF-0,Deep central defenders
Kevin Vogt,Hoffenheim,Bundesliga,2021,DF,DF,1841.0,DF-0,Deep central defenders
Marco John,Hoffenheim,Bundesliga,2021,DF,DF,997.0,DF-1,Wide attacking defenders
Mijat Gaćinović,Hoffenheim,Bundesliga,2021,DF,"DF,MF",822.0,DF-1,Wide attacking defenders
Moanes Dabbur,Hoffenheim,Bundesliga,2021,FW,"FW,MF",999.0,FW-0,Low involvement centre forwards
Pavel Kadeřábek,Hoffenheim,Bundesliga,2021,DF,"DF,FW",1588.0,DF-1,Wide attacking defenders
Robert Skov,Hoffenheim,Bundesliga,2021,MF,"MF,FW",1164.0,MF-1,Advanced attacking midfielders
Ryan Sessegnon,Hoffenheim,Bundesliga,2021,DF,"DF,FW",1574.0,DF-1,Wide attacking defenders
Sargis Adamyan,Hoffenheim,Bundesliga,2021,MF,"MF,FW",479.0,MF-1,Advanced attacking midfielders
Sebastian Rudy,Hoffenheim,Bundesliga,2021,MF,"MF,FW",1678.0,MF-0,Deep ball winning midfielders
Stefan Posch,Hoffenheim,Bundesliga,2021,DF,DF,2119.0,DF-0,Deep central defenders
Dominick Drexler,Köln,Bundesliga,2021,MF,"MF,FW",1233.0,MF-1,Advanced attacking midfielders
Ellyes Skhiri,Köln,Bundesliga,2021,MF,MF,2785.0,MF-0,Deep ball winning midfielders
Elvis Rexhbeçaj,Köln,Bundesliga,2021,MF,MF,1833.0,MF-1,Advanced attacking midfielders
Emmanuel Dennis,Köln,Bundesliga,2021,FW,FW,474.0,FW-0,Low involvement centre forwards
Ismail Jakobs,Köln,Bundesliga,2021,MF,"MF,FW",1726.0,MF-1,Advanced attacking midfielders
Jan Thielmann,Köln,Bundesliga,2021,FW,"FW,MF",1029.0,FW-0,Low involvement centre forwards
Jannes Horn,Köln,Bundesliga,2021,DF,DF,1768.0,DF-1,Wide attacking defenders
Jonas Hector,Köln,Bundesliga,2021,MF,"MF,FW",1290.0,MF-0,Deep ball winning midfielders
Jorge Meré,Köln,Bundesliga,2021,DF,DF,1300.0,DF-0,Deep central defenders
Kingsley Ehizibue,Köln,Bundesliga,2021,DF,DF,1133.0,DF-1,Wide attacking defenders
Marius Wolf,Köln,Bundesliga,2021,MF,"MF,DF",2551.0,MF-1,Advanced attacking midfielders
Noah Katterbach,Köln,Bundesliga,2021,DF,"DF,MF",1111.0,DF-1,Wide attacking defenders
Ondrej Duda,Köln,Bundesliga,2021,FW,"FW,MF",2537.0,FW-1,Creating and carrying forwards
Rafael Czichos,Köln,Bundesliga,2021,DF,DF,2259.0,DF-0,Deep central defenders
Salih Özcan,Köln,Bundesliga,2021,MF,MF,1371.0,MF-0,Deep ball winning midfielders
Sava Cestic,Köln,Bundesliga,2021,DF,DF,899.0,DF-0,Deep central defenders
Sebastiaan Bornauw,Köln,Bundesliga,2021,DF,DF,2083.0,DF-0,Deep central defenders
Sebastian Andersson,Köln,Bundesliga,2021,FW,FW,1126.0,FW-0,Low involvement centre forwards
Aleksandar Dragović,Leverkusen,Bundesliga,2021,DF,DF,1136.0,DF-0,Deep central defenders
Charles Aránguiz,Leverkusen,Bundesliga,2021,MF,MF,1669.0,MF-0,Deep ball winning midfielders
Daley Sinkgraven,Leverkusen,Bundesliga,2021,DF,DF,1570.0,DF-1,Wide attacking defenders
Edmond Tapsoba,Leverkusen,Bundesliga,2021,DF,DF,2652.0,DF-0,Deep central defenders
Exequiel Palacios,Leverkusen,Bundesliga,2021,MF,MF,572.0,MF-0,Deep ball winning midfielders
Florian Wirtz,Leverkusen,Bundesliga,2021,MF,MF,2224.0,MF-1,Advanced attacking midfielders
Jonathan Tah,Leverkusen,Bundesliga,2021,DF,DF,2219.0,DF-0,Deep central defenders
Julian Baumgartlinger,Leverkusen,Bundesliga,2021,MF,MF,1072.0,MF-0,Deep ball winning midfielders
Karim Bellarabi,Leverkusen,Bundesliga,2021,MF,"MF,DF",798.0,MF-1,Advanced attacking midfielders
Kerem Demirbay,Leverkusen,Bundesliga,2021,MF,MF,1744.0,MF-1,Advanced attacking midfielders
Lars Bender,Leverkusen,Bundesliga,2021,DF,DF,936.0,DF-1,Wide attacking defenders
Leon Bailey,Leverkusen,Bundesliga,2021,FW,"FW,MF",2141.0,FW-1,Creating and carrying forwards
Lucas Alario,Leverkusen,Bundesliga,2021,FW,FW,1245.0,FW-0,Low involvement centre forwards
Moussa Diaby,Leverkusen,Bundesliga,2021,FW,"FW,MF",2388.0,FW-1,Creating and carrying forwards
Nadiem Amiri,Leverkusen,Bundesliga,2021,MF,MF,1890.0,MF-1,Advanced attacking midfielders
Patrik Schick,Leverkusen,Bundesliga,2021,FW,FW,1866.0,FW-0,Low involvement centre forwards
Sven Bender,Leverkusen,Bundesliga,2021,DF,DF,1170.0,DF-0,Deep central defenders
Wendell,Leverkusen,Bundesliga,2021,DF,DF,1457.0,DF-1,Wide attacking defenders
Alassane Pléa,M'Gladbach,Bundesliga,2021,FW,"FW,MF",1803.0,FW-1,Creating and carrying forwards
Breel Embolo,M'Gladbach,Bundesliga,2021,FW,"FW,MF",1440.0,FW-0,Low involvement centre forwards
Christoph Kramer,M'Gladbach,Bundesliga,2021,MF,MF,2033.0,MF-0,Deep ball winning midfielders
Denis Zakaria,M'Gladbach,Bundesliga,2021,MF,"MF,DF",1419.0,MF-0,Deep ball winning midfielders
Florian Neuhaus,M'Gladbach,Bundesliga,2021,MF,MF,2622.0,MF-0,Deep ball winning midfielders
Hannes Wolf,M'Gladbach,Bundesliga,2021,MF,MF,1378.0,MF-1,Advanced attacking midfielders
Jonas Hofmann,M'Gladbach,Bundesliga,2021,MF,MF,1817.0,MF-1,Advanced attacking midfielders
Lars Stindl,M'Gladbach,Bundesliga,2021,MF,"MF,FW",1961.0,MF-1,Advanced attacking midfielders
Marcus Thuram,M'Gladbach,Bundesliga,2021,MF,"MF,FW",1731.0,MF-1,Advanced attacking midfielders
Matthias Ginter,M'Gladbach,Bundesliga,2021,DF,DF,3060.0,DF-0,Deep central defenders
Nico Elvedi,M'Gladbach,Bundesliga,2021,DF,DF,2536.0,DF-0,Deep central defenders
Oscar Wendt,M'Gladbach,Bundesliga,2021,DF,DF,1254.0,DF-1,Wide attacking defenders
Patrick Herrmann,M'Gladbach,Bundesliga,2021,MF,MF,876.0,MF-1,Advanced attacking midfielders
Ramy Bensebaini,M'Gladbach,Bundesliga,2021,DF,DF,1811.0,DF-0,Deep central defenders
Stefan Lainer,M'Gladbach,Bundesliga,2021,DF,DF,2768.0,DF-1,Wide attacking defenders
Valentino Lazaro,M'Gladbach,Bundesliga,2021,DF,"DF,MF",1240.0,DF-1,Wide attacking defenders
Alexander Hack,Mainz 05,Bundesliga,2021,DF,DF,1370.0,DF-0,Deep central defenders
Daniel Brosinski,Mainz 05,Bundesliga,2021,DF,"DF,FW",1430.0,DF-1,Wide attacking defenders
Danny Latza,Mainz 05,Bundesliga,2021,MF,MF,1800.0,MF-0,Deep ball winning midfielders
Danny da Costa,Mainz 05,Bundesliga,2021,DF,"DF,FW",1208.0,DF-1,Wide attacking defenders
Dominik Kohr,Mainz 05,Bundesliga,2021,MF,MF,1268.0,MF-0,Deep ball winning midfielders
Edimilson Fernandes,Mainz 05,Bundesliga,2021,MF,"MF,DF",841.0,MF-0,Deep ball winning midfielders
Jean-Paul Boëtius,Mainz 05,Bundesliga,2021,MF,MF,2065.0,MF-1,Advanced attacking midfielders
Jean-Philippe Mateta,Mainz 05,Bundesliga,2021,FW,FW,997.0,FW-0,Low involvement centre forwards
Jerry St. Juste,Mainz 05,Bundesliga,2021,DF,DF,2880.0,DF-0,Deep central defenders
Jonathan Burkardt,Mainz 05,Bundesliga,2021,FW,"FW,MF",1373.0,FW-0,Low involvement centre forwards
Karim Onisiwo,Mainz 05,Bundesliga,2021,FW,"FW,MF",1843.0,FW-0,Low involvement centre forwards
Kevin Stöger,Mainz 05,Bundesliga,2021,MF,MF,538.0,MF-1,Advanced attacking midfielders
Leandro Barreiro Martins,Mainz 05,Bundesliga,2021,MF,MF,2303.0,MF-0,Deep ball winning midfielders
Levin Öztunalı,Mainz 05,Bundesliga,2021,DF,"DF,MF",758.0,DF-1,Wide attacking defenders
Moussa Niakhate,Mainz 05,Bundesliga,2021,DF,DF,2866.0,DF-0,Deep central defenders
Phillipp Mwene,Mainz 05,Bundesliga,2021,DF,"DF,MF",1674.0,DF-1,Wide attacking defenders
Pierre Kunde,Mainz 05,Bundesliga,2021,MF,MF,513.0,MF-0,Deep ball winning midfielders
Robin Quaison,Mainz 05,Bundesliga,2021,MF,"MF,FW",1476.0,MF-1,Advanced attacking midfielders
Stefan Bell,Mainz 05,Bundesliga,2021,DF,DF,1266.0,DF-0,Deep central defenders
Ádám Szalai,Mainz 05,Bundesliga,2021,FW,FW,733.0,FW-0,Low involvement centre forwards
Alexander Sørloth,RB Leipzig,Bundesliga,2021,FW,"FW,MF",1443.0,FW-0,Low involvement centre forwards
Amadou Haidara,RB Leipzig,Bundesliga,2021,MF,"MF,DF",1905.0,MF-1,Advanced attacking midfielders
Angeliño,RB Leipzig,Bundesliga,2021,DF,"DF,FW",2161.0,DF-1,Wide attacking defenders
Benjamin Henrichs,RB Leipzig,Bundesliga,2021,DF,"DF,MF",540.0,DF-1,Wide attacking defenders
Christopher Nkunku,RB Leipzig,Bundesliga,2021,MF,"MF,FW",1892.0,MF-1,Advanced attacking midfielders
Dani Olmo,RB Leipzig,Bundesliga,2021,MF,MF,2194.0,MF-1,Advanced attacking midfielders
Dayot Upamecano,RB Leipzig,Bundesliga,2021,DF,DF,2330.0,DF-0,Deep central defenders
Emil Forsberg,RB Leipzig,Bundesliga,2021,FW,"FW,MF",1539.0,FW-1,Creating and carrying forwards
Hwang Hee-chan,RB Leipzig,Bundesliga,2021,FW,"FW,MF",460.0,FW-0,Low involvement centre forwards
Ibrahima Konaté,RB Leipzig,Bundesliga,2021,DF,DF,695.0,DF-0,Deep central defenders
Justin Kluivert,RB Leipzig,Bundesliga,2021,MF,"MF,FW",813.0,MF-1,Advanced attacking midfielders
Kevin Kampl,RB Leipzig,Bundesliga,2021,MF,MF,1932.0,MF-0,Deep ball winning midfielders
Lukas Klostermann,RB Leipzig,Bundesliga,2021,DF,DF,1446.0,DF-0,Deep central defenders
Marcel Halstenberg,RB Leipzig,Bundesliga,2021,DF,DF,1651.0,DF-1,Wide attacking defenders
Marcel Sabitzer,RB Leipzig,Bundesliga,2021,MF,MF,2026.0,MF-0,Deep ball winning midfielders
Nordi Mukiele,RB Leipzig,Bundesliga,2021,DF,DF,1677.0,DF-1,Wide attacking defenders
Tyler Adams,RB Leipzig,Bundesliga,2021,MF,"MF,DF",1850.0,MF-0,Deep ball winning midfielders
Willi Orban,RB Leipzig,Bundesliga,2021,DF,DF,2363.0,DF-0,Deep central defenders
Yussuf Poulsen,RB Leipzig,Bundesliga,2021,FW,FW,1354.0,FW-0,Low involvement centre forwards
Alessandro Schöpf,Schalke 04,Bundesliga,2021,MF,"MF,DF",942.0,MF-0,Deep ball winning midfielders
Amine Harit,Schalke 04,Bundesliga,2021,MF,"MF,FW",2101.0,MF-1,Advanced attacking midfielders
Bastian Oczipka,Schalke 04,Bundesliga,2021,DF,"DF,FW",1922.0,DF-1,Wide attacking defenders
Benito Raman,Schalke 04,Bundesliga,2021,MF,"MF,FW",1246.0,MF-1,Advanced attacking midfielders
Benjamin Stambouli,Schalke 04,Bundesliga,2021,DF,"DF,MF",1956.0,DF-0,Deep central defenders
Can Bozdogan,Schalke 04,Bundesliga,2021,MF,"MF,FW",651.0,MF-0,Deep ball winning midfielders
Gonçalo Paciência,Schalke 04,Bundesliga,2021,FW,FW,749.0,FW-0,Low involvement centre forwards
Kilian Ludewig,Schalke 04,Bundesliga,2021,DF,"DF,FW",520.0,DF-1,Wide attacking defenders
Klaas-Jan Huntelaar,Schalke 04,Bundesliga,2021,FW,FW,588.0,FW-0,Low involvement centre forwards
Malick Thiaw,Schalke 04,Bundesliga,2021,DF,DF,1452.0,DF-0,Deep central defenders
Mark Uth,Schalke 04,Bundesliga,2021,FW,"FW,MF",1494.0,FW-1,Creating and carrying forwards
Matija Nastasić,Schalke 04,Bundesliga,2021,DF,DF,1221.0,DF-0,Deep central defenders
Matthew Hoppe,Schalke 04,Bundesliga,2021,FW,FW,1305.0,FW-0,Low involvement centre forwards
Mehmet-Can Aydin,Schalke 04,Bundesliga,2021,DF,DF,500.0,DF-1,Wide attacking defenders
Nabil Bentaleb,Schalke 04,Bundesliga,2021,MF,MF,548.0,MF-0,Deep ball winning midfielders
Nassim Boujellab,Schalke 04,Bundesliga,2021,MF,"MF,FW",605.0,MF-1,Advanced attacking midfielders
Omar Mascarell,Schalke 04,Bundesliga,2021,MF,MF,1762.0,MF-0,Deep ball winning midfielders
Ozan Kabak,Schalke 04,Bundesliga,2021,DF,DF,1243.0,DF-0,Deep central defenders
Salif Sané,Schalke 04,Bundesliga,2021,DF,DF,1071.0,DF-0,Deep central defenders
Sead Kolašinac,Schalke 04,Bundesliga,2021,DF,"DF,MF",1426.0,DF-1,Wide attacking defenders
Shkodran Mustafi,Schalke 04,Bundesliga,2021,DF,DF,1037.0,DF-0,Deep central defenders
Suat Serdar,Schalke 04,Bundesliga,2021,MF,MF,1953.0,MF-0,Deep ball winning midfielders
Timo Becker,Schalke 04,Bundesliga,2021,DF,DF,1640.0,DF-0,Deep central defenders
William,Schalke 04,Bundesliga,2021,DF,"DF,MF",474.0,DF-1,Wide attacking defenders
Atakan Karazor,Stuttgart,Bundesliga,2021,DF,"DF,MF",1037.0,DF-0,Deep central defenders
Borna Sosa,Stuttgart,Bundesliga,2021,DF,"DF,FW",2042.0,DF-1,Wide attacking defenders
Daniel Didavi,Stuttgart,Bundesliga,2021,MF,"MF,FW",970.0,MF-1,Advanced attacking midfielders
Gonzalo Castro,Stuttgart,Bundesliga,2021,MF,MF,1729.0,MF-1,Advanced attacking midfielders
Konstantinos Mavropanos,Stuttgart,Bundesliga,2021,DF,DF,1463.0,DF-0,Deep central defenders
Marc-Oliver Kempf,Stuttgart,Bundesliga,2021,DF,DF,2727.0,DF-0,Deep central defenders
Mateo Klimowicz,Stuttgart,Bundesliga,2021,MF,"MF,FW",1198.0,MF-1,Advanced attacking midfielders
Nicolás González,Stuttgart,Bundesliga,2021,FW,"FW,MF",934.0,FW-0,Low involvement centre forwards
Orel Mangala,Stuttgart,Bundesliga,2021,MF,MF,2109.0,MF-0,Deep ball winning midfielders
Pascal Stenzel,Stuttgart,Bundesliga,2021,DF,DF,1276.0,DF-0,Deep central defenders
Philipp Förster,Stuttgart,Bundesliga,2021,MF,MF,1509.0,MF-1,Advanced attacking midfielders
Roberto Massimo,Stuttgart,Bundesliga,2021,DF,"DF,FW",757.0,DF-1,Wide attacking defenders
Sasa Kalajdzic,Stuttgart,Bundesliga,2021,FW,FW,2136.0,FW-0,Low involvement centre forwards
Silas Katompa,Stuttgart,Bundesliga,2021,DF,"DF,FW",1919.0,DF-1,Wide attacking defenders
Tanguy Coulibaly,Stuttgart,Bundesliga,2021,DF,"DF,FW",1506.0,DF-1,Wide attacking defenders
Waldemar Anton,Stuttgart,Bundesliga,2021,DF,DF,2711.0,DF-0,Deep central defenders
Wataru Endo,Stuttgart,Bundesliga,2021,MF,MF,2955.0,MF-0,Deep ball winning midfielders
Cedric Teuchert,Union Berlin,Bundesliga,2021,FW,"FW,MF",754.0,FW-0,Low involvement centre forwards
Christian Gentner,Union Berlin,Bundesliga,2021,MF,MF,1033.0,MF-0,Deep ball winning midfielders
Christopher Lenz,Union Berlin,Bundesliga,2021,DF,"DF,FW",2248.0,DF-1,Wide attacking defenders
Christopher Trimmel,Union Berlin,Bundesliga,2021,DF,"DF,FW",2572.0,DF-1,Wide attacking defenders
Florian Hübner,Union Berlin,Bundesliga,2021,DF,DF,525.0,DF-0,Deep central defenders
Grischa Prömel,Union Berlin,Bundesliga,2021,MF,MF,1816.0,MF-0,Deep ball winning midfielders
Joel Pohjanpalo,Union Berlin,Bundesliga,2021,FW,FW,851.0,FW-0,Low involvement centre forwards
Julian Ryerson,Union Berlin,Bundesliga,2021,DF,"DF,MF",1069.0,DF-1,Wide attacking defenders
Keita Endo,Union Berlin,Bundesliga,2021,MF,MF,456.0,MF-1,Advanced attacking midfielders
Marcus Ingvartsen,Union Berlin,Bundesliga,2021,MF,MF,1963.0,MF-1,Advanced attacking midfielders
Marius Bülter,Union Berlin,Bundesliga,2021,MF,"MF,FW",977.0,MF-1,Advanced attacking midfielders
Marvin Friedrich,Union Berlin,Bundesliga,2021,DF,DF,3060.0,DF-0,Deep central defenders
Max Kruse,Union Berlin,Bundesliga,2021,FW,"FW,MF",1629.0,FW-1,Creating and carrying forwards
Nico Schlotterbeck,Union Berlin,Bundesliga,2021,DF,DF,1285.0,DF-0,Deep central defenders
Petar Musa,Union Berlin,Bundesliga,2021,FW,FW,715.0,FW-0,Low involvement centre forwards
Robert Andrich,Union Berlin,Bundesliga,2021,MF,MF,2526.0,MF-0,Deep ball winning midfielders
Robin Knoche,Union Berlin,Bundesliga,2021,DF,DF,3042.0,DF-0,Deep central defenders
Sebastian Griesbeck,Union Berlin,Bundesliga,2021,MF,MF,890.0,MF-0,Deep ball winning midfielders
Sheraldo Becker,Union Berlin,Bundesliga,2021,MF,"MF,FW",1106.0,MF-1,Advanced attacking midfielders
Taiwo Awoniyi,Union Berlin,Bundesliga,2021,FW,FW,1359.0,FW-0,Low involvement centre forwards
Christian Groß,Werder Bremen,Bundesliga,2021,MF,"MF,DF",1468.0,MF-0,Deep ball winning midfielders
Davie Selke,Werder Bremen,Bundesliga,2021,FW,FW,813.0,FW-0,Low involvement centre forwards
Felix Agu,Werder Bremen,Bundesliga,2021,DF,"DF,MF",701.0,DF-1,Wide attacking defenders
Jean-Manuel Mbom,Werder Bremen,Bundesliga,2021,MF,"MF,DF",1160.0,MF-0,Deep ball winning midfielders
Josh Sargent,Werder Bremen,Bundesliga,2021,FW,"FW,MF",2506.0,FW-0,Low involvement centre forwards
Kevin Möhwald,Werder Bremen,Bundesliga,2021,MF,MF,1555.0,MF-0,Deep ball winning midfielders
Leonardo Bittencourt,Werder Bremen,Bundesliga,2021,MF,MF,1514.0,MF-1,Advanced attacking midfielders
Ludwig Augustinsson,Werder Bremen,Bundesliga,2021,DF,"DF,FW",1957.0,DF-1,Wide attacking defenders
Marco Friedl,Werder Bremen,Bundesliga,2021,DF,DF,2785.0,DF-0,Deep central defenders
Maximilian Eggestein,Werder Bremen,Bundesliga,2021,MF,MF,2942.0,MF-0,Deep ball winning midfielders
Milot Rashica,Werder Bremen,Bundesliga,2021,FW,"FW,MF",1462.0,FW-1,Creating and carrying forwards
Miloš Veljković,Werder Bremen,Bundesliga,2021,DF,DF,1723.0,DF-0,Deep central defenders
Niclas Füllkrug,Werder Bremen,Bundesliga,2021,FW,"FW,MF",877.0,FW-0,Low involvement centre forwards
Niklas Moisander,Werder Bremen,Bundesliga,2021,DF,DF,1222.0,DF-0,Deep central defenders
Romano Schmid,Werder Bremen,Bundesliga,2021,MF,"MF,FW",1177.0,MF-1,Advanced attacking midfielders
Theodor Gebre Selassie,Werder Bremen,Bundesliga,2021,DF,DF,3032.0,DF-1,Wide attacking defenders
Yuya Osako,Werder Bremen,Bundesliga,2021,MF,"MF,FW",762.0,MF-1,Advanced attacking midfielders
Ömer Toprak,Werder Bremen,Bundesliga,2021,DF,DF,1940.0,DF-0,Deep central defenders
Admir Mehmedi,Wolfsburg,Bundesliga,2021,MF,"MF,FW",820.0,MF-1,Advanced attacking midfielders
John Brooks,Wolfsburg,Bundesliga,2021,DF,DF,2774.0,DF-0,Deep central defenders
Josip Brekalo,Wolfsburg,Bundesliga,2021,MF,"MF,FW",1814.0,MF-1,Advanced attacking midfielders
Josuha Guilavogui,Wolfsburg,Bundesliga,2021,MF,"MF,DF",747.0,MF-0,Deep ball winning midfielders
João Victor Santos Sá,Wolfsburg,Bundesliga,2021,MF,"MF,FW",469.0,MF-1,Advanced attacking midfielders
Jérôme Roussillon,Wolfsburg,Bundesliga,2021,DF,DF,1229.0,DF-1,Wide attacking defenders
Kevin Mbabu,Wolfsburg,Bundesliga,2021,DF,DF,1642.0,DF-1,Wide attacking defenders
Marin Pongračić,Wolfsburg,Bundesliga,2021,DF,DF,575.0,DF-0,Deep central defenders
Maxence Lacroix,Wolfsburg,Bundesliga,2021,DF,DF,2590.0,DF-0,Deep central defenders
Maximilian Arnold,Wolfsburg,Bundesliga,2021,MF,MF,2585.0,MF-0,Deep ball winning midfielders
Maximilian Philipp,Wolfsburg,Bundesliga,2021,MF,MF,1111.0,MF-1,Advanced attacking midfielders
Paulo Otávio,Wolfsburg,Bundesliga,2021,DF,DF,1737.0,DF-1,Wide attacking defenders
Renato Steffen,Wolfsburg,Bundesliga,2021,MF,MF,1566.0,MF-1,Advanced attacking midfielders
Ridle Baku,Wolfsburg,Bundesliga,2021,MF,"MF,DF",2678.0,MF-1,Advanced attacking midfielders
Wout Weghorst,Wolfsburg,Bundesliga,2021,FW,FW,2941.0,FW-0,Low involvement centre forwards
Xaver Schlager,Wolfsburg,Bundesliga,2021,MF,MF,2626.0,MF-0,Deep ball winning midfielders
Yannick Gerhardt,Wolfsburg,Bundesliga,2021,MF,MF,1936.0,MF-1,Advanced attacking midfielders
Borja Sainz,Alavés,La Liga,2021,MF,"MF,FW",453.0,MF-1,Advanced attacking midfielders
Deyverson,Alavés,La Liga,2021,FW,FW,874.0,FW-0,Low involvement centre forwards
Facundo Pellistri,Alavés,La Liga,2021,MF,"MF,FW",542.0,MF-1,Advanced attacking midfielders
Florian Lejeune,Alavés,La Liga,2021,DF,DF,3015.0,DF-0,Deep central defenders
Joselu,Alavés,La Liga,2021,FW,FW,3026.0,FW-0,Low involvement centre forwards
Jota,Alavés,La Liga,2021,MF,MF,1398.0,MF-1,Advanced attacking midfielders
Lucas Pérez,Alavés,La Liga,2021,FW,FW,1759.0,FW-1,Creating and carrying forwards
Luis Rioja,Alavés,La Liga,2021,MF,MF,2090.0,MF-1,Advanced attacking midfielders
Manu García,Alavés,La Liga,2021,MF,MF,1124.0,MF-0,Deep ball winning midfielders
Martin Agirregabiria,Alavés,La Liga,2021,DF,"DF,MF",1558.0,DF-1,Wide attacking defenders
Pere Pons,Alavés,La Liga,2021,MF,MF,1186.0,MF-0,Deep ball winning midfielders
Rodrigo Battaglia,Alavés,La Liga,2021,MF,MF,2492.0,MF-0,Deep ball winning midfielders
Rodrigo Ely,Alavés,La Liga,2021,DF,DF,468.0,DF-0,Deep central defenders
Rubén Duarte,Alavés,La Liga,2021,DF,DF,2545.0,DF-1,Wide attacking defenders
Tachi,Alavés,La Liga,2021,DF,DF,850.0,DF-0,Deep central defenders
Tomás Pina Isla,Alavés,La Liga,2021,MF,MF,2575.0,MF-0,Deep ball winning midfielders
Víctor Laguardia,Alavés,La Liga,2021,DF,DF,2631.0,DF-0,Deep central defenders
Ximo Navarro,Alavés,La Liga,2021,DF,DF,2375.0,DF-0,Deep central defenders
Édgar Méndez,Alavés,La Liga,2021,MF,"MF,FW",2090.0,MF-1,Advanced attacking midfielders
Ander Capa,Athletic Club,La Liga,2021,DF,DF,2131.0,DF-1,Wide attacking defenders
Asier Villalibre,Athletic Club,La Liga,2021,FW,FW,1589.0,FW-0,Low involvement centre forwards
Dani García,Athletic Club,La Liga,2021,MF,MF,1920.0,MF-0,Deep ball winning midfielders
Iker Muniain,Athletic Club,La Liga,2021,MF,MF,1943.0,MF-1,Advanced attacking midfielders
Iñaki Williams,Athletic Club,La Liga,2021,FW,"FW,MF",2387.0,FW-0,Low involvement centre forwards
Iñigo Lekue,Athletic Club,La Liga,2021,DF,DF,644.0,DF-1,Wide attacking defenders
Iñigo Martínez,Athletic Club,La Liga,2021,DF,DF,2519.0,DF-0,Deep central defenders
Jon Morcillo,Athletic Club,La Liga,2021,MF,MF,1363.0,MF-1,Advanced attacking midfielders
Mikel Balenziaga,Athletic Club,La Liga,2021,DF,DF,1689.0,DF-0,Deep central defenders
Mikel Vesga,Athletic Club,La Liga,2021,MF,MF,1722.0,MF-0,Deep ball winning midfielders
Oihan Sancet,Athletic Club,La Liga,2021,FW,"FW,MF",1035.0,FW-0,Low involvement centre forwards
Raúl García,Athletic Club,La Liga,2021,FW,"FW,MF",1743.0,FW-0,Low involvement centre forwards
Unai López,Athletic Club,La Liga,2021,MF,MF,1424.0,MF-0,Deep ball winning midfielders
Unai Núñez,Athletic Club,La Liga,2021,DF,DF,2109.0,DF-0,Deep central defenders
Unai Vencedor Paris,Athletic Club,La Liga,2021,MF,MF,1701.0,MF-0,Deep ball winning midfielders
Yeray Álvarez,Athletic Club,La Liga,2021,DF,DF,1948.0,DF-0,Deep central defenders
Yuri Berchiche,Athletic Club,La Liga,2021,DF,DF,1682.0,DF-1,Wide attacking defenders
Álex Berenguer,Athletic Club,La Liga,2021,MF,MF,2278.0,MF-1,Advanced attacking midfielders
Óscar de Marcos,Athletic Club,La Liga,2021,DF,"DF,MF",1520.0,DF-1,Wide attacking defenders
Felipe,Atlético Madrid,La Liga,2021,DF,DF,2057.0,DF-0,Deep central defenders
Geoffrey Kondogbia,Atlético Madrid,La Liga,2021,MF,MF,611.0,MF-0,Deep ball winning midfielders
Héctor Herrera,Atlético Madrid,La Liga,2021,MF,MF,682.0,MF-0,Deep ball winning midfielders
José María Giménez,Atlético Madrid,La Liga,2021,DF,DF,1765.0,DF-0,Deep central defenders
João Félix,Atlético Madrid,La Liga,2021,FW,"FW,MF",1572.0,FW-1,Creating and carrying forwards
Kieran Trippier,Atlético Madrid,La Liga,2021,DF,DF,2475.0,DF-1,Wide attacking defenders
Koke,Atlético Madrid,La Liga,2021,MF,MF,3021.0,MF-0,Deep ball winning midfielders
Lucas Torreira,Atlético Madrid,La Liga,2021,MF,MF,518.0,MF-0,Deep ball winning midfielders
Luis Suárez,Atlético Madrid,La Liga,2021,FW,FW,2508.0,FW-0,Low involvement centre forwards
Marcos Llorente,Atlético Madrid,La Liga,2021,MF,"MF,FW",2956.0,MF-1,Advanced attacking midfielders
Mario Hermoso,Atlético Madrid,La Liga,2021,DF,DF,2578.0,DF-0,Deep central defenders
Renan Lodi,Atlético Madrid,La Liga,2021,DF,"DF,FW",1129.0,DF-1,Wide attacking defenders
Saúl Ñíguez,Atlético Madrid,La Liga,2021,MF,"MF,DF",2033.0,MF-0,Deep ball winning midfielders
Stefan Savić,Atlético Madrid,La Liga,2021,DF,DF,2953.0,DF-0,Deep central defenders
Thomas Lemar,Atlético Madrid,La Liga,2021,MF,MF,1366.0,MF-1,Advanced attacking midfielders
Yannick Carrasco,Atlético Madrid,La Liga,2021,DF,"DF,MF",2179.0,DF-1,Wide attacking defenders
Ángel Correa,Atlético Madrid,La Liga,2021,FW,"FW,MF",2393.0,FW-1,Creating and carrying forwards
Šime Vrsaljko,Atlético Madrid,La Liga,2021,FW,"FW,DF",519.0,FW-1,Creating and carrying forwards
Antoine Griezmann,Barcelona,La Liga,2021,FW,"FW,MF",2604.0,FW-1,Creating and carrying forwards
Clément Lenglet,Barcelona,La Liga,2021,DF,DF,2475.0,DF-0,Deep central defenders
Francisco Trincão,Barcelona,La Liga,2021,MF,"MF,FW",706.0,MF-1,Advanced attacking midfielders
Frenkie de Jong,Barcelona,La Liga,2021,MF,"MF,DF",3154.0,MF-0,Deep ball winning midfielders
Gerard Piqué,Barcelona,La Liga,2021,DF,DF,1481.0,DF-0,Deep central defenders
Ilaix Moriba,Barcelona,La Liga,2021,MF,MF,542.0,MF-0,Deep ball winning midfielders
Jordi Alba,Barcelona,La Liga,2021,DF,"DF,FW",3025.0,DF-1,Wide attacking defenders
Lionel Messi,Barcelona,La Liga,2021,FW,"FW,MF",3023.0,FW-1,Creating and carrying forwards
Martin Braithwaite,Barcelona,La Liga,2021,FW,"FW,MF",1175.0,FW-0,Low involvement centre forwards
Miralem Pjanić,Barcelona,La Liga,2021,MF,MF,627.0,MF-0,Deep ball winning midfielders
Ousmane Dembélé,Barcelona,La Liga,2021,FW,"FW,MF",1774.0,FW-1,Creating and carrying forwards
Pedri,Barcelona,La Liga,2021,MF,MF,2415.0,MF-1,Advanced attacking midfielders
Philippe Coutinho,Barcelona,La Liga,2021,MF,MF,654.0,MF-1,Advanced attacking midfielders
Ronald Araújo,Barcelona,La Liga,2021,DF,DF,1510.0,DF-0,Deep central defenders
Samuel Umtiti,Barcelona,La Liga,2021,DF,DF,645.0,DF-0,Deep central defenders
Sergi Roberto,Barcelona,La Liga,2021,DF,"DF,FW",946.0,DF-1,Wide attacking defenders
Sergio Busquets,Barcelona,La Liga,2021,MF,MF,2517.0,MF-0,Deep ball winning midfielders
Sergiño Dest,Barcelona,La Liga,2021,DF,"DF,FW",1909.0,DF-1,Wide attacking defenders
Óscar Mingueza,Barcelona,La Liga,2021,DF,DF,1901.0,DF-0,Deep central defenders
Aitor Ruibal,Betis,La Liga,2021,MF,MF,1593.0,MF-1,Advanced attacking midfielders
Andrés Guardado,Betis,La Liga,2021,MF,MF,1318.0,MF-0,Deep ball winning midfielders
Antonio Sanabria,Betis,La Liga,2021,FW,FW,932.0,FW-0,Low involvement centre forwards
Aïssa Mandi,Betis,La Liga,2021,DF,DF,2392.0,DF-0,Deep central defenders
Borja Iglesias,Betis,La Liga,2021,FW,FW,1411.0,FW-0,Low involvement centre forwards
Cristian Tello,Betis,La Liga,2021,MF,MF,1283.0,MF-1,Advanced attacking midfielders
Diego Lainez,Betis,La Liga,2021,MF,MF,862.0,MF-1,Advanced attacking midfielders
Emerson,Betis,La Liga,2021,DF,DF,2991.0,DF-1,Wide attacking defenders
Guido Rodríguez,Betis,La Liga,2021,MF,MF,2864.0,MF-0,Deep ball winning midfielders
Joaquín,Betis,La Liga,2021,MF,MF,1291.0,MF-1,Advanced attacking midfielders
Juan Miranda,Betis,La Liga,2021,DF,DF,1652.0,DF-1,Wide attacking defenders
Juanmi,Betis,La Liga,2021,MF,"MF,FW",604.0,MF-1,Advanced attacking midfielders
Loren Morón,Betis,La Liga,2021,FW,FW,991.0,FW-0,Low involvement centre forwards
Marc Bartra,Betis,La Liga,2021,DF,DF,1694.0,DF-0,Deep central defenders
Nabil Fekir,Betis,La Liga,2021,MF,"MF,FW",2622.0,MF-1,Advanced attacking midfielders
Rodrigo,Betis,La Liga,2021,MF,MF,537.0,MF-1,Advanced attacking midfielders
Sergio Canales,Betis,La Liga,2021,MF,MF,2498.0,MF-1,Advanced attacking midfielders
Sidnei,Betis,La Liga,2021,DF,DF,697.0,DF-0,Deep central defenders
Víctor Ruiz,Betis,La Liga,2021,DF,DF,2157.0,DF-0,Deep central defenders
William Carvalho,Betis,La Liga,2021,MF,MF,1223.0,MF-0,Deep ball winning midfielders
Álex Moreno,Betis,La Liga,2021,DF,DF,1786.0,DF-1,Wide attacking defenders
Aarón Martín,Celta Vigo,La Liga,2021,DF,DF,1540.0,DF-1,Wide attacking defenders
Augusto Solari,Celta Vigo,La Liga,2021,MF,MF,486.0,MF-1,Advanced attacking midfielders
Brais Méndez,Celta Vigo,La Liga,2021,MF,"MF,FW",2671.0,MF-1,Advanced attacking midfielders
Denis Suárez,Celta Vigo,La Liga,2021,MF,MF,2852.0,MF-0,Deep ball winning midfielders
Emre Mor,Celta Vigo,La Liga,2021,FW,"FW,MF",500.0,FW-0,Low involvement centre forwards
Fran Beltrán,Celta Vigo,La Liga,2021,MF,"MF,FW",1399.0,MF-0,Deep ball winning midfielders
Hugo Mallo,Celta Vigo,La Liga,2021,DF,DF,2602.0,DF-1,Wide attacking defenders
Iago Aspas,Celta Vigo,La Liga,2021,FW,FW,2864.0,FW-1,Creating and carrying forwards
Jeison Murillo,Celta Vigo,La Liga,2021,DF,DF,2699.0,DF-0,Deep central defenders
Joseph Aidoo,Celta Vigo,La Liga,2021,DF,DF,1289.0,DF-0,Deep central defenders
José Fontán,Celta Vigo,La Liga,2021,DF,DF,652.0,DF-0,Deep central defenders
Kevin Vázquez,Celta Vigo,La Liga,2021,DF,DF,562.0,DF-1,Wide attacking defenders
Lucas Olaza,Celta Vigo,La Liga,2021,DF,DF,1615.0,DF-1,Wide attacking defenders
Miguel Baeza,Celta Vigo,La Liga,2021,MF,"MF,FW",543.0,MF-1,Advanced attacking midfielders
Nolito,Celta Vigo,La Liga,2021,MF,MF,2597.0,MF-1,Advanced attacking midfielders
Néstor Araujo,Celta Vigo,La Liga,2021,DF,DF,2426.0,DF-0,Deep central defenders
Okay Yokuşlu,Celta Vigo,La Liga,2021,MF,MF,462.0,MF-0,Deep ball winning midfielders
Renato Tapia,Celta Vigo,La Liga,2021,MF,MF,2701.0,MF-0,Deep ball winning midfielders
Santi Mina,Celta Vigo,La Liga,2021,FW,FW,2412.0,FW-0,Low involvement centre forwards
Alberto Perea,Cádiz,La Liga,2021,MF,MF,1549.0,MF-1,Advanced attacking midfielders
Alfonso Espino,Cádiz,La Liga,2021,DF,DF,2601.0,DF-1,Wide attacking defenders
Anthony Lozano,Cádiz,La Liga,2021,FW,FW,1523.0,FW-0,Low involvement centre forwards
Cala,Cádiz,La Liga,2021,DF,DF,2272.0,DF-0,Deep central defenders
Carlos Akapo,Cádiz,La Liga,2021,DF,DF,865.0,DF-0,Deep central defenders
Fali,Cádiz,La Liga,2021,DF,"DF,MF",2637.0,DF-0,Deep central defenders
Filip Malbašić,Cádiz,La Liga,2021,FW,"FW,MF",860.0,FW-0,Low involvement centre forwards
Isaac Carcelen,Cádiz,La Liga,2021,DF,DF,2581.0,DF-1,Wide attacking defenders
Iván Alejo,Cádiz,La Liga,2021,MF,MF,827.0,MF-1,Advanced attacking midfielders
Jairo Izquierdo,Cádiz,La Liga,2021,MF,"MF,DF",1277.0,MF-0,Deep ball winning midfielders
Jens Jønsson,Cádiz,La Liga,2021,MF,MF,2615.0,MF-0,Deep ball winning midfielders
Jon Ander Garrido,Cádiz,La Liga,2021,MF,MF,800.0,MF-0,Deep ball winning midfielders
Jorge Pombo,Cádiz,La Liga,2021,MF,"MF,FW",523.0,MF-1,Advanced attacking midfielders
José Mari,Cádiz,La Liga,2021,MF,MF,1451.0,MF-0,Deep ball winning midfielders
Marcos Mauro López Gutiérrez,Cádiz,La Liga,2021,DF,DF,1825.0,DF-0,Deep central defenders
Pedro Alcalá,Cádiz,La Liga,2021,DF,DF,909.0,DF-0,Deep central defenders
Rubén Sobrino,Cádiz,La Liga,2021,FW,"FW,MF",1113.0,FW-0,Low involvement centre forwards
Salvi,Cádiz,La Liga,2021,MF,"MF,DF",1933.0,MF-1,Advanced attacking midfielders
Álex Fernández,Cádiz,La Liga,2021,MF,MF,1946.0,MF-0,Deep ball winning midfielders
Álvaro Negredo,Cádiz,La Liga,2021,FW,FW,2198.0,FW-0,Low involvement centre forwards
Alejandro Pozo Pozo,Eibar,La Liga,2021,DF,"DF,MF",2190.0,DF-1,Wide attacking defenders
Anaitz Arbilla,Eibar,La Liga,2021,DF,DF,2807.0,DF-0,Deep central defenders
Bryan,Eibar,La Liga,2021,MF,MF,2265.0,MF-1,Advanced attacking midfielders
Edu Expósito,Eibar,La Liga,2021,MF,MF,2455.0,MF-0,Deep ball winning midfielders
Esteban Burgos,Eibar,La Liga,2021,DF,DF,1111.0,DF-0,Deep central defenders
José Ángel,Eibar,La Liga,2021,DF,DF,901.0,DF-1,Wide attacking defenders
Kike,Eibar,La Liga,2021,FW,FW,3087.0,FW-0,Low involvement centre forwards
Kévin Rodrigues,Eibar,La Liga,2021,MF,"MF,DF",1095.0,MF-0,Deep ball winning midfielders
Miguel Atienza,Eibar,La Liga,2021,MF,MF,838.0,MF-0,Deep ball winning midfielders
Papakouli Diop,Eibar,La Liga,2021,MF,MF,2324.0,MF-0,Deep ball winning midfielders
Paulo Oliveira,Eibar,La Liga,2021,DF,DF,2641.0,DF-0,Deep central defenders
Pedro Bigas,Eibar,La Liga,2021,DF,DF,1529.0,DF-0,Deep central defenders
Pedro León,Eibar,La Liga,2021,MF,MF,935.0,MF-1,Advanced attacking midfielders
Rafa Soares,Eibar,La Liga,2021,DF,DF,1134.0,DF-1,Wide attacking defenders
Recio,Eibar,La Liga,2021,MF,MF,734.0,MF-1,Advanced attacking midfielders
Rober Correa,Eibar,La Liga,2021,DF,DF,1136.0,DF-1,Wide attacking defenders
Sergi Enrich,Eibar,La Liga,2021,FW,FW,1404.0,FW-0,Low involvement centre forwards
Sergio Álvarez,Eibar,La Liga,2021,MF,"MF,DF",1568.0,MF-0,Deep ball winning midfielders
Takashi Inui,Eibar,La Liga,2021,MF,MF,1819.0,MF-1,Advanced attacking midfielders
Yoshinori Mutō,Eibar,La Liga,2021,FW,"FW,MF",1122.0,FW-0,Low involvement centre forwards
Antonio Barragán,Elche,La Liga,2021,DF,DF,2235.0,DF-0,Deep central defenders
Cifu,Elche,La Liga,2021,DF,DF,451.0,DF-0,Deep central defenders
Dani Calvo,Elche,La Liga,2021,DF,DF,1779.0,DF-0,Deep central defenders
Diego González,Elche,La Liga,2021,DF,DF,1280.0,DF-0,Deep central defenders
Emiliano Rigoni,Elche,La Liga,2021,MF,MF,1139.0,MF-1,Advanced attacking midfielders
Fidel,Elche,La Liga,2021,MF,"MF,DF",2396.0,MF-1,Advanced attacking midfielders
Gonzalo Verdú,Elche,La Liga,2021,DF,DF,2944.0,DF-0,Deep central defenders
Guido Carrillo,Elche,La Liga,2021,FW,FW,1002.0,FW-0,Low involvement centre forwards
Helibelton Palacios,Elche,La Liga,2021,DF,DF,743.0,DF-0,Deep central defenders
Iván Marcone,Elche,La Liga,2021,MF,MF,2645.0,MF-0,Deep ball winning midfielders
Johan Mojica,Elche,La Liga,2021,DF,DF,1204.0,DF-1,Wide attacking defenders
Josan,Elche,La Liga,2021,MF,"MF,DF",1926.0,MF-0,Deep ball winning midfielders
Josema,Elche,La Liga,2021,DF,DF,1966.0,DF-0,Deep central defenders
Juan Sánchez Miño,Elche,La Liga,2021,DF,"DF,MF",495.0,DF-0,Deep central defenders
Lucas Boyé,Elche,La Liga,2021,FW,FW,2694.0,FW-0,Low involvement centre forwards
Omenuke Mfulu,Elche,La Liga,2021,MF,MF,789.0,MF-0,Deep ball winning midfielders
Pere Milla,Elche,La Liga,2021,FW,"FW,MF",1981.0,FW-0,Low involvement centre forwards
Raúl Guti,Elche,La Liga,2021,MF,MF,2862.0,MF-0,Deep ball winning midfielders
Tete Morente,Elche,La Liga,2021,MF,MF,2019.0,MF-1,Advanced attacking midfielders
Allan Nyom,Getafe,La Liga,2021,MF,"MF,DF",2323.0,MF-0,Deep ball winning midfielders
Carles Aleñá,Getafe,La Liga,2021,MF,"MF,FW",1366.0,MF-1,Advanced attacking midfielders
Chema,Getafe,La Liga,2021,DF,"DF,MF",557.0,DF-0,Deep central defenders
Cucho,Getafe,La Liga,2021,FW,"FW,MF",1466.0,FW-0,Low involvement centre forwards
Damián Suárez,Getafe,La Liga,2021,DF,DF,2434.0,DF-1,Wide attacking defenders
David Timor,Getafe,La Liga,2021,MF,"MF,DF",1395.0,MF-0,Deep ball winning midfielders
Djené,Getafe,La Liga,2021,DF,DF,2941.0,DF-0,Deep central defenders
Enes Ünal,Getafe,La Liga,2021,FW,FW,1318.0,FW-0,Low involvement centre forwards
Erick Cabaco,Getafe,La Liga,2021,DF,DF,1326.0,DF-0,Deep central defenders
Iglesias,Getafe,La Liga,2021,DF,"DF,MF",605.0,DF-1,Wide attacking defenders
Jaime Mata,Getafe,La Liga,2021,FW,FW,2037.0,FW-0,Low involvement centre forwards
Marc Cucurella,Getafe,La Liga,2021,MF,MF,3244.0,MF-1,Advanced attacking midfielders
Mathías Olivera,Getafe,La Liga,2021,DF,DF,2614.0,DF-1,Wide attacking defenders
Mauro Arambarri,Getafe,La Liga,2021,MF,MF,2983.0,MF-0,Deep ball winning midfielders
Nemanja Maksimović,Getafe,La Liga,2021,MF,MF,2728.0,MF-0,Deep ball winning midfielders
Sofian Chakla,Getafe,La Liga,2021,DF,DF,897.0,DF-0,Deep central defenders
Takefusa Kubo,Getafe,La Liga,2021,MF,"MF,FW",805.0,MF-1,Advanced attacking midfielders
Xabier Etxeita,Getafe,La Liga,2021,DF,DF,883.0,DF-0,Deep central defenders
Ángel Rodríguez,Getafe,La Liga,2021,FW,"FW,MF",1374.0,FW-0,Low involvement centre forwards
Antonio Puertas,Granada,La Liga,2021,MF,MF,2170.0,MF-1,Advanced attacking midfielders
Carlos Neva,Granada,La Liga,2021,DF,DF,1797.0,DF-1,Wide attacking defenders
Darwin Machís,Granada,La Liga,2021,MF,"MF,FW",2026.0,MF-1,Advanced attacking midfielders
Dimitri Foulquier,Granada,La Liga,2021,DF,DF,2663.0,DF-1,Wide attacking defenders
Domingos Duarte,Granada,La Liga,2021,DF,DF,2363.0,DF-0,Deep central defenders
Fede Vico,Granada,La Liga,2021,MF,MF,767.0,MF-1,Advanced attacking midfielders
Germán Sánchez,Granada,La Liga,2021,DF,DF,2638.0,DF-0,Deep central defenders
Jesús Vallejo,Granada,La Liga,2021,DF,DF,1348.0,DF-0,Deep central defenders
Jorge Molina,Granada,La Liga,2021,FW,FW,1615.0,FW-0,Low involvement centre forwards
Kenedy,Granada,La Liga,2021,MF,MF,1471.0,MF-1,Advanced attacking midfielders
Luis Javier Suárez,Granada,La Liga,2021,FW,"FW,MF",1666.0,FW-0,Low involvement centre forwards
Luis Milla,Granada,La Liga,2021,MF,MF,1253.0,MF-0,Deep ball winning midfielders
Maxime Gonalons,Granada,La Liga,2021,MF,MF,1480.0,MF-0,Deep ball winning midfielders
Nehuén Pérez,Granada,La Liga,2021,DF,DF,741.0,DF-0,Deep central defenders
Quini,Granada,La Liga,2021,DF,DF,1191.0,DF-1,Wide attacking defenders
Roberto Soldado,Granada,La Liga,2021,FW,FW,1438.0,FW-0,Low involvement centre forwards
Víctor Díaz,Granada,La Liga,2021,DF,DF,828.0,DF-1,Wide attacking defenders
Yan Brice Eteki,Granada,La Liga,2021,MF,MF,1321.0,MF-0,Deep ball winning midfielders
Yangel Herrera,Granada,La Liga,2021,MF,MF,2310.0,MF-0,Deep ball winning midfielders
Ángel Montoro,Granada,La Liga,2021,MF,MF,1362.0,MF-0,Deep ball winning midfielders
Borja García,Huesca,La Liga,2021,MF,"MF,FW",1117.0,MF-1,Advanced attacking midfielders
Dani Escriche,Huesca,La Liga,2021,MF,"MF,FW",857.0,MF-1,Advanced attacking midfielders
David Ferreiro,Huesca,La Liga,2021,MF,"MF,FW",2527.0,MF-1,Advanced attacking midfielders
Denis Vavro,Huesca,La Liga,2021,DF,DF,611.0,DF-0,Deep central defenders
Dimitris Siovas,Huesca,La Liga,2021,DF,DF,3071.0,DF-0,Deep central defenders
Gastón Silva,Huesca,La Liga,2021,DF,DF,600.0,DF-0,Deep central defenders
Idrissa Doumbia,Huesca,La Liga,2021,MF,MF,779.0,MF-0,Deep ball winning midfielders
Jaime Seoane,Huesca,La Liga,2021,MF,MF,2064.0,MF-0,Deep ball winning midfielders
Javi Galán,Huesca,La Liga,2021,DF,DF,3065.0,DF-1,Wide attacking defenders
Javier Ontiveros,Huesca,La Liga,2021,FW,"FW,MF",918.0,FW-1,Creating and carrying forwards
Jorge Pulido,Huesca,La Liga,2021,DF,DF,2885.0,DF-0,Deep central defenders
Mikel Rico,Huesca,La Liga,2021,MF,MF,2183.0,MF-0,Deep ball winning midfielders
Pablo Insua,Huesca,La Liga,2021,DF,DF,1587.0,DF-0,Deep central defenders
Pablo Maffeo,Huesca,La Liga,2021,DF,DF,1964.0,DF-1,Wide attacking defenders
Pedro López Muñoz,Huesca,La Liga,2021,DF,DF,1067.0,DF-1,Wide attacking defenders
Pedro Mosquera,Huesca,La Liga,2021,MF,MF,2050.0,MF-0,Deep ball winning midfielders
Rafa Mir,Huesca,La Liga,2021,FW,FW,2877.0,FW-0,Low involvement centre forwards
Sandro Ramírez,Huesca,La Liga,2021,FW,"FW,MF",1285.0,FW-0,Low involvement centre forwards
Sergio Gómez,Huesca,La Liga,2021,MF,"MF,FW",792.0,MF-1,Advanced attacking midfielders
Shinji Okazaki,Huesca,La Liga,2021,FW,"FW,MF",1128.0,FW-0,Low involvement centre forwards
Carlos Clerc,Levante,La Liga,2021,DF,DF,2781.0,DF-1,Wide attacking defenders
Coke,Levante,La Liga,2021,DF,DF,835.0,DF-1,Wide attacking defenders
Dani Gómez,Levante,La Liga,2021,FW,FW,1666.0,FW-0,Low involvement centre forwards
Enis Bardhi,Levante,La Liga,2021,MF,MF,1682.0,MF-1,Advanced attacking midfielders
Gonzalo Melero,Levante,La Liga,2021,MF,"MF,FW",1853.0,MF-0,Deep ball winning midfielders
Jorge Miramón,Levante,La Liga,2021,DF,DF,1732.0,DF-1,Wide attacking defenders
Jorge de Frutos,Levante,La Liga,2021,MF,MF,2186.0,MF-1,Advanced attacking midfielders
José Campaña,Levante,La Liga,2021,MF,MF,748.0,MF-1,Advanced attacking midfielders
José Luis Morales,Levante,La Liga,2021,MF,"MF,FW",2439.0,MF-1,Advanced attacking midfielders
Mickael Malsa,Levante,La Liga,2021,MF,MF,2338.0,MF-0,Deep ball winning midfielders
Nemanja Radoja,Levante,La Liga,2021,MF,MF,1121.0,MF-0,Deep ball winning midfielders
Nikola Vukčević,Levante,La Liga,2021,MF,MF,810.0,MF-0,Deep ball winning midfielders
Rober,Levante,La Liga,2021,DF,"DF,MF",1425.0,DF-0,Deep central defenders
Roger Martí,Levante,La Liga,2021,FW,FW,2198.0,FW-0,Low involvement centre forwards
Rubén Rochina,Levante,La Liga,2021,MF,MF,1404.0,MF-0,Deep ball winning midfielders
Rúben Vezo,Levante,La Liga,2021,DF,DF,2316.0,DF-0,Deep central defenders
Sergio León,Levante,La Liga,2021,FW,FW,748.0,FW-0,Low involvement centre forwards
Sergio Postigo,Levante,La Liga,2021,DF,DF,1623.0,DF-0,Deep central defenders
Son,Levante,La Liga,2021,DF,"DF,MF",1106.0,DF-1,Wide attacking defenders
Toño,Levante,La Liga,2021,DF,"DF,FW",726.0,DF-1,Wide attacking defenders
Óscar Duarte,Levante,La Liga,2021,DF,DF,2060.0,DF-0,Deep central defenders
Adrián López,Osasuna,La Liga,2021,FW,"FW,MF",481.0,FW-1,Creating and carrying forwards
Ante Budimir,Osasuna,La Liga,2021,FW,FW,1625.0,FW-0,Low involvement centre forwards
Aridane Hernández,Osasuna,La Liga,2021,DF,DF,2026.0,DF-0,Deep central defenders
Darko Brašanac,Osasuna,La Liga,2021,MF,MF,909.0,MF-0,Deep ball winning midfielders
David García,Osasuna,La Liga,2021,DF,DF,3150.0,DF-0,Deep central defenders
Enric Gallego,Osasuna,La Liga,2021,FW,FW,806.0,FW-0,Low involvement centre forwards
Facundo Roncaglia,Osasuna,La Liga,2021,DF,DF,1232.0,DF-0,Deep central defenders
Iñigo Pérez,Osasuna,La Liga,2021,MF,"MF,DF",1347.0,MF-0,Deep ball winning midfielders
Javi Martínez,Osasuna,La Liga,2021,MF,"MF,FW",460.0,MF-0,Deep ball winning midfielders
Jon Moncayola,Osasuna,La Liga,2021,MF,MF,2660.0,MF-0,Deep ball winning midfielders
Jonathan Calleri,Osasuna,La Liga,2021,FW,FW,1544.0,FW-0,Low involvement centre forwards
Jony,Osasuna,La Liga,2021,MF,"MF,FW",871.0,MF-1,Advanced attacking midfielders
Juan Cruz Armada,Osasuna,La Liga,2021,DF,DF,1962.0,DF-0,Deep central defenders
Kike Barja,Osasuna,La Liga,2021,MF,"MF,FW",1433.0,MF-1,Advanced attacking midfielders
Lucas Torró,Osasuna,La Liga,2021,MF,MF,1548.0,MF-0,Deep ball winning midfielders
Manuel Sánchez,Osasuna,La Liga,2021,DF,DF,976.0,DF-1,Wide attacking defenders
Nacho Vidal,Osasuna,La Liga,2021,DF,DF,2348.0,DF-1,Wide attacking defenders
Oier Sanjurjo,Osasuna,La Liga,2021,MF,MF,2084.0,MF-0,Deep ball winning midfielders
Roberto Torres,Osasuna,La Liga,2021,MF,"MF,FW",1894.0,MF-1,Advanced attacking midfielders
Rubén García,Osasuna,La Liga,2021,MF,"MF,FW",2718.0,MF-1,Advanced attacking midfielders
Unai García,Osasuna,La Liga,2021,DF,DF,1242.0,DF-0,Deep central defenders
Casemiro,Real Madrid,La Liga,2021,MF,MF,2901.0,MF-0,Deep ball winning midfielders
Dani Carvajal,Real Madrid,La Liga,2021,DF,DF,950.0,DF-1,Wide attacking defenders
Eden Hazard,Real Madrid,La Liga,2021,FW,"FW,MF",532.0,FW-1,Creating and carrying forwards
Federico Valverde,Real Madrid,La Liga,2021,MF,MF,1330.0,MF-1,Advanced attacking midfielders
Ferland Mendy,Real Madrid,La Liga,2021,DF,DF,2208.0,DF-1,Wide attacking defenders
Isco,Real Madrid,La Liga,2021,MF,MF,908.0,MF-1,Advanced attacking midfielders
Karim Benzema,Real Madrid,La Liga,2021,FW,FW,2894.0,FW-1,Creating and carrying forwards
Lucas Vázquez,Real Madrid,La Liga,2021,DF,"DF,FW",1848.0,DF-1,Wide attacking defenders
Luka Modrić,Real Madrid,La Liga,2021,MF,MF,2733.0,MF-0,Deep ball winning midfielders
Marcelo,Real Madrid,La Liga,2021,DF,"DF,MF",1050.0,DF-1,Wide attacking defenders
Marco Asensio,Real Madrid,La Liga,2021,FW,"FW,MF",1869.0,FW-1,Creating and carrying forwards
Mariano,Real Madrid,La Liga,2021,FW,FW,513.0,FW-0,Low involvement centre forwards
Nacho,Real Madrid,La Liga,2021,DF,DF,2000.0,DF-0,Deep central defenders
Raphaël Varane,Real Madrid,La Liga,2021,DF,DF,2715.0,DF-0,Deep central defenders
Rodrygo,Real Madrid,La Liga,2021,FW,"FW,MF",983.0,FW-1,Creating and carrying forwards
Sergio Ramos,Real Madrid,La Liga,2021,DF,DF,1275.0,DF-0,Deep central defenders
Toni Kroos,Real Madrid,La Liga,2021,MF,MF,2117.0,MF-0,Deep ball winning midfielders
Vinicius Júnior,Real Madrid,La Liga,2021,FW,"FW,MF",1969.0,FW-1,Creating and carrying forwards
Álvaro Odriozola,Real Madrid,La Liga,2021,DF,DF,829.0,DF-1,Wide attacking defenders
Éder Militão,Real Madrid,La Liga,2021,DF,DF,1133.0,DF-0,Deep central defenders
Adnan Januzaj,Real Sociedad,La Liga,2021,MF,"MF,FW",1014.0,MF-1,Advanced attacking midfielders
Aihen Muñoz,Real Sociedad,La Liga,2021,DF,DF,1210.0,DF-1,Wide attacking defenders
Alexander Isak,Real Sociedad,La Liga,2021,FW,FW,2340.0,FW-0,Low involvement centre forwards
Ander Barrenetxea,Real Sociedad,La Liga,2021,MF,"MF,FW",1307.0,MF-1,Advanced attacking midfielders
Ander Guevara,Real Sociedad,La Liga,2021,MF,MF,2081.0,MF-0,Deep ball winning midfielders
Andoni Gorosabel,Real Sociedad,La Liga,2021,DF,DF,2382.0,DF-1,Wide attacking defenders
Aritz Elustondo,Real Sociedad,La Liga,2021,DF,DF,1884.0,DF-0,Deep central defenders
David Silva,Real Sociedad,La Liga,2021,MF,MF,1399.0,MF-1,Advanced attacking midfielders
Igor Zubeldia,Real Sociedad,La Liga,2021,DF,DF,1959.0,DF-0,Deep central defenders
Jon Guridi,Real Sociedad,La Liga,2021,MF,MF,831.0,MF-0,Deep ball winning midfielders
Joseba Zaldúa,Real Sociedad,La Liga,2021,DF,DF,639.0,DF-1,Wide attacking defenders
Martín Merquelanz,Real Sociedad,La Liga,2021,MF,MF,549.0,MF-1,Advanced attacking midfielders
Martín Zubimendi,Real Sociedad,La Liga,2021,MF,MF,1882.0,MF-0,Deep ball winning midfielders
Mikel Merino,Real Sociedad,La Liga,2021,MF,MF,2154.0,MF-0,Deep ball winning midfielders
Mikel Oyarzabal,Real Sociedad,La Liga,2021,MF,"MF,FW",2408.0,MF-1,Advanced attacking midfielders
Modibo Sagnan,Real Sociedad,La Liga,2021,DF,DF,622.0,DF-0,Deep central defenders
Nacho Monreal,Real Sociedad,La Liga,2021,DF,DF,2082.0,DF-1,Wide attacking defenders
Portu,Real Sociedad,La Liga,2021,MF,"MF,FW",2184.0,MF-1,Advanced attacking midfielders
Roberto López,Real Sociedad,La Liga,2021,MF,"MF,FW",505.0,MF-1,Advanced attacking midfielders
Robin Le Normand,Real Sociedad,La Liga,2021,DF,DF,2747.0,DF-0,Deep central defenders
Willian José,Real Sociedad,La Liga,2021,FW,FW,689.0,FW-0,Low involvement centre forwards
Aleix Vidal,Sevilla,La Liga,2021,DF,DF,595.0,DF-1,Wide attacking defenders
Diego Carlos,Sevilla,La Liga,2021,DF,DF,2788.0,DF-0,Deep central defenders
Fernando,Sevilla,La Liga,2021,MF,MF,2546.0,MF-0,Deep ball winning midfielders
Ivan Rakitić,Sevilla,La Liga,2021,MF,MF,2233.0,MF-0,Deep ball winning midfielders
Jesús Navas,Sevilla,La Liga,2021,DF,DF,2827.0,DF-1,Wide attacking defenders
Joan Jordán,Sevilla,La Liga,2021,MF,MF,2406.0,MF-0,Deep ball winning midfielders
Jules Koundé,Sevilla,La Liga,2021,DF,DF,2975.0,DF-0,Deep central defenders
Karim Rekik,Sevilla,La Liga,2021,DF,DF,653.0,DF-0,Deep central defenders
Lucas Ocampos,Sevilla,La Liga,2021,FW,FW,2631.0,FW-1,Creating and carrying forwards
Luuk de Jong,Sevilla,La Liga,2021,FW,FW,1268.0,FW-0,Low involvement centre forwards
Marcos Acuña,Sevilla,La Liga,2021,DF,DF,2330.0,DF-1,Wide attacking defenders
Munir El Haddadi,Sevilla,La Liga,2021,FW,FW,845.0,FW-1,Creating and carrying forwards
Nemanja Gudelj,Sevilla,La Liga,2021,MF,"MF,DF",1041.0,MF-0,Deep ball winning midfielders
Papu Gómez,Sevilla,La Liga,2021,MF,"MF,FW",914.0,MF-1,Advanced attacking midfielders
Sergi Gómez,Sevilla,La Liga,2021,DF,DF,719.0,DF-0,Deep central defenders
Sergio Escudero,Sevilla,La Liga,2021,DF,DF,565.0,DF-1,Wide attacking defenders
Suso,Sevilla,La Liga,2021,FW,"FW,MF",2210.0,FW-1,Creating and carrying forwards
Youssef En-Nesyri,Sevilla,La Liga,2021,FW,FW,2311.0,FW-0,Low involvement centre forwards
Óliver Torres,Sevilla,La Liga,2021,MF,"MF,FW",1400.0,MF-1,Advanced attacking midfielders
Óscar Rodríguez Arnaiz,Sevilla,La Liga,2021,MF,"MF,FW",511.0,MF-1,Advanced attacking midfielders
Alejandro Blanco,Valencia,La Liga,2021,MF,MF,580.0,MF-1,Advanced attacking midfielders
Carlos Soler,Valencia,La Liga,2021,MF,MF,2735.0,MF-0,Deep ball winning midfielders
Daniel Wass,Valencia,La Liga,2021,MF,"MF,DF",2979.0,MF-0,Deep ball winning midfielders
Denis Cheryshev,Valencia,La Liga,2021,MF,MF,1101.0,MF-1,Advanced attacking midfielders
Gabriel Paulista,Valencia,La Liga,2021,DF,DF,2716.0,DF-0,Deep central defenders
Gonçalo Guedes,Valencia,La Liga,2021,MF,"MF,FW",2287.0,MF-1,Advanced attacking midfielders
Hugo Guillamón,Valencia,La Liga,2021,DF,DF,1988.0,DF-0,Deep central defenders
José Luis Gayà,Valencia,La Liga,2021,DF,DF,2846.0,DF-1,Wide attacking defenders
Kévin Gameiro,Valencia,La Liga,2021,FW,FW,1077.0,FW-0,Low involvement centre forwards
Lee Kangin,Valencia,La Liga,2021,FW,"FW,MF",1262.0,FW-1,Creating and carrying forwards
Manu Vallejo,Valencia,La Liga,2021,FW,"FW,MF",950.0,FW-0,Low involvement centre forwards
Maxi Gómez,Valencia,La Liga,2021,FW,FW,2689.0,FW-0,Low involvement centre forwards
Mouctar Diakhaby,Valencia,La Liga,2021,DF,DF,2079.0,DF-0,Deep central defenders
Thierry Correia,Valencia,La Liga,2021,DF,DF,2137.0,DF-1,Wide attacking defenders
Toni Lato,Valencia,La Liga,2021,DF,DF,728.0,DF-1,Wide attacking defenders
Uroš Račić,Valencia,La Liga,2021,MF,MF,2187.0,MF-0,Deep ball winning midfielders
Yunus Musah,Valencia,La Liga,2021,MF,MF,1530.0,MF-1,Advanced attacking midfielders
Bruno González,Valladolid,La Liga,2021,DF,DF,2263.0,DF-0,Deep central defenders
Fabián Orellana,Valladolid,La Liga,2021,MF,MF,2138.0,MF-1,Advanced attacking midfielders
Fede San Emeterio,Valladolid,La Liga,2021,MF,MF,1460.0,MF-0,Deep ball winning midfielders
Javi Sánchez,Valladolid,La Liga,2021,DF,DF,921.0,DF-0,Deep central defenders
Jawad El Yamiq,Valladolid,La Liga,2021,DF,DF,1379.0,DF-0,Deep central defenders
Joaquín Fernández,Valladolid,La Liga,2021,DF,DF,2073.0,DF-0,Deep central defenders
Jota,Valladolid,La Liga,2021,MF,"MF,FW",668.0,MF-1,Advanced attacking midfielders
Kenan Kodro,Valladolid,La Liga,2021,FW,"FW,MF",459.0,FW-0,Low involvement centre forwards
Kike Pérez,Valladolid,La Liga,2021,MF,MF,1159.0,MF-0,Deep ball winning midfielders
Lucas Olaza,Valladolid,La Liga,2021,DF,DF,1260.0,DF-1,Wide attacking defenders
Luis Pérez,Valladolid,La Liga,2021,DF,DF,1297.0,DF-1,Wide attacking defenders
Maranhão,Valladolid,La Liga,2021,FW,FW,1177.0,FW-0,Low involvement centre forwards
Míchel,Valladolid,La Liga,2021,MF,MF,946.0,MF-0,Deep ball winning midfielders
Nacho,Valladolid,La Liga,2021,DF,DF,1813.0,DF-1,Wide attacking defenders
Pablo Hervías,Valladolid,La Liga,2021,DF,"DF,MF",1204.0,DF-1,Wide attacking defenders
Raúl García,Valladolid,La Liga,2021,DF,"DF,MF",504.0,DF-1,Wide attacking defenders
Roque Mesa,Valladolid,La Liga,2021,MF,MF,1761.0,MF-0,Deep ball winning midfielders
Rubén Alcaraz,Valladolid,La Liga,2021,MF,MF,2165.0,MF-0,Deep ball winning midfielders
Saidy Janko,Valladolid,La Liga,2021,DF,DF,1220.0,DF-1,Wide attacking defenders
Sergi Guardiola,Valladolid,La Liga,2021,FW,FW,1795.0,FW-0,Low involvement centre forwards
Shon Weissman,Valladolid,La Liga,2021,FW,FW,2133.0,FW-0,Low involvement centre forwards
Toni Villa,Valladolid,La Liga,2021,MF,"MF,FW",969.0,MF-1,Advanced attacking midfielders
Óscar Plano,Valladolid,La Liga,2021,MF,MF,2517.0,MF-0,Deep ball winning midfielders
Alfonso Pedraza,Villarreal,La Liga,2021,DF,DF,2093.0,DF-1,Wide attacking defenders
Carlos Bacca,Villarreal,La Liga,2021,FW,FW,786.0,FW-0,Low involvement centre forwards
Daniel Parejo,Villarreal,La Liga,2021,MF,MF,3112.0,MF-0,Deep ball winning midfielders
Fernando Niño,Villarreal,La Liga,2021,FW,FW,593.0,FW-0,Low involvement centre forwards
Francis Coquelin,Villarreal,La Liga,2021,MF,MF,736.0,MF-0,Deep ball winning midfielders
Gerard Moreno,Villarreal,La Liga,2021,FW,FW,2673.0,FW-1,Creating and carrying forwards
Juan Foyth,Villarreal,La Liga,2021,DF,"DF,MF",1168.0,DF-0,Deep central defenders
Manu Trigueros,Villarreal,La Liga,2021,MF,MF,2527.0,MF-0,Deep ball winning midfielders
Mario Gaspar,Villarreal,La Liga,2021,DF,DF,1851.0,DF-1,Wide attacking defenders
Moi Gómez,Villarreal,La Liga,2021,MF,"MF,FW",2563.0,MF-1,Advanced attacking midfielders
Paco Alcácer,Villarreal,La Liga,2021,FW,FW,1544.0,FW-0,Low involvement centre forwards
Pau Torres,Villarreal,La Liga,2021,DF,DF,2970.0,DF-0,Deep central defenders
Pervis Estupiñán,Villarreal,La Liga,2021,DF,DF,1168.0,DF-1,Wide attacking defenders
Ramiro Funes Mori,Villarreal,La Liga,2021,DF,DF,727.0,DF-0,Deep central defenders
Raúl Albiol,Villarreal,La Liga,2021,DF,DF,3115.0,DF-0,Deep central defenders
Rubén Peña,Villarreal,La Liga,2021,DF,DF,1116.0,DF-1,Wide attacking defenders
Samuel Chukwueze,Villarreal,La Liga,2021,MF,"MF,FW",1365.0,MF-1,Advanced attacking midfielders
Vicente Iborra,Villarreal,La Liga,2021,MF,MF,928.0,MF-0,Deep ball winning midfielders
Yeremi Pino,Villarreal,La Liga,2021,MF,"MF,FW",797.0,MF-1,Advanced attacking midfielders
Étienne Capoue,Villarreal,La Liga,2021,MF,MF,1185.0,MF-0,Deep ball winning midfielders
Abdoulaye Bamba,Angers,Ligue 1,2021,DF,DF,1347.0,DF-1,Wide attacking defenders
Angelo Fulgini,Angers,Ligue 1,2021,MF,MF,2725.0,MF-1,Advanced attacking midfielders
Antonin Bobichon,Angers,Ligue 1,2021,MF,MF,911.0,MF-1,Advanced attacking midfielders
Ibrahim Amadou,Angers,Ligue 1,2021,MF,MF,1504.0,MF-0,Deep ball winning midfielders
Ismaël Traoré,Angers,Ligue 1,2021,DF,DF,2993.0,DF-0,Deep central defenders
Jimmy Cabot,Angers,Ligue 1,2021,MF,MF,942.0,MF-1,Advanced attacking midfielders
Lassana Coulibaly,Angers,Ligue 1,2021,MF,MF,1687.0,MF-0,Deep ball winning midfielders
Lois Diony,Angers,Ligue 1,2021,FW,FW,1749.0,FW-0,Low involvement centre forwards
Mateo Pavlović,Angers,Ligue 1,2021,DF,DF,1104.0,DF-0,Deep central defenders
Mathias Pereira Lage,Angers,Ligue 1,2021,MF,MF,1467.0,MF-1,Advanced attacking midfielders
Pierrick Capelle,Angers,Ligue 1,2021,MF,"MF,DF",2053.0,MF-0,Deep ball winning midfielders
Romain Thomas,Angers,Ligue 1,2021,DF,DF,3024.0,DF-0,Deep central defenders
Sada Thioub,Angers,Ligue 1,2021,MF,"MF,FW",1256.0,MF-1,Advanced attacking midfielders
Sofiane Boufal,Angers,Ligue 1,2021,MF,MF,732.0,MF-1,Advanced attacking midfielders
Souleyman Doumbia,Angers,Ligue 1,2021,DF,DF,2222.0,DF-1,Wide attacking defenders
Stéphane Bahoken,Angers,Ligue 1,2021,FW,FW,1616.0,FW-0,Low involvement centre forwards
Thomas Mangani,Angers,Ligue 1,2021,MF,MF,2691.0,MF-0,Deep ball winning midfielders
Vincent Manceau,Angers,Ligue 1,2021,DF,DF,2309.0,DF-1,Wide attacking defenders
Enock Kwateng,Bordeaux,Ligue 1,2021,DF,DF,1038.0,DF-1,Wide attacking defenders
Hatem Ben Arfa,Bordeaux,Ligue 1,2021,MF,"MF,FW",1703.0,MF-1,Advanced attacking midfielders
Hwang Ui-jo,Bordeaux,Ligue 1,2021,FW,"FW,MF",2503.0,FW-0,Low involvement centre forwards
Jean Seri,Bordeaux,Ligue 1,2021,MF,MF,707.0,MF-0,Deep ball winning midfielders
Jimmy Briand,Bordeaux,Ligue 1,2021,FW,"FW,MF",571.0,FW-0,Low involvement centre forwards
Josh Maja,Bordeaux,Ligue 1,2021,FW,FW,804.0,FW-0,Low involvement centre forwards
Laurent Koscielny,Bordeaux,Ligue 1,2021,DF,DF,2218.0,DF-0,Deep central defenders
Loris Benito,Bordeaux,Ligue 1,2021,DF,DF,2651.0,DF-0,Deep central defenders
Maxime Poundjé,Bordeaux,Ligue 1,2021,DF,DF,491.0,DF-1,Wide attacking defenders
Mehdi Zerkane,Bordeaux,Ligue 1,2021,MF,"MF,FW",1187.0,MF-1,Advanced attacking midfielders
Mexer,Bordeaux,Ligue 1,2021,DF,DF,712.0,DF-0,Deep central defenders
Nicolas de Préville,Bordeaux,Ligue 1,2021,MF,"MF,FW",1611.0,MF-1,Advanced attacking midfielders
Otávio,Bordeaux,Ligue 1,2021,MF,MF,1559.0,MF-0,Deep ball winning midfielders
Pablo,Bordeaux,Ligue 1,2021,DF,DF,1076.0,DF-0,Deep central defenders
Paul Baysse,Bordeaux,Ligue 1,2021,DF,DF,2614.0,DF-0,Deep central defenders
Remi Oudin,Bordeaux,Ligue 1,2021,MF,"MF,FW",2420.0,MF-1,Advanced attacking midfielders
Samuel Kalu,Bordeaux,Ligue 1,2021,MF,"MF,FW",964.0,MF-1,Advanced attacking midfielders
Tom Lacoux,Bordeaux,Ligue 1,2021,MF,MF,523.0,MF-0,Deep ball winning midfielders
Toma Bašić,Bordeaux,Ligue 1,2021,MF,MF,2601.0,MF-0,Deep ball winning midfielders
Yacine Adli,Bordeaux,Ligue 1,2021,MF,MF,2418.0,MF-0,Deep ball winning midfielders
Youssouf Sabaly,Bordeaux,Ligue 1,2021,DF,DF,2909.0,DF-1,Wide attacking defenders
Brendan Chardonnet,Brest,Ligue 1,2021,DF,DF,2716.0,DF-0,Deep central defenders
Christophe Hérelle,Brest,Ligue 1,2021,DF,DF,1377.0,DF-0,Deep central defenders
Franck Honorat,Brest,Ligue 1,2021,MF,MF,2458.0,MF-1,Advanced attacking midfielders
Gaëtan Charbonnier,Brest,Ligue 1,2021,MF,"MF,FW",1570.0,MF-1,Advanced attacking midfielders
Haris Belkebla,Brest,Ligue 1,2021,MF,MF,2727.0,MF-0,Deep ball winning midfielders
Hianga Mananga Mbock,Brest,Ligue 1,2021,MF,MF,458.0,MF-0,Deep ball winning midfielders
Hugo Magnetti,Brest,Ligue 1,2021,MF,MF,603.0,MF-0,Deep ball winning midfielders
Irvin Cardona,Brest,Ligue 1,2021,FW,"FW,MF",2029.0,FW-0,Low involvement centre forwards
Jean Lucas,Brest,Ligue 1,2021,MF,"MF,FW",1011.0,MF-0,Deep ball winning midfielders
Jean-Kevin Duverne,Brest,Ligue 1,2021,DF,DF,2029.0,DF-0,Deep central defenders
Julien Faussurier,Brest,Ligue 1,2021,DF,DF,955.0,DF-1,Wide attacking defenders
Jérémy Le Douaron,Brest,Ligue 1,2021,MF,"MF,FW",816.0,MF-1,Advanced attacking midfielders
Lilian Brassier,Brest,Ligue 1,2021,DF,DF,962.0,DF-0,Deep central defenders
Paul Lasne,Brest,Ligue 1,2021,MF,MF,1681.0,MF-0,Deep ball winning midfielders
Romain Faivre,Brest,Ligue 1,2021,MF,"MF,FW",2891.0,MF-1,Advanced attacking midfielders
Romain Perraud,Brest,Ligue 1,2021,DF,DF,3140.0,DF-1,Wide attacking defenders
Romain Philippoteaux,Brest,Ligue 1,2021,MF,"MF,FW",581.0,MF-1,Advanced attacking midfielders
Ronaël Pierre-Gabriel,Brest,Ligue 1,2021,DF,DF,2305.0,DF-1,Wide attacking defenders
Steve Mounié,Brest,Ligue 1,2021,FW,FW,2680.0,FW-0,Low involvement centre forwards
Aboubakar Kamara,Dijon,Ligue 1,2021,FW,"FW,MF",557.0,FW-0,Low involvement centre forwards
Aníbal Chalá,Dijon,Ligue 1,2021,DF,DF,744.0,DF-1,Wide attacking defenders
Bersant Celina,Dijon,Ligue 1,2021,MF,"MF,FW",2298.0,MF-1,Advanced attacking midfielders
Bruno Ecuele Manga,Dijon,Ligue 1,2021,DF,DF,3420.0,DF-0,Deep central defenders
Didier Ibrahim Ndong,Dijon,Ligue 1,2021,MF,MF,2610.0,MF-0,Deep ball winning midfielders
Fouad Chafik,Dijon,Ligue 1,2021,DF,DF,1622.0,DF-1,Wide attacking defenders
Frédéric Sammaritano,Dijon,Ligue 1,2021,MF,MF,1130.0,MF-1,Advanced attacking midfielders
Jonathan Panzo,Dijon,Ligue 1,2021,DF,DF,1801.0,DF-0,Deep central defenders
Jordan Marié,Dijon,Ligue 1,2021,MF,MF,1432.0,MF-0,Deep ball winning midfielders
Junior Dina Ebimbe,Dijon,Ligue 1,2021,MF,"MF,FW",2144.0,MF-1,Advanced attacking midfielders
Mama Samba Baldé,Dijon,Ligue 1,2021,FW,"FW,MF",2161.0,FW-0,Low involvement centre forwards
Mihai Dobre,Dijon,Ligue 1,2021,MF,"MF,FW",529.0,MF-1,Advanced attacking midfielders
Mounir Chouiar,Dijon,Ligue 1,2021,MF,"MF,FW",1288.0,MF-1,Advanced attacking midfielders
Moussa Konaté,Dijon,Ligue 1,2021,FW,"FW,MF",1196.0,FW-0,Low involvement centre forwards
Muzinga Ngonda,Dijon,Ligue 1,2021,DF,DF,2307.0,DF-1,Wide attacking defenders
Pape Cheikh Diop,Dijon,Ligue 1,2021,MF,MF,1089.0,MF-0,Deep ball winning midfielders
Roger Assalé,Dijon,Ligue 1,2021,MF,"MF,FW",828.0,MF-1,Advanced attacking midfielders
Sacha Boey,Dijon,Ligue 1,2021,DF,DF,1863.0,DF-1,Wide attacking defenders
Senou Coulibaly,Dijon,Ligue 1,2021,DF,DF,1934.0,DF-0,Deep central defenders
Wesley Lautoa,Dijon,Ligue 1,2021,MF,"MF,DF",1608.0,MF-0,Deep ball winning midfielders
Arnaud Kalimuendo,Lens,Ligue 1,2021,FW,"FW,MF",1218.0,FW-0,Low involvement centre forwards
Cheick Doucouré,Lens,Ligue 1,2021,MF,MF,2627.0,MF-0,Deep ball winning midfielders
Clément Michelin,Lens,Ligue 1,2021,DF,DF,1154.0,DF-1,Wide attacking defenders
Corentin Jean,Lens,Ligue 1,2021,FW,"FW,MF",580.0,FW-0,Low involvement centre forwards
Facundo Medina,Lens,Ligue 1,2021,DF,DF,2007.0,DF-0,Deep central defenders
Florian Sotoca,Lens,Ligue 1,2021,FW,FW,2413.0,FW-0,Low involvement centre forwards
Gaël Kakuta,Lens,Ligue 1,2021,MF,"MF,FW",2394.0,MF-1,Advanced attacking midfielders
Ignatius Ganago,Lens,Ligue 1,2021,FW,FW,1304.0,FW-0,Low involvement centre forwards
Ismaëlben Boura,Lens,Ligue 1,2021,DF,DF,816.0,DF-1,Wide attacking defenders
Issiaga Sylla,Lens,Ligue 1,2021,DF,"DF,MF",1116.0,DF-1,Wide attacking defenders
Jonathan Clauss,Lens,Ligue 1,2021,DF,DF,2521.0,DF-1,Wide attacking defenders
Jonathan Gradit,Lens,Ligue 1,2021,DF,DF,2823.0,DF-0,Deep central defenders
Loïc Bade,Lens,Ligue 1,2021,DF,DF,2610.0,DF-0,Deep central defenders
Massadio Haïdara,Lens,Ligue 1,2021,DF,DF,2132.0,DF-1,Wide attacking defenders
Seko Fofana,Lens,Ligue 1,2021,MF,MF,2309.0,MF-1,Advanced attacking midfielders
Simon Banza,Lens,Ligue 1,2021,FW,FW,1372.0,FW-0,Low involvement centre forwards
Steven Fortes,Lens,Ligue 1,2021,DF,DF,1435.0,DF-0,Deep central defenders
Tony Mauricio,Lens,Ligue 1,2021,MF,MF,502.0,MF-1,Advanced attacking midfielders
Yannick Cahuzac,Lens,Ligue 1,2021,MF,MF,2252.0,MF-0,Deep ball winning midfielders
Benjamin André,Lille,Ligue 1,2021,MF,MF,2885.0,MF-0,Deep ball winning midfielders
Boubakary Soumaré,Lille,Ligue 1,2021,MF,MF,1919.0,MF-0,Deep ball winning midfielders
Burak Yılmaz,Lille,Ligue 1,2021,FW,FW,2051.0,FW-0,Low involvement centre forwards
Domagoj Bradarić,Lille,Ligue 1,2021,DF,DF,1263.0,DF-1,Wide attacking defenders
Jonathan Bamba,Lille,Ligue 1,2021,MF,MF,2985.0,MF-1,Advanced attacking midfielders
Jonathan David,Lille,Ligue 1,2021,FW,FW,2354.0,FW-0,Low involvement centre forwards
Jonathan Ikone,Lille,Ligue 1,2021,MF,"MF,FW",2177.0,MF-1,Advanced attacking midfielders
José Fonte,Lille,Ligue 1,2021,DF,DF,3185.0,DF-0,Deep central defenders
Luiz Araújo,Lille,Ligue 1,2021,MF,MF,1496.0,MF-1,Advanced attacking midfielders
Reinildo Mandava,Lille,Ligue 1,2021,DF,DF,2180.0,DF-1,Wide attacking defenders
Renato Sanches,Lille,Ligue 1,2021,MF,MF,1270.0,MF-0,Deep ball winning midfielders
Sven Botman,Lille,Ligue 1,2021,DF,DF,3309.0,DF-0,Deep central defenders
Tiago Djaló,Lille,Ligue 1,2021,DF,DF,873.0,DF-0,Deep central defenders
Timothy Weah,Lille,Ligue 1,2021,MF,"MF,FW",878.0,MF-1,Advanced attacking midfielders
Xeka,Lille,Ligue 1,2021,MF,MF,1200.0,MF-0,Deep ball winning midfielders
Yusuf Yazıcı,Lille,Ligue 1,2021,FW,"FW,MF",1086.0,FW-1,Creating and carrying forwards
Zeki Çelik,Lille,Ligue 1,2021,DF,DF,2381.0,DF-1,Wide attacking defenders
Adrian Grbić,Lorient,Ligue 1,2021,FW,FW,961.0,FW-0,Low involvement centre forwards
Andrew Gravillon,Lorient,Ligue 1,2021,DF,DF,2272.0,DF-0,Deep central defenders
Armand Lauriente,Lorient,Ligue 1,2021,MF,"MF,FW",1622.0,MF-1,Advanced attacking midfielders
Enzo Le Fée,Lorient,Ligue 1,2021,MF,MF,1816.0,MF-1,Advanced attacking midfielders
Fabien Lemoine,Lorient,Ligue 1,2021,MF,MF,1934.0,MF-0,Deep ball winning midfielders
Houboulang Mendes,Lorient,Ligue 1,2021,DF,DF,1297.0,DF-1,Wide attacking defenders
Jonathan Delaplace,Lorient,Ligue 1,2021,DF,DF,906.0,DF-1,Wide attacking defenders
Julien Laporte,Lorient,Ligue 1,2021,DF,DF,2659.0,DF-0,Deep central defenders
Jérémy Morel,Lorient,Ligue 1,2021,DF,DF,2493.0,DF-0,Deep central defenders
Jérôme Hergault,Lorient,Ligue 1,2021,DF,"DF,MF",1625.0,DF-1,Wide attacking defenders
Laurent Abergel,Lorient,Ligue 1,2021,MF,MF,2963.0,MF-0,Deep ball winning midfielders
Pierre-Yves Hamel,Lorient,Ligue 1,2021,FW,FW,849.0,FW-0,Low involvement centre forwards
Quentin Boisgard,Lorient,Ligue 1,2021,MF,"MF,FW",1314.0,MF-1,Advanced attacking midfielders
Terem Moffi,Lorient,Ligue 1,2021,FW,FW,2073.0,FW-0,Low involvement centre forwards
Thomas Monconduit,Lorient,Ligue 1,2021,MF,MF,1153.0,MF-0,Deep ball winning midfielders
Trevoh Chalobah,Lorient,Ligue 1,2021,DF,"DF,MF",2237.0,DF-0,Deep central defenders
Vincent Le Goff,Lorient,Ligue 1,2021,DF,DF,2306.0,DF-1,Wide attacking defenders
Yoane Wissa,Lorient,Ligue 1,2021,MF,"MF,FW",2674.0,MF-1,Advanced attacking midfielders
Bruno Guimarães,Lyon,Ligue 1,2021,MF,MF,1754.0,MF-0,Deep ball winning midfielders
Houssem Aouar,Lyon,Ligue 1,2021,MF,MF,1781.0,MF-1,Advanced attacking midfielders
Islam Slimani,Lyon,Ligue 1,2021,FW,FW,579.0,FW-0,Low involvement centre forwards
Jason Denayer,Lyon,Ligue 1,2021,DF,DF,2614.0,DF-0,Deep central defenders
Karl Toko Ekambi,Lyon,Ligue 1,2021,FW,"FW,MF",2811.0,FW-1,Creating and carrying forwards
Leo Dubois,Lyon,Ligue 1,2021,DF,DF,2903.0,DF-1,Wide attacking defenders
Lucas Paquetá,Lyon,Ligue 1,2021,MF,MF,2275.0,MF-1,Advanced attacking midfielders
Marcelo,Lyon,Ligue 1,2021,DF,DF,2907.0,DF-0,Deep central defenders
Mattia De Sciglio,Lyon,Ligue 1,2021,DF,DF,1467.0,DF-1,Wide attacking defenders
Maxence Caqueret,Lyon,Ligue 1,2021,MF,MF,1761.0,MF-0,Deep ball winning midfielders
Maxwel Cornet,Lyon,Ligue 1,2021,DF,DF,2446.0,DF-1,Wide attacking defenders
Memphis Depay,Lyon,Ligue 1,2021,FW,"FW,MF",2923.0,FW-1,Creating and carrying forwards
Moussa Dembélé,Lyon,Ligue 1,2021,FW,FW,677.0,FW-0,Low involvement centre forwards
Rayan Cherki,Lyon,Ligue 1,2021,FW,"FW,MF",698.0,FW-1,Creating and carrying forwards
Sinaly Diomande,Lyon,Ligue 1,2021,DF,DF,1133.0,DF-0,Deep central defenders
Thiago Mendes,Lyon,Ligue 1,2021,MF,MF,2243.0,MF-0,Deep ball winning midfielders
Tino Kadewere,Lyon,Ligue 1,2021,FW,"FW,MF",2009.0,FW-0,Low involvement centre forwards
Arkadiusz Milik,Marseille,Ligue 1,2021,FW,FW,1220.0,FW-0,Low involvement centre forwards
Boubacar Kamara,Marseille,Ligue 1,2021,MF,MF,2894.0,MF-0,Deep ball winning midfielders
Darío Benedetto,Marseille,Ligue 1,2021,FW,FW,1579.0,FW-0,Low involvement centre forwards
Dimitri Payet,Marseille,Ligue 1,2021,MF,"MF,FW",2417.0,MF-1,Advanced attacking midfielders
Duje Ćaleta-Car,Marseille,Ligue 1,2021,DF,DF,2813.0,DF-0,Deep central defenders
Florian Thauvin,Marseille,Ligue 1,2021,MF,"MF,FW",2732.0,MF-1,Advanced attacking midfielders
Hiroki Sakai,Marseille,Ligue 1,2021,DF,DF,2385.0,DF-1,Wide attacking defenders
Jordan Amavi,Marseille,Ligue 1,2021,DF,DF,813.0,DF-1,Wide attacking defenders
Leonardo Balerdi,Marseille,Ligue 1,2021,DF,DF,1634.0,DF-0,Deep central defenders
Luis Henrique,Marseille,Ligue 1,2021,MF,"MF,DF",675.0,MF-1,Advanced attacking midfielders
Mickaël Cuisance,Marseille,Ligue 1,2021,MF,MF,1024.0,MF-0,Deep ball winning midfielders
Morgan Sanson,Marseille,Ligue 1,2021,MF,MF,826.0,MF-1,Advanced attacking midfielders
Pape Gueye,Marseille,Ligue 1,2021,MF,MF,2058.0,MF-0,Deep ball winning midfielders
Pol Lirola,Marseille,Ligue 1,2021,DF,"DF,FW",1553.0,DF-1,Wide attacking defenders
Saîf-Eddine Khaoui,Marseille,Ligue 1,2021,MF,"MF,DF",606.0,MF-0,Deep ball winning midfielders
Valentin Rongier,Marseille,Ligue 1,2021,MF,MF,1887.0,MF-0,Deep ball winning midfielders
Valère Germain,Marseille,Ligue 1,2021,FW,"FW,MF",857.0,FW-0,Low involvement centre forwards
Yuto Nagatomo,Marseille,Ligue 1,2021,DF,DF,1594.0,DF-0,Deep central defenders
Álvaro González,Marseille,Ligue 1,2021,DF,DF,2831.0,DF-0,Deep central defenders
Aaron Leya Iseka,Metz,Ligue 1,2021,FW,FW,1008.0,FW-0,Low involvement centre forwards
Boubakar Kouyaté,Metz,Ligue 1,2021,DF,DF,1964.0,DF-0,Deep central defenders
Dylan Bronn,Metz,Ligue 1,2021,DF,DF,3412.0,DF-0,Deep central defenders
Fabien Centonze,Metz,Ligue 1,2021,DF,DF,3221.0,DF-1,Wide attacking defenders
Farid Boulaya,Metz,Ligue 1,2021,MF,"MF,FW",2815.0,MF-1,Advanced attacking midfielders
Habib Maïga,Metz,Ligue 1,2021,MF,MF,2693.0,MF-0,Deep ball winning midfielders
Ibrahima Niane,Metz,Ligue 1,2021,FW,FW,663.0,FW-0,Low involvement centre forwards
John Boye,Metz,Ligue 1,2021,DF,DF,3041.0,DF-0,Deep central defenders
Lamine Gueye,Metz,Ligue 1,2021,FW,"FW,MF",1454.0,FW-0,Low involvement centre forwards
Mamadou Fofana,Metz,Ligue 1,2021,MF,"MF,DF",1070.0,MF-0,Deep ball winning midfielders
Matthieu Udol,Metz,Ligue 1,2021,DF,DF,1724.0,DF-1,Wide attacking defenders
Opa Nguette,Metz,Ligue 1,2021,FW,"FW,MF",1132.0,FW-0,Low involvement centre forwards
Papa Ndiaga Yade,Metz,Ligue 1,2021,FW,"FW,MF",1001.0,FW-1,Creating and carrying forwards
Pape Matar Sarr,Metz,Ligue 1,2021,MF,MF,1594.0,MF-0,Deep ball winning midfielders
Thierry Ambrose,Metz,Ligue 1,2021,FW,"FW,MF",753.0,FW-1,Creating and carrying forwards
Thomas Delaine,Metz,Ligue 1,2021,DF,"DF,FW",1779.0,DF-1,Wide attacking defenders
Vagner Gonçalves,Metz,Ligue 1,2021,FW,"FW,MF",967.0,FW-0,Low involvement centre forwards
Victorien Angban,Metz,Ligue 1,2021,MF,MF,1672.0,MF-0,Deep ball winning midfielders
Vincent Pajot,Metz,Ligue 1,2021,MF,MF,914.0,MF-0,Deep ball winning midfielders
Warren Tchimbembé,Metz,Ligue 1,2021,MF,MF,495.0,MF-0,Deep ball winning midfielders
Aleksandr Golovin,Monaco,Ligue 1,2021,MF,"MF,FW",1069.0,MF-1,Advanced attacking midfielders
Aurélien Tchouaméni,Monaco,Ligue 1,2021,MF,MF,3063.0,MF-0,Deep ball winning midfielders
Axel Disasi,Monaco,Ligue 1,2021,DF,DF,2011.0,DF-0,Deep central defenders
Benoît Badiashile,Monaco,Ligue 1,2021,DF,DF,2870.0,DF-0,Deep central defenders
Caio Henrique Oliveira Silva,Monaco,Ligue 1,2021,DF,DF,2368.0,DF-1,Wide attacking defenders
Cesc Fàbregas,Monaco,Ligue 1,2021,MF,"MF,FW",877.0,MF-1,Advanced attacking midfielders
Djibril Sidibé,Monaco,Ligue 1,2021,DF,DF,1980.0,DF-1,Wide attacking defenders
Fodé Ballo-Touré,Monaco,Ligue 1,2021,DF,"DF,MF",662.0,DF-1,Wide attacking defenders
Gelson Martins,Monaco,Ligue 1,2021,MF,"MF,FW",1551.0,MF-1,Advanced attacking midfielders
Guillermo Maripán,Monaco,Ligue 1,2021,DF,DF,2089.0,DF-0,Deep central defenders
Kevin Volland,Monaco,Ligue 1,2021,FW,"FW,MF",2769.0,FW-0,Low involvement centre forwards
Ruben Aguilar,Monaco,Ligue 1,2021,DF,"DF,MF",2225.0,DF-1,Wide attacking defenders
Sofiane Diop,Monaco,Ligue 1,2021,MF,MF,2023.0,MF-1,Advanced attacking midfielders
Stevan Jovetić,Monaco,Ligue 1,2021,FW,"FW,MF",802.0,FW-1,Creating and carrying forwards
Wissam Ben Yedder,Monaco,Ligue 1,2021,FW,FW,2607.0,FW-1,Creating and carrying forwards
Youssouf Fofana,Monaco,Ligue 1,2021,MF,MF,2873.0,MF-0,Deep ball winning midfielders
Ambroise Oyongo,Montpellier,Ligue 1,2021,DF,DF,558.0,DF-1,Wide attacking defenders
Andy Delort,Montpellier,Ligue 1,2021,FW,FW,2482.0,FW-1,Creating and carrying forwards
Arnaud Souquet,Montpellier,Ligue 1,2021,DF,DF,1224.0,DF-1,Wide attacking defenders
Damien Le Tallec,Montpellier,Ligue 1,2021,MF,"MF,DF",1227.0,MF-0,Deep ball winning midfielders
Daniel Congré,Montpellier,Ligue 1,2021,DF,DF,3292.0,DF-0,Deep central defenders
Florent Mollet,Montpellier,Ligue 1,2021,MF,MF,2355.0,MF-1,Advanced attacking midfielders
Gaëtan Laborde,Montpellier,Ligue 1,2021,FW,"FW,MF",3256.0,FW-0,Low involvement centre forwards
Jordan Ferri,Montpellier,Ligue 1,2021,MF,MF,2577.0,MF-0,Deep ball winning midfielders
Joris Chotard,Montpellier,Ligue 1,2021,MF,MF,1165.0,MF-0,Deep ball winning midfielders
Junior Sambia,Montpellier,Ligue 1,2021,DF,"DF,MF",2448.0,DF-1,Wide attacking defenders
Keagan Dolly,Montpellier,Ligue 1,2021,MF,MF,452.0,MF-0,Deep ball winning midfielders
Mihailo Ristić,Montpellier,Ligue 1,2021,DF,DF,2236.0,DF-1,Wide attacking defenders
Nicolas Cozza,Montpellier,Ligue 1,2021,DF,DF,1369.0,DF-0,Deep central defenders
Pedro Mendes,Montpellier,Ligue 1,2021,DF,DF,1626.0,DF-0,Deep central defenders
Sepe Elye Wahi,Montpellier,Ligue 1,2021,FW,"FW,MF",555.0,FW-0,Low involvement centre forwards
Stephy Mavididi,Montpellier,Ligue 1,2021,FW,"FW,MF",2030.0,FW-0,Low involvement centre forwards
Téji Savanier,Montpellier,Ligue 1,2021,MF,MF,2165.0,MF-1,Advanced attacking midfielders
Vitorino Hilton,Montpellier,Ligue 1,2021,DF,DF,2117.0,DF-0,Deep central defenders
Abdoul Kader Bamba,Nantes,Ligue 1,2021,MF,"MF,FW",917.0,MF-1,Advanced attacking midfielders
Abdoulaye Touré,Nantes,Ligue 1,2021,MF,MF,1681.0,MF-0,Deep ball winning midfielders
Andrei Girotto,Nantes,Ligue 1,2021,DF,"DF,MF",2668.0,DF-0,Deep central defenders
Charles Traore,Nantes,Ligue 1,2021,DF,DF,1700.0,DF-1,Wide attacking defenders
Dennis Appiah,Nantes,Ligue 1,2021,DF,DF,1556.0,DF-1,Wide attacking defenders
Fábio,Nantes,Ligue 1,2021,DF,DF,1507.0,DF-1,Wide attacking defenders
Imran Louza,Nantes,Ligue 1,2021,MF,MF,2379.0,MF-0,Deep ball winning midfielders
Jean-Charles Castelletto,Nantes,Ligue 1,2021,DF,DF,1947.0,DF-0,Deep central defenders
Kalifa Coulibaly,Nantes,Ligue 1,2021,FW,FW,981.0,FW-0,Low involvement centre forwards
Ludovic Blas,Nantes,Ligue 1,2021,MF,"MF,FW",2787.0,MF-1,Advanced attacking midfielders
Marcus Coco,Nantes,Ligue 1,2021,MF,MF,1474.0,MF-1,Advanced attacking midfielders
Mehdi Abeid,Nantes,Ligue 1,2021,MF,MF,1320.0,MF-0,Deep ball winning midfielders
Moses Simon,Nantes,Ligue 1,2021,MF,"MF,FW",2324.0,MF-1,Advanced attacking midfielders
Nicolas Pallois,Nantes,Ligue 1,2021,DF,DF,2776.0,DF-0,Deep central defenders
Pedro Chirivella,Nantes,Ligue 1,2021,MF,MF,2280.0,MF-0,Deep ball winning midfielders
Randal Kolo Muani,Nantes,Ligue 1,2021,FW,FW,3029.0,FW-0,Low involvement centre forwards
Sébastien Corchia,Nantes,Ligue 1,2021,DF,DF,2066.0,DF-1,Wide attacking defenders
Alexis Claude-Maurice,Nice,Ligue 1,2021,MF,"MF,FW",1910.0,MF-1,Advanced attacking midfielders
Amine Gouiri,Nice,Ligue 1,2021,FW,"FW,MF",2747.0,FW-1,Creating and carrying forwards
Andy Pelmard,Nice,Ligue 1,2021,DF,DF,1207.0,DF-0,Deep central defenders
Dan Ndoye,Nice,Ligue 1,2021,FW,"FW,MF",551.0,FW-0,Low involvement centre forwards
Dante,Nice,Ligue 1,2021,DF,DF,774.0,DF-0,Deep central defenders
Flavius Daniliuc,Nice,Ligue 1,2021,DF,DF,1477.0,DF-0,Deep central defenders
Hassane Kamara,Nice,Ligue 1,2021,DF,"DF,FW",2960.0,DF-1,Wide attacking defenders
Hicham Boudaoui,Nice,Ligue 1,2021,MF,MF,1736.0,MF-0,Deep ball winning midfielders
Jean-Clair Todibo,Nice,Ligue 1,2021,DF,DF,1330.0,DF-0,Deep central defenders
Jeff Reine-Adélaïde,Nice,Ligue 1,2021,MF,"MF,FW",1058.0,MF-1,Advanced attacking midfielders
Jordan Lotomba,Nice,Ligue 1,2021,DF,"DF,MF",2123.0,DF-1,Wide attacking defenders
Kasper Dolberg,Nice,Ligue 1,2021,FW,FW,1928.0,FW-0,Low involvement centre forwards
Khéphren Thuram-Ulie,Nice,Ligue 1,2021,MF,MF,1494.0,MF-0,Deep ball winning midfielders
Morgan Schneiderlin,Nice,Ligue 1,2021,MF,MF,2197.0,MF-0,Deep ball winning midfielders
Myziane Maolida,Nice,Ligue 1,2021,FW,"FW,MF",1077.0,FW-1,Creating and carrying forwards
Pierre Lees-Melou,Nice,Ligue 1,2021,MF,MF,2063.0,MF-0,Deep ball winning midfielders
Robson Bambu,Nice,Ligue 1,2021,DF,DF,1046.0,DF-0,Deep central defenders
Rony Lopes,Nice,Ligue 1,2021,FW,"FW,MF",1783.0,FW-1,Creating and carrying forwards
Stanley N'Soki,Nice,Ligue 1,2021,DF,DF,1246.0,DF-0,Deep central defenders
William Saliba,Nice,Ligue 1,2021,DF,DF,1800.0,DF-0,Deep central defenders
Youcef Atal,Nice,Ligue 1,2021,DF,"DF,FW",956.0,DF-1,Wide attacking defenders
Adrián Cubas,Nîmes,Ligue 1,2021,MF,MF,2242.0,MF-0,Deep ball winning midfielders
Anthony Briançon,Nîmes,Ligue 1,2021,DF,DF,1225.0,DF-0,Deep central defenders
Birger Meling,Nîmes,Ligue 1,2021,DF,DF,2328.0,DF-1,Wide attacking defenders
Florian Miguel,Nîmes,Ligue 1,2021,DF,DF,1538.0,DF-0,Deep central defenders
Gaëtan Paquiez,Nîmes,Ligue 1,2021,DF,DF,1046.0,DF-1,Wide attacking defenders
Haris Duljević,Nîmes,Ligue 1,2021,MF,"MF,FW",773.0,MF-1,Advanced attacking midfielders
Kelyan Guessoum,Nîmes,Ligue 1,2021,DF,DF,1128.0,DF-0,Deep central defenders
Kevin Denkey,Nîmes,Ligue 1,2021,FW,FW,524.0,FW-0,Low involvement centre forwards
Lamine Fomba,Nîmes,Ligue 1,2021,MF,MF,2175.0,MF-0,Deep ball winning midfielders
Loïck Landre,Nîmes,Ligue 1,2021,DF,DF,1626.0,DF-0,Deep central defenders
Lucas Deaux,Nîmes,Ligue 1,2021,MF,"MF,DF",1754.0,MF-0,Deep ball winning midfielders
Matteo Ahlinvi,Nîmes,Ligue 1,2021,MF,MF,899.0,MF-0,Deep ball winning midfielders
Moussa Koné,Nîmes,Ligue 1,2021,FW,FW,1755.0,FW-0,Low involvement centre forwards
Naomichi Ueda,Nîmes,Ligue 1,2021,DF,DF,711.0,DF-0,Deep central defenders
Niclas Eliasson,Nîmes,Ligue 1,2021,MF,"MF,FW",1799.0,MF-1,Advanced attacking midfielders
Nolan Roux,Nîmes,Ligue 1,2021,FW,FW,651.0,FW-0,Low involvement centre forwards
Pablo Martinez,Nîmes,Ligue 1,2021,DF,DF,540.0,DF-0,Deep central defenders
Patrick Burner,Nîmes,Ligue 1,2021,DF,DF,1317.0,DF-1,Wide attacking defenders
Renaud Ripart,Nîmes,Ligue 1,2021,MF,"MF,FW",3054.0,MF-1,Advanced attacking midfielders
Sidy Sarr,Nîmes,Ligue 1,2021,MF,MF,463.0,MF-0,Deep ball winning midfielders
Sofiane Alakouch,Nîmes,Ligue 1,2021,DF,DF,1505.0,DF-1,Wide attacking defenders
Yassine Benrahou,Nîmes,Ligue 1,2021,MF,MF,1239.0,MF-1,Advanced attacking midfielders
Zinedine Ferhat,Nîmes,Ligue 1,2021,MF,"MF,FW",2957.0,MF-1,Advanced attacking midfielders
Abdou Diallo,Paris S-G,Ligue 1,2021,DF,DF,1490.0,DF-0,Deep central defenders
Alessandro Florenzi,Paris S-G,Ligue 1,2021,DF,DF,1538.0,DF-1,Wide attacking defenders
Ander Herrera,Paris S-G,Ligue 1,2021,MF,MF,1851.0,MF-0,Deep ball winning midfielders
Colin Dagba,Paris S-G,Ligue 1,2021,DF,DF,1357.0,DF-1,Wide attacking defenders
Danilo Pereira,Paris S-G,Ligue 1,2021,MF,"MF,DF",1430.0,MF-0,Deep ball winning midfielders
Idrissa Gana Gueye,Paris S-G,Ligue 1,2021,MF,MF,1581.0,MF-0,Deep ball winning midfielders
Julian Draxler,Paris S-G,Ligue 1,2021,MF,"MF,FW",1064.0,MF-1,Advanced attacking midfielders
Kylian Mbappé,Paris S-G,Ligue 1,2021,FW,"FW,MF",2380.0,FW-1,Creating and carrying forwards
Layvin Kurzawa,Paris S-G,Ligue 1,2021,DF,DF,1278.0,DF-1,Wide attacking defenders
Leandro Paredes,Paris S-G,Ligue 1,2021,MF,MF,1302.0,MF-0,Deep ball winning midfielders
Marco Verratti,Paris S-G,Ligue 1,2021,MF,MF,1492.0,MF-0,Deep ball winning midfielders
Marquinhos,Paris S-G,Ligue 1,2021,DF,DF,2128.0,DF-0,Deep central defenders
Mauro Icardi,Paris S-G,Ligue 1,2021,FW,FW,1079.0,FW-0,Low involvement centre forwards
Mitchel Bakker,Paris S-G,Ligue 1,2021,DF,DF,1694.0,DF-1,Wide attacking defenders
Moise Kean,Paris S-G,Ligue 1,2021,FW,FW,1698.0,FW-0,Low involvement centre forwards
Neymar,Paris S-G,Ligue 1,2021,MF,"MF,FW",1415.0,MF-1,Advanced attacking midfielders
Pablo Sarabia,Paris S-G,Ligue 1,2021,FW,"FW,MF",1320.0,FW-1,Creating and carrying forwards
Presnel Kimpembe,Paris S-G,Ligue 1,2021,DF,DF,2303.0,DF-0,Deep central defenders
Rafinha,Paris S-G,Ligue 1,2021,MF,"MF,FW",1361.0,MF-1,Advanced attacking midfielders
Thilo Kehrer,Paris S-G,Ligue 1,2021,DF,DF,1616.0,DF-0,Deep central defenders
Ángel Di María,Paris S-G,Ligue 1,2021,MF,"MF,FW",1853.0,MF-1,Advanced attacking midfielders
Arber Zeneli,Reims,Ligue 1,2021,MF,"MF,FW",1289.0,MF-1,Advanced attacking midfielders
Boulaye Dia,Reims,Ligue 1,2021,FW,"FW,MF",2930.0,FW-0,Low involvement centre forwards
Dario Maresic,Reims,Ligue 1,2021,DF,DF,514.0,DF-0,Deep central defenders
Dereck Kutesa,Reims,Ligue 1,2021,MF,MF,687.0,MF-1,Advanced attacking midfielders
El Bilal Touré,Reims,Ligue 1,2021,FW,"FW,MF",1245.0,FW-0,Low involvement centre forwards
Ghislain Konan,Reims,Ligue 1,2021,DF,DF,2613.0,DF-1,Wide attacking defenders
Kaj Sierhuis,Reims,Ligue 1,2021,FW,"FW,MF",652.0,FW-0,Low involvement centre forwards
Marshall Munetsi,Reims,Ligue 1,2021,MF,"MF,DF",1928.0,MF-0,Deep ball winning midfielders
Mathieu Cafaro,Reims,Ligue 1,2021,MF,MF,2074.0,MF-1,Advanced attacking midfielders
Moreto Cassamã,Reims,Ligue 1,2021,MF,MF,2031.0,MF-0,Deep ball winning midfielders
Moussa Doumbia,Reims,Ligue 1,2021,MF,MF,899.0,MF-1,Advanced attacking midfielders
Nathanael Mbuku,Reims,Ligue 1,2021,MF,MF,2210.0,MF-1,Advanced attacking midfielders
Thibault De Smet,Reims,Ligue 1,2021,DF,DF,496.0,DF-1,Wide attacking defenders
Thomas Foket,Reims,Ligue 1,2021,DF,DF,3324.0,DF-1,Wide attacking defenders
Valon Berisha,Reims,Ligue 1,2021,MF,MF,1645.0,MF-0,Deep ball winning midfielders
Wout Faes,Reims,Ligue 1,2021,DF,DF,2899.0,DF-0,Deep central defenders
Xavier Chavalerin,Reims,Ligue 1,2021,MF,MF,2547.0,MF-0,Deep ball winning midfielders
Yunis Abdelhamid,Reims,Ligue 1,2021,DF,DF,2889.0,DF-0,Deep central defenders
Adrien Hunou,Rennes,Ligue 1,2021,FW,"FW,MF",589.0,FW-0,Low involvement centre forwards
Adrien Truffert,Rennes,Ligue 1,2021,DF,"DF,MF",1951.0,DF-1,Wide attacking defenders
Benjamin Bourigeaud,Rennes,Ligue 1,2021,MF,"MF,FW",2552.0,MF-1,Advanced attacking midfielders
Brandon Soppy,Rennes,Ligue 1,2021,DF,DF,559.0,DF-1,Wide attacking defenders
Clément Grenier,Rennes,Ligue 1,2021,MF,"MF,FW",1078.0,MF-1,Advanced attacking midfielders
Damien Da Silva,Rennes,Ligue 1,2021,DF,DF,2661.0,DF-0,Deep central defenders
Eduardo Camavinga,Rennes,Ligue 1,2021,MF,MF,2402.0,MF-0,Deep ball winning midfielders
Faitout Maouassa,Rennes,Ligue 1,2021,DF,DF,1170.0,DF-1,Wide attacking defenders
Flavien Tait,Rennes,Ligue 1,2021,MF,MF,1368.0,MF-1,Advanced attacking midfielders
Gerzino Nyamsi,Rennes,Ligue 1,2021,DF,DF,871.0,DF-0,Deep central defenders
Hamari Traoré,Rennes,Ligue 1,2021,DF,DF,3000.0,DF-1,Wide attacking defenders
Jeremy Doku,Rennes,Ligue 1,2021,MF,"MF,FW",2313.0,MF-1,Advanced attacking midfielders
Jonas Martin,Rennes,Ligue 1,2021,MF,MF,482.0,MF-0,Deep ball winning midfielders
Martin Terrier,Rennes,Ligue 1,2021,FW,"FW,MF",2436.0,FW-0,Low involvement centre forwards
Nayef Aguerd,Rennes,Ligue 1,2021,DF,DF,3147.0,DF-0,Deep central defenders
Romain Del Castillo,Rennes,Ligue 1,2021,MF,"MF,FW",652.0,MF-1,Advanced attacking midfielders
Sehrou Guirassy,Rennes,Ligue 1,2021,FW,FW,1764.0,FW-0,Low involvement centre forwards
Steven Nzonzi,Rennes,Ligue 1,2021,MF,MF,2908.0,MF-0,Deep ball winning midfielders
Adil Aouchiche,Saint-Étienne,Ligue 1,2021,MF,"MF,FW",1731.0,MF-1,Advanced attacking midfielders
Aimen Moueffek,Saint-Étienne,Ligue 1,2021,DF,"DF,MF",743.0,DF-1,Wide attacking defenders
Arnaud Nordin,Saint-Étienne,Ligue 1,2021,MF,"MF,FW",1771.0,MF-1,Advanced attacking midfielders
Charles Abi,Saint-Étienne,Ligue 1,2021,FW,"FW,MF",912.0,FW-0,Low involvement centre forwards
Denis Bouanga,Saint-Étienne,Ligue 1,2021,MF,"MF,FW",2720.0,MF-1,Advanced attacking midfielders
Harold Moukoudi,Saint-Étienne,Ligue 1,2021,DF,DF,2276.0,DF-0,Deep central defenders
Kévin Monnet-Paquet,Saint-Étienne,Ligue 1,2021,MF,"MF,DF",564.0,MF-1,Advanced attacking midfielders
Lucas Gourna-Douath,Saint-Étienne,Ligue 1,2021,MF,MF,1327.0,MF-0,Deep ball winning midfielders
Mahdi Camara,Saint-Étienne,Ligue 1,2021,MF,"MF,DF",3290.0,MF-0,Deep ball winning midfielders
Mathieu Debuchy,Saint-Étienne,Ligue 1,2021,DF,DF,2103.0,DF-1,Wide attacking defenders
Miguel Trauco,Saint-Étienne,Ligue 1,2021,DF,DF,2035.0,DF-1,Wide attacking defenders
Nelson Sissoko,Saint-Étienne,Ligue 1,2021,DF,DF,474.0,DF-1,Wide attacking defenders
Pape Abou Cisse,Saint-Étienne,Ligue 1,2021,DF,DF,1260.0,DF-0,Deep central defenders
Romain Hamouma,Saint-Étienne,Ligue 1,2021,FW,"FW,MF",1769.0,FW-1,Creating and carrying forwards
Ryad Boudebouz,Saint-Étienne,Ligue 1,2021,MF,"MF,FW",651.0,MF-1,Advanced attacking midfielders
Saidou Sow,Saint-Étienne,Ligue 1,2021,DF,DF,1000.0,DF-0,Deep central defenders
Timothée Kolodziejczak,Saint-Étienne,Ligue 1,2021,DF,DF,2036.0,DF-0,Deep central defenders
Wahbi Khazri,Saint-Étienne,Ligue 1,2021,FW,"FW,MF",1181.0,FW-1,Creating and carrying forwards
Yvan Neyou,Saint-Étienne,Ligue 1,2021,MF,MF,2438.0,MF-0,Deep ball winning midfielders
Yvann Macon,Saint-Étienne,Ligue 1,2021,DF,DF,539.0,DF-1,Wide attacking defenders
Zaydou Youssouf,Saint-Étienne,Ligue 1,2021,MF,MF,1229.0,MF-0,Deep ball winning midfielders
Abdul Majeed Waris,Strasbourg,Ligue 1,2021,MF,"MF,FW",552.0,MF-1,Advanced attacking midfielders
Adrien Thomasson,Strasbourg,Ligue 1,2021,MF,"MF,FW",2624.0,MF-1,Advanced attacking midfielders
Alexander Djiku,Strasbourg,Ligue 1,2021,DF,"DF,MF",2552.0,DF-0,Deep central defenders
Anthony Caci,Strasbourg,Ligue 1,2021,DF,DF,2797.0,DF-1,Wide attacking defenders
Dimitri Liénard,Strasbourg,Ligue 1,2021,MF,MF,1829.0,MF-1,Advanced attacking midfielders
Frederic Guilbert,Strasbourg,Ligue 1,2021,DF,DF,1114.0,DF-1,Wide attacking defenders
Habib Diallo,Strasbourg,Ligue 1,2021,FW,"FW,MF",2322.0,FW-0,Low involvement centre forwards
Ibrahima Sissoko,Strasbourg,Ligue 1,2021,MF,MF,2581.0,MF-0,Deep ball winning midfielders
Jean-Eudes Aholou,Strasbourg,Ligue 1,2021,MF,MF,2146.0,MF-0,Deep ball winning midfielders
Jean-Ricner Bellegarde,Strasbourg,Ligue 1,2021,MF,MF,2086.0,MF-1,Advanced attacking midfielders
Kenny Lala,Strasbourg,Ligue 1,2021,DF,"DF,MF",1834.0,DF-1,Wide attacking defenders
Lamine Koné,Strasbourg,Ligue 1,2021,DF,DF,1042.0,DF-0,Deep central defenders
Lionel Carole,Strasbourg,Ligue 1,2021,DF,DF,1342.0,DF-1,Wide attacking defenders
Ludovic Ajorque,Strasbourg,Ligue 1,2021,FW,FW,2967.0,FW-0,Low involvement centre forwards
Mehdi Chahiri,Strasbourg,Ligue 1,2021,MF,"MF,FW",801.0,MF-1,Advanced attacking midfielders
Mohamed Simakan,Strasbourg,Ligue 1,2021,DF,DF,1615.0,DF-0,Deep central defenders
Stefan Mitrović,Strasbourg,Ligue 1,2021,DF,DF,2784.0,DF-0,Deep central defenders
Ainsley Maitland-Niles,Arsenal,Premier League,2021,MF,"MF,DF",490.0,MF-0,Deep ball winning midfielders
Alexandre Lacazette,Arsenal,Premier League,2021,FW,FW,1923.0,FW-0,Low involvement centre forwards
Bukayo Saka,Arsenal,Premier League,2021,MF,MF,2553.0,MF-1,Advanced attacking midfielders
Calum Chambers,Arsenal,Premier League,2021,DF,DF,753.0,DF-1,Wide attacking defenders
Cédric Soares,Arsenal,Premier League,2021,DF,DF,746.0,DF-1,Wide attacking defenders
Dani Ceballos,Arsenal,Premier League,2021,MF,MF,1615.0,MF-0,Deep ball winning midfielders
David Luiz,Arsenal,Premier League,2021,DF,DF,1396.0,DF-0,Deep central defenders
Emile Smith Rowe,Arsenal,Premier League,2021,MF,MF,1440.0,MF-1,Advanced attacking midfielders
Gabriel Dos Santos,Arsenal,Premier League,2021,DF,DF,1996.0,DF-0,Deep central defenders
Granit Xhaka,Arsenal,Premier League,2021,MF,"MF,DF",2522.0,MF-0,Deep ball winning midfielders
Héctor Bellerín,Arsenal,Premier League,2021,DF,"DF,MF",2089.0,DF-1,Wide attacking defenders
Kieran Tierney,Arsenal,Premier League,2021,DF,DF,2299.0,DF-1,Wide attacking defenders
Martin Ødegaard,Arsenal,Premier League,2021,MF,MF,866.0,MF-1,Advanced attacking midfielders
Martinelli,Arsenal,Premier League,2021,MF,"MF,FW",589.0,MF-1,Advanced attacking midfielders
Mohamed Elneny,Arsenal,Premier League,2021,MF,MF,1544.0,MF-0,Deep ball winning midfielders
Nicolas Pépé,Arsenal,Premier League,2021,MF,"MF,FW",1616.0,MF-1,Advanced attacking midfielders
Pablo Marí,Arsenal,Premier League,2021,DF,DF,900.0,DF-0,Deep central defenders
Pierre-Emerick Aubameyang,Arsenal,Premier League,2021,FW,"FW,MF",2332.0,FW-0,Low involvement centre forwards
Rob Holding,Arsenal,Premier League,2021,DF,DF,2558.0,DF-0,Deep central defenders
Thomas Partey,Arsenal,Premier League,2021,MF,MF,1534.0,MF-0,Deep ball winning midfielders
Willian,Arsenal,Premier League,2021,MF,"MF,FW",1406.0,MF-1,Advanced attacking midfielders
Ahmed Elmohamady,Aston Villa,Premier League,2021,DF,DF,839.0,DF-1,Wide attacking defenders
Anwar El Ghazi,Aston Villa,Premier League,2021,MF,"MF,FW",1613.0,MF-1,Advanced attacking midfielders
Bertrand Traoré,Aston Villa,Premier League,2021,MF,"MF,FW",2317.0,MF-1,Advanced attacking midfielders
Douglas Luiz,Aston Villa,Premier League,2021,MF,MF,2781.0,MF-0,Deep ball winning midfielders
Ezri Konsa,Aston Villa,Premier League,2021,DF,DF,3196.0,DF-0,Deep central defenders
Jack Grealish,Aston Villa,Premier League,2021,MF,"MF,FW",2185.0,MF-1,Advanced attacking midfielders
Jacob Ramsey,Aston Villa,Premier League,2021,MF,MF,626.0,MF-0,Deep ball winning midfielders
John McGinn,Aston Villa,Premier League,2021,MF,MF,3330.0,MF-0,Deep ball winning midfielders
Kortney Hause,Aston Villa,Premier League,2021,DF,DF,630.0,DF-0,Deep central defenders
Marvelous Nakamba,Aston Villa,Premier League,2021,MF,MF,749.0,MF-0,Deep ball winning midfielders
Matt Targett,Aston Villa,Premier League,2021,DF,DF,3404.0,DF-1,Wide attacking defenders
Matty Cash,Aston Villa,Premier League,2021,DF,DF,2372.0,DF-1,Wide attacking defenders
Ollie Watkins,Aston Villa,Premier League,2021,FW,FW,3328.0,FW-0,Low involvement centre forwards
Ross Barkley,Aston Villa,Premier League,2021,MF,MF,1531.0,MF-1,Advanced attacking midfielders
Trézéguet,Aston Villa,Premier League,2021,MF,"MF,FW",1166.0,MF-1,Advanced attacking midfielders
Tyrone Mings,Aston Villa,Premier League,2021,DF,DF,3194.0,DF-0,Deep central defenders
Aaron Connolly,Brighton,Premier League,2021,FW,"FW,MF",791.0,FW-0,Low involvement centre forwards
Adam Lallana,Brighton,Premier League,2021,MF,"MF,FW",1596.0,MF-1,Advanced attacking midfielders
Adam Webster,Brighton,Premier League,2021,DF,DF,2594.0,DF-0,Deep central defenders
Alexis Mac Allister,Brighton,Premier League,2021,MF,"MF,FW",1115.0,MF-1,Advanced attacking midfielders
Alireza Jahanbakhsh,Brighton,Premier League,2021,FW,"FW,MF",528.0,FW-1,Creating and carrying forwards
Ben White,Brighton,Premier League,2021,DF,"DF,MF",3191.0,DF-0,Deep central defenders
Dan Burn,Brighton,Premier League,2021,DF,DF,2061.0,DF-1,Wide attacking defenders
Danny Welbeck,Brighton,Premier League,2021,FW,FW,1545.0,FW-0,Low involvement centre forwards
Jakub Moder,Brighton,Premier League,2021,DF,"DF,MF",647.0,DF-1,Wide attacking defenders
Joël Veltman,Brighton,Premier League,2021,DF,DF,2281.0,DF-1,Wide attacking defenders
Leandro Trossard,Brighton,Premier League,2021,MF,"MF,FW",2607.0,MF-1,Advanced attacking midfielders
Lewis Dunk,Brighton,Premier League,2021,DF,DF,2931.0,DF-0,Deep central defenders
Neal Maupay,Brighton,Premier League,2021,FW,"FW,MF",2512.0,FW-0,Low involvement centre forwards
Pascal Groß,Brighton,Premier League,2021,MF,"MF,DF",2484.0,MF-1,Advanced attacking midfielders
Solly March,Brighton,Premier League,2021,DF,"DF,MF",1672.0,DF-1,Wide attacking defenders
Steven Alzate,Brighton,Premier League,2021,MF,MF,896.0,MF-0,Deep ball winning midfielders
Tariq Lamptey,Brighton,Premier League,2021,DF,"DF,MF",886.0,DF-1,Wide attacking defenders
Yves Bissouma,Brighton,Premier League,2021,MF,MF,3111.0,MF-0,Deep ball winning midfielders
Ashley Barnes,Burnley,Premier League,2021,FW,FW,1331.0,FW-0,Low involvement centre forwards
Ashley Westwood,Burnley,Premier League,2021,MF,MF,3410.0,MF-0,Deep ball winning midfielders
Ben Mee,Burnley,Premier League,2021,DF,DF,2693.0,DF-0,Deep central defenders
Charlie Taylor,Burnley,Premier League,2021,DF,DF,2426.0,DF-1,Wide attacking defenders
Chris Wood,Burnley,Premier League,2021,FW,FW,2741.0,FW-0,Low involvement centre forwards
Dwight McNeil,Burnley,Premier League,2021,MF,MF,3069.0,MF-1,Advanced attacking midfielders
Erik Pieters,Burnley,Premier League,2021,DF,"DF,MF",1266.0,DF-1,Wide attacking defenders
Jack Cork,Burnley,Premier League,2021,MF,MF,1350.0,MF-0,Deep ball winning midfielders
James Tarkowski,Burnley,Premier League,2021,DF,DF,3240.0,DF-0,Deep central defenders
Jay Rodriguez,Burnley,Premier League,2021,FW,FW,1265.0,FW-0,Low involvement centre forwards
Josh Brownhill,Burnley,Premier League,2021,MF,MF,2813.0,MF-0,Deep ball winning midfielders
Jóhann Berg Guðmundsson,Burnley,Premier League,2021,MF,MF,1363.0,MF-1,Advanced attacking midfielders
Kevin Long,Burnley,Premier League,2021,DF,DF,637.0,DF-0,Deep central defenders
Matthew Lowton,Burnley,Premier League,2021,DF,DF,3060.0,DF-1,Wide attacking defenders
Matěj Vydra,Burnley,Premier League,2021,FW,FW,1371.0,FW-0,Low involvement centre forwards
Robbie Brady,Burnley,Premier League,2021,MF,MF,1052.0,MF-0,Deep ball winning midfielders
Andreas Christensen,Chelsea,Premier League,2021,DF,DF,1371.0,DF-0,Deep central defenders
Antonio Rüdiger,Chelsea,Premier League,2021,DF,DF,1710.0,DF-0,Deep central defenders
Ben Chilwell,Chelsea,Premier League,2021,DF,DF,2286.0,DF-1,Wide attacking defenders
Callum Hudson-Odoi,Chelsea,Premier League,2021,MF,"MF,DF",1059.0,MF-1,Advanced attacking midfielders
Christian Pulisic,Chelsea,Premier League,2021,MF,"MF,FW",1738.0,MF-1,Advanced attacking midfielders
César Azpilicueta,Chelsea,Premier League,2021,DF,DF,2188.0,DF-1,Wide attacking defenders
Hakim Ziyech,Chelsea,Premier League,2021,MF,"MF,FW",1172.0,MF-1,Advanced attacking midfielders
Jorginho,Chelsea,Premier League,2021,MF,MF,2010.0,MF-0,Deep ball winning midfielders
Kai Havertz,Chelsea,Premier League,2021,MF,"MF,FW",1520.0,MF-1,Advanced attacking midfielders
Kurt Zouma,Chelsea,Premier League,2021,DF,DF,2029.0,DF-0,Deep central defenders
Marcos Alonso,Chelsea,Premier League,2021,DF,DF,960.0,DF-1,Wide attacking defenders
Mason Mount,Chelsea,Premier League,2021,MF,MF,2890.0,MF-1,Advanced attacking midfielders
Mateo Kovačić,Chelsea,Premier League,2021,MF,MF,1815.0,MF-0,Deep ball winning midfielders
N'Golo Kanté,Chelsea,Premier League,2021,MF,MF,2146.0,MF-0,Deep ball winning midfielders
Olivier Giroud,Chelsea,Premier League,2021,FW,FW,748.0,FW-0,Low involvement centre forwards
Reece James,Chelsea,Premier League,2021,DF,DF,2373.0,DF-1,Wide attacking defenders
Tammy Abraham,Chelsea,Premier League,2021,FW,FW,1040.0,FW-0,Low involvement centre forwards
Thiago Silva,Chelsea,Premier League,2021,DF,DF,1935.0,DF-0,Deep central defenders
Timo Werner,Chelsea,Premier League,2021,FW,"FW,MF",2602.0,FW-1,Creating and carrying forwards
Andros Townsend,Crystal Palace,Premier League,2021,MF,"MF,FW",2258.0,MF-1,Advanced attacking midfielders
Cheikhou Kouyaté,Crystal Palace,Premier League,2021,DF,DF,3121.0,DF-0,Deep central defenders
Christian Benteke,Crystal Palace,Premier League,2021,FW,FW,1816.0,FW-0,Low involvement centre forwards
Eberechi Eze,Crystal Palace,Premier League,2021,MF,MF,2559.0,MF-1,Advanced attacking midfielders
Gary Cahill,Crystal Palace,Premier League,2021,DF,DF,1800.0,DF-0,Deep central defenders
James McArthur,Crystal Palace,Premier League,2021,MF,MF,1466.0,MF-0,Deep ball winning midfielders
James McCarthy,Crystal Palace,Premier League,2021,MF,MF,821.0,MF-0,Deep ball winning midfielders
James Tomkins,Crystal Palace,Premier League,2021,DF,DF,553.0,DF-0,Deep central defenders
Jaïro Riedewald,Crystal Palace,Premier League,2021,MF,MF,1820.0,MF-0,Deep ball winning midfielders
Jeffrey Schlupp,Crystal Palace,Premier League,2021,MF,MF,1428.0,MF-1,Advanced attacking midfielders
Joel Ward,Crystal Palace,Premier League,2021,DF,DF,2256.0,DF-0,Deep central defenders
Jordan Ayew,Crystal Palace,Premier League,2021,FW,"FW,MF",2096.0,FW-0,Low involvement centre forwards
Luka Milivojević,Crystal Palace,Premier League,2021,MF,MF,2359.0,MF-0,Deep ball winning midfielders
Michy Batshuayi,Crystal Palace,Premier League,2021,FW,FW,728.0,FW-0,Low involvement centre forwards
Nathaniel Clyne,Crystal Palace,Premier League,2021,DF,DF,1145.0,DF-1,Wide attacking defenders
Patrick van Aanholt,Crystal Palace,Premier League,2021,DF,DF,1777.0,DF-1,Wide attacking defenders
Scott Dann,Crystal Palace,Premier League,2021,DF,DF,1350.0,DF-0,Deep central defenders
Tyrick Mitchell,Crystal Palace,Premier League,2021,DF,DF,1710.0,DF-1,Wide attacking defenders
Wilfried Zaha,Crystal Palace,Premier League,2021,FW,FW,2612.0,FW-1,Creating and carrying forwards
Abdoulaye Doucouré,Everton,Premier League,2021,MF,MF,2443.0,MF-0,Deep ball winning midfielders
Alex Iwobi,Everton,Premier League,2021,MF,"MF,FW",1542.0,MF-1,Advanced attacking midfielders
Allan,Everton,Premier League,2021,MF,MF,2051.0,MF-0,Deep ball winning midfielders
André Gomes,Everton,Premier League,2021,MF,MF,1570.0,MF-0,Deep ball winning midfielders
Ben Godfrey,Everton,Premier League,2021,DF,DF,2685.0,DF-0,Deep central defenders
Bernard,Everton,Premier League,2021,MF,"MF,FW",455.0,MF-1,Advanced attacking midfielders
Dominic Calvert-Lewin,Everton,Premier League,2021,FW,FW,2871.0,FW-0,Low involvement centre forwards
Gylfi Sigurðsson,Everton,Premier League,2021,MF,MF,2253.0,MF-1,Advanced attacking midfielders
James Rodríguez,Everton,Premier League,2021,FW,"FW,MF",1764.0,FW-1,Creating and carrying forwards
Lucas Digne,Everton,Premier League,2021,DF,"DF,MF",2681.0,DF-1,Wide attacking defenders
Mason Holgate,Everton,Premier League,2021,DF,DF,2287.0,DF-0,Deep central defenders
Michael Keane,Everton,Premier League,2021,DF,DF,2991.0,DF-0,Deep central defenders
Richarlison,Everton,Premier League,2021,FW,"FW,MF",2861.0,FW-0,Low involvement centre forwards
Séamus Coleman,Everton,Premier League,2021,DF,"DF,MF",1613.0,DF-1,Wide attacking defenders
Tom Davies,Everton,Premier League,2021,MF,MF,1423.0,MF-0,Deep ball winning midfielders
Yerry Mina,Everton,Premier League,2021,DF,DF,1937.0,DF-0,Deep central defenders
Ademola Lookman,Fulham,Premier League,2021,MF,"MF,FW",2747.0,MF-1,Advanced attacking midfielders
Aleksandar Mitrović,Fulham,Premier League,2021,FW,FW,1402.0,FW-0,Low involvement centre forwards
Andre-Frank Zambo Anguissa,Fulham,Premier League,2021,MF,MF,2587.0,MF-0,Deep ball winning midfielders
Antonee Robinson,Fulham,Premier League,2021,DF,DF,2162.0,DF-1,Wide attacking defenders
Bobby Reid,Fulham,Premier League,2021,MF,"MF,DF",2372.0,MF-1,Advanced attacking midfielders
Harrison Reed,Fulham,Premier League,2021,MF,MF,2247.0,MF-0,Deep ball winning midfielders
Ivan Cavaleiro,Fulham,Premier League,2021,FW,"FW,MF",2472.0,FW-1,Creating and carrying forwards
Joachim Andersen,Fulham,Premier League,2021,DF,DF,2730.0,DF-0,Deep central defenders
Joe Bryan,Fulham,Premier League,2021,DF,"DF,MF",669.0,DF-1,Wide attacking defenders
Josh Maja,Fulham,Premier League,2021,FW,FW,810.0,FW-0,Low involvement centre forwards
Kenny Tete,Fulham,Premier League,2021,DF,"DF,MF",1481.0,DF-1,Wide attacking defenders
Mario Lemina,Fulham,Premier League,2021,MF,MF,1703.0,MF-0,Deep ball winning midfielders
Ola Aina,Fulham,Premier League,2021,DF,DF,2664.0,DF-0,Deep central defenders
Ruben Loftus-Cheek,Fulham,Premier League,2021,MF,"MF,FW",1909.0,MF-1,Advanced attacking midfielders
Tim Ream,Fulham,Premier League,2021,DF,DF,630.0,DF-0,Deep central defenders
Tom Cairney,Fulham,Premier League,2021,MF,MF,759.0,MF-1,Advanced attacking midfielders
Tosin Adarabioyo,Fulham,Premier League,2021,DF,DF,2953.0,DF-0,Deep central defenders
Diego Llorente,Leeds United,Premier League,2021,DF,DF,1204.0,DF-0,Deep central defenders
Ezgjan Alioski,Leeds United,Premier League,2021,DF,"DF,MF",2461.0,DF-1,Wide attacking defenders
Hélder Costa,Leeds United,Premier League,2021,MF,"MF,FW",1156.0,MF-1,Advanced attacking midfielders
Jack Harrison,Leeds United,Premier League,2021,MF,"MF,FW",2847.0,MF-1,Advanced attacking midfielders
Jamie Shackleton,Leeds United,Premier League,2021,MF,"MF,DF",461.0,MF-0,Deep ball winning midfielders
Kalvin Phillips,Leeds United,Premier League,2021,MF,MF,2428.0,MF-0,Deep ball winning midfielders
Liam Cooper,Leeds United,Premier League,2021,DF,DF,2185.0,DF-0,Deep central defenders
Luke Ayling,Leeds United,Premier League,2021,DF,DF,3399.0,DF-1,Wide attacking defenders
Mateusz Klich,Leeds United,Premier League,2021,MF,MF,2393.0,MF-1,Advanced attacking midfielders
Pascal Struijk,Leeds United,Premier League,2021,DF,"DF,MF",2075.0,DF-0,Deep central defenders
Patrick Bamford,Leeds United,Premier League,2021,FW,FW,3050.0,FW-0,Low involvement centre forwards
Raphinha,Leeds United,Premier League,2021,MF,"MF,FW",2360.0,MF-1,Advanced attacking midfielders
Robin Koch,Leeds United,Premier League,2021,DF,"DF,MF",1132.0,DF-0,Deep central defenders
Rodrigo,Leeds United,Premier League,2021,MF,"MF,FW",1288.0,MF-1,Advanced attacking midfielders
Stuart Dallas,Leeds United,Premier League,2021,MF,"MF,DF",3409.0,MF-0,Deep ball winning midfielders
Tyler Roberts,Leeds United,Premier League,2021,MF,"MF,FW",1340.0,MF-1,Advanced attacking midfielders
Ayoze Pérez,Leicester City,Premier League,2021,MF,"MF,FW",1331.0,MF-1,Advanced attacking midfielders
Christian Fuchs,Leicester City,Premier League,2021,DF,DF,702.0,DF-0,Deep central defenders
Daniel Amartey,Leicester City,Premier League,2021,DF,DF,722.0,DF-0,Deep central defenders
Dennis Praet,Leicester City,Premier League,2021,MF,MF,718.0,MF-1,Advanced attacking midfielders
Harvey Barnes,Leicester City,Premier League,2021,MF,MF,1945.0,MF-1,Advanced attacking midfielders
James Justin,Leicester City,Premier League,2021,DF,DF,2070.0,DF-1,Wide attacking defenders
James Maddison,Leicester City,Premier League,2021,MF,MF,2099.0,MF-1,Advanced attacking midfielders
Jamie Vardy,Leicester City,Premier League,2021,FW,FW,2840.0,FW-0,Low involvement centre forwards
Jonny Evans,Leicester City,Premier League,2021,DF,DF,2473.0,DF-0,Deep central defenders
Kelechi Iheanacho,Leicester City,Premier League,2021,FW,FW,1459.0,FW-1,Creating and carrying forwards
Luke Thomas,Leicester City,Premier League,2021,DF,DF,969.0,DF-1,Wide attacking defenders
Marc Albrighton,Leicester City,Premier League,2021,MF,"MF,DF",1746.0,MF-1,Advanced attacking midfielders
Nampalys Mendy,Leicester City,Premier League,2021,MF,MF,1459.0,MF-0,Deep ball winning midfielders
Ricardo Pereira,Leicester City,Premier League,2021,DF,"DF,FW",959.0,DF-1,Wide attacking defenders
Timothy Castagne,Leicester City,Premier League,2021,DF,DF,2345.0,DF-1,Wide attacking defenders
Wesley Fofana,Leicester City,Premier League,2021,DF,DF,2262.0,DF-0,Deep central defenders
Wilfred Ndidi,Leicester City,Premier League,2021,MF,"MF,DF",2176.0,MF-0,Deep ball winning midfielders
Youri Tielemans,Leicester City,Premier League,2021,MF,MF,3357.0,MF-0,Deep ball winning midfielders
Çağlar Söyüncü,Leicester City,Premier League,2021,DF,DF,1819.0,DF-0,Deep central defenders
Andrew Robertson,Liverpool,Premier League,2021,DF,DF,3383.0,DF-1,Wide attacking defenders
Curtis Jones,Liverpool,Premier League,2021,MF,MF,1179.0,MF-1,Advanced attacking midfielders
Diogo Jota,Liverpool,Premier League,2021,FW,"FW,MF",1112.0,FW-1,Creating and carrying forwards
Fabinho,Liverpool,Premier League,2021,DF,"DF,MF",2567.0,DF-0,Deep central defenders
Georginio Wijnaldum,Liverpool,Premier League,2021,MF,MF,2941.0,MF-0,Deep ball winning midfielders
James Milner,Liverpool,Premier League,2021,MF,"MF,DF",1070.0,MF-0,Deep ball winning midfielders
Joe Gomez,Liverpool,Premier League,2021,DF,DF,590.0,DF-0,Deep central defenders
Jordan Henderson,Liverpool,Premier League,2021,MF,"MF,DF",1704.0,MF-0,Deep ball winning midfielders
Joël Matip,Liverpool,Premier League,2021,DF,DF,691.0,DF-0,Deep central defenders
Mohamed Salah,Liverpool,Premier League,2021,FW,FW,3078.0,FW-1,Creating and carrying forwards
Naby Keïta,Liverpool,Premier League,2021,MF,MF,520.0,MF-0,Deep ball winning midfielders
Nathaniel Phillips,Liverpool,Premier League,2021,DF,DF,1456.0,DF-0,Deep central defenders
Ozan Kabak,Liverpool,Premier League,2021,DF,DF,801.0,DF-0,Deep central defenders
Rhys Williams,Liverpool,Premier League,2021,DF,DF,661.0,DF-0,Deep central defenders
Roberto Firmino,Liverpool,Premier League,2021,FW,FW,2838.0,FW-1,Creating and carrying forwards
Sadio Mané,Liverpool,Premier League,2021,FW,"FW,MF",2810.0,FW-1,Creating and carrying forwards
Thiago Alcántara,Liverpool,Premier League,2021,MF,MF,1854.0,MF-0,Deep ball winning midfielders
Trent Alexander-Arnold,Liverpool,Premier League,2021,DF,DF,3031.0,DF-1,Wide attacking defenders
Xherdan Shaqiri,Liverpool,Premier League,2021,MF,"MF,FW",556.0,MF-1,Advanced attacking midfielders
Aymeric Laporte,Manchester City,Premier League,2021,DF,DF,1344.0,DF-0,Deep central defenders
Benjamin Mendy,Manchester City,Premier League,2021,DF,DF,953.0,DF-1,Wide attacking defenders
Bernardo Silva,Manchester City,Premier League,2021,MF,"MF,FW",2065.0,MF-1,Advanced attacking midfielders
Fernandinho,Manchester City,Premier League,2021,MF,MF,1188.0,MF-0,Deep ball winning midfielders
Ferrán Torres,Manchester City,Premier League,2021,FW,"FW,MF",1306.0,FW-1,Creating and carrying forwards
Gabriel Jesus,Manchester City,Premier League,2021,FW,FW,2063.0,FW-1,Creating and carrying forwards
John Stones,Manchester City,Premier League,2021,DF,DF,1933.0,DF-0,Deep central defenders
João Cancelo,Manchester City,Premier League,2021,DF,"DF,MF",2299.0,DF-1,Wide attacking defenders
Kevin De Bruyne,Manchester City,Premier League,2021,MF,MF,1997.0,MF-1,Advanced attacking midfielders
Kyle Walker,Manchester City,Premier League,2021,DF,DF,1946.0,DF-1,Wide attacking defenders
Nathan Aké,Manchester City,Premier League,2021,DF,DF,797.0,DF-0,Deep central defenders
Oleksandr Zinchenko,Manchester City,Premier League,2021,DF,DF,1478.0,DF-1,Wide attacking defenders
Phil Foden,Manchester City,Premier League,2021,FW,"FW,MF",1616.0,FW-1,Creating and carrying forwards
Raheem Sterling,Manchester City,Premier League,2021,FW,"FW,MF",2536.0,FW-1,Creating and carrying forwards
Riyad Mahrez,Manchester City,Premier League,2021,FW,"FW,MF",1949.0,FW-1,Creating and carrying forwards
Rodri,Manchester City,Premier League,2021,MF,MF,2748.0,MF-0,Deep ball winning midfielders
Rúben Dias,Manchester City,Premier League,2021,DF,DF,2843.0,DF-0,Deep central defenders
Sergio Agüero,Manchester City,Premier League,2021,FW,FW,559.0,FW-0,Low involvement centre forwards
İlkay Gündoğan,Manchester City,Premier League,2021,MF,MF,2029.0,MF-1,Advanced attacking midfielders
Aaron Wan-Bissaka,Manchester Utd,Premier League,2021,DF,DF,3060.0,DF-1,Wide attacking defenders
Alex Telles,Manchester Utd,Premier League,2021,DF,DF,690.0,DF-1,Wide attacking defenders
Anthony Martial,Manchester Utd,Premier League,2021,FW,"FW,MF",1480.0,FW-0,Low involvement centre forwards
Bruno Fernandes,Manchester Utd,Premier League,2021,MF,MF,3099.0,MF-1,Advanced attacking midfielders
Daniel James,Manchester Utd,Premier League,2021,MF,MF,910.0,MF-1,Advanced attacking midfielders
Donny van de Beek,Manchester Utd,Premier League,2021,MF,MF,524.0,MF-0,Deep ball winning midfielders
Edinson Cavani,Manchester Utd,Premier League,2021,FW,FW,1375.0,FW-0,Low involvement centre forwards
Eric Bailly,Manchester Utd,Premier League,2021,DF,DF,916.0,DF-0,Deep central defenders
Fred,Manchester Utd,Premier League,2021,MF,MF,2390.0,MF-0,Deep ball winning midfielders
Harry Maguire,Manchester Utd,Premier League,2021,DF,DF,3047.0,DF-0,Deep central defenders
Juan Mata,Manchester Utd,Premier League,2021,MF,MF,509.0,MF-1,Advanced attacking midfielders
Luke Shaw,Manchester Utd,Premier League,2021,DF,DF,2654.0,DF-1,Wide attacking defenders
Marcus Rashford,Manchester Utd,Premier League,2021,MF,"MF,FW",2920.0,MF-1,Advanced attacking midfielders
Mason Greenwood,Manchester Utd,Premier League,2021,MF,"MF,FW",1822.0,MF-1,Advanced attacking midfielders
Nemanja Matić,Manchester Utd,Premier League,2021,MF,MF,1106.0,MF-0,Deep ball winning midfielders
Paul Pogba,Manchester Utd,Premier League,2021,MF,MF,1897.0,MF-0,Deep ball winning midfielders
Scott McTominay,Manchester Utd,Premier League,2021,MF,MF,2129.0,MF-0,Deep ball winning midfielders
Victor Lindelöf,Manchester Utd,Premier League,2021,DF,DF,2585.0,DF-0,Deep central defenders
Allan Saint-Maximin,Newcastle Utd,Premier League,2021,FW,"FW,MF",1560.0,FW-1,Creating and carrying forwards
Callum Wilson,Newcastle Utd,Premier League,2021,FW,FW,2084.0,FW-0,Low involvement centre forwards
Ciaran Clark,Newcastle Utd,Premier League,2021,DF,DF,1891.0,DF-0,Deep central defenders
Dwight Gayle,Newcastle Utd,Premier League,2021,FW,"FW,MF",514.0,FW-0,Low involvement centre forwards
Emil Krafth,Newcastle Utd,Premier League,2021,DF,DF,1288.0,DF-0,Deep central defenders
Fabian Schär,Newcastle Utd,Premier League,2021,DF,DF,1246.0,DF-0,Deep central defenders
Federico Fernández,Newcastle Utd,Premier League,2021,DF,DF,2079.0,DF-0,Deep central defenders
Isaac Hayden,Newcastle Utd,Premier League,2021,MF,"MF,DF",1942.0,MF-0,Deep ball winning midfielders
Jacob Murphy,Newcastle Utd,Premier League,2021,DF,"DF,MF",1626.0,DF-1,Wide attacking defenders
Jamaal Lascelles,Newcastle Utd,Premier League,2021,DF,DF,1625.0,DF-0,Deep central defenders
Jamal Lewis,Newcastle Utd,Premier League,2021,DF,DF,1837.0,DF-1,Wide attacking defenders
Javier Manquillo,Newcastle Utd,Premier League,2021,DF,DF,825.0,DF-1,Wide attacking defenders
Jeff Hendrick,Newcastle Utd,Premier League,2021,MF,MF,1422.0,MF-0,Deep ball winning midfielders
Joe Willock,Newcastle Utd,Premier League,2021,MF,MF,978.0,MF-1,Advanced attacking midfielders
Joelinton,Newcastle Utd,Premier League,2021,FW,"FW,MF",1983.0,FW-0,Low involvement centre forwards
Jonjo Shelvey,Newcastle Utd,Premier League,2021,MF,MF,2617.0,MF-0,Deep ball winning midfielders
Matt Ritchie,Newcastle Utd,Premier League,2021,DF,"DF,MF",1350.0,DF-1,Wide attacking defenders
Miguel Almirón,Newcastle Utd,Premier League,2021,MF,"MF,FW",2429.0,MF-1,Advanced attacking midfielders
Paul Dummett,Newcastle Utd,Premier League,2021,DF,DF,1255.0,DF-0,Deep central defenders
Ryan Fraser,Newcastle Utd,Premier League,2021,FW,"FW,MF",928.0,FW-1,Creating and carrying forwards
Sean Longstaff,Newcastle Utd,Premier League,2021,MF,MF,1412.0,MF-0,Deep ball winning midfielders
Ben Osborn,Sheffield Utd,Premier League,2021,MF,"MF,DF",1604.0,MF-1,Advanced attacking midfielders
Billy Sharp,Sheffield Utd,Premier League,2021,FW,FW,735.0,FW-0,Low involvement centre forwards
Chris Basham,Sheffield Utd,Premier League,2021,DF,"DF,MF",2576.0,DF-0,Deep central defenders
David McGoldrick,Sheffield Utd,Premier League,2021,FW,"FW,MF",2397.0,FW-0,Low involvement centre forwards
Enda Stevens,Sheffield Utd,Premier League,2021,DF,DF,2700.0,DF-1,Wide attacking defenders
Ethan Ampadu,Sheffield Utd,Premier League,2021,DF,"DF,MF",2089.0,DF-0,Deep central defenders
George Baldock,Sheffield Utd,Premier League,2021,DF,DF,2787.0,DF-1,Wide attacking defenders
Jack Robinson,Sheffield Utd,Premier League,2021,DF,DF,877.0,DF-0,Deep central defenders
Jayden Bogle,Sheffield Utd,Premier League,2021,DF,"DF,MF",1110.0,DF-1,Wide attacking defenders
John Egan,Sheffield Utd,Premier League,2021,DF,DF,2629.0,DF-0,Deep central defenders
John Fleck,Sheffield Utd,Premier League,2021,MF,MF,2575.0,MF-0,Deep ball winning midfielders
John Lundstram,Sheffield Utd,Premier League,2021,MF,MF,2032.0,MF-0,Deep ball winning midfielders
Kean Bryan,Sheffield Utd,Premier League,2021,DF,DF,1004.0,DF-0,Deep central defenders
Max Lowe,Sheffield Utd,Premier League,2021,DF,DF,550.0,DF-1,Wide attacking defenders
Oliver Burke,Sheffield Utd,Premier League,2021,FW,FW,1269.0,FW-0,Low involvement centre forwards
Oliver McBurnie,Sheffield Utd,Premier League,2021,FW,FW,1324.0,FW-0,Low involvement centre forwards
Oliver Norwood,Sheffield Utd,Premier League,2021,MF,MF,2220.0,MF-0,Deep ball winning midfielders
Phil Jagielka,Sheffield Utd,Premier League,2021,DF,DF,526.0,DF-0,Deep central defenders
Rhian Brewster,Sheffield Utd,Premier League,2021,FW,"FW,MF",1128.0,FW-0,Low involvement centre forwards
Sander Berge,Sheffield Utd,Premier League,2021,MF,MF,1120.0,MF-0,Deep ball winning midfielders
Che Adams,Southampton,Premier League,2021,FW,FW,2667.0,FW-0,Low involvement centre forwards
Danny Ings,Southampton,Premier League,2021,FW,FW,2173.0,FW-0,Low involvement centre forwards
Ibrahima Diallo,Southampton,Premier League,2021,MF,MF,1020.0,MF-0,Deep ball winning midfielders
Jack Stephens,Southampton,Premier League,2021,DF,DF,1537.0,DF-0,Deep central defenders
James Ward-Prowse,Southampton,Premier League,2021,MF,MF,3420.0,MF-0,Deep ball winning midfielders
Jan Bednarek,Southampton,Premier League,2021,DF,DF,3100.0,DF-0,Deep central defenders
Jannik Vestergaard,Southampton,Premier League,2021,DF,DF,2574.0,DF-0,Deep central defenders
Kyle Walker-Peters,Southampton,Premier League,2021,DF,DF,2645.0,DF-1,Wide attacking defenders
Mohammed Salisu,Southampton,Premier League,2021,DF,DF,844.0,DF-0,Deep central defenders
Moussa Djenepo,Southampton,Premier League,2021,MF,MF,1240.0,MF-0,Deep ball winning midfielders
Nathan Redmond,Southampton,Premier League,2021,MF,"MF,FW",1738.0,MF-1,Advanced attacking midfielders
Nathan Tella,Southampton,Premier League,2021,FW,"FW,MF",745.0,FW-0,Low involvement centre forwards
Oriol Romeu,Southampton,Premier League,2021,MF,MF,1763.0,MF-0,Deep ball winning midfielders
Ryan Bertrand,Southampton,Premier League,2021,DF,DF,2598.0,DF-1,Wide attacking defenders
Stuart Armstrong,Southampton,Premier League,2021,MF,MF,2764.0,MF-1,Advanced attacking midfielders
Takumi Minamino,Southampton,Premier League,2021,MF,MF,711.0,MF-1,Advanced attacking midfielders
Theo Walcott,Southampton,Premier League,2021,MF,"MF,FW",1618.0,MF-1,Advanced attacking midfielders
Ben Davies,Tottenham,Premier League,2021,DF,DF,1346.0,DF-1,Wide attacking defenders
Davinson Sánchez,Tottenham,Premier League,2021,DF,DF,1486.0,DF-0,Deep central defenders
Dele Alli,Tottenham,Premier League,2021,MF,MF,620.0,MF-1,Advanced attacking midfielders
Eric Dier,Tottenham,Premier League,2021,DF,DF,2520.0,DF-0,Deep central defenders
Gareth Bale,Tottenham,Premier League,2021,MF,MF,920.0,MF-1,Advanced attacking midfielders
Giovani Lo Celso,Tottenham,Premier League,2021,MF,MF,945.0,MF-0,Deep ball winning midfielders
Harry Kane,Tottenham,Premier League,2021,FW,FW,3082.0,FW-1,Creating and carrying forwards
Harry Winks,Tottenham,Premier League,2021,MF,MF,861.0,MF-0,Deep ball winning midfielders
Japhet Tanganga,Tottenham,Premier League,2021,DF,DF,487.0,DF-0,Deep central defenders
Joe Rodon,Tottenham,Premier League,2021,DF,DF,733.0,DF-0,Deep central defenders
Lucas Moura,Tottenham,Premier League,2021,MF,"MF,FW",1411.0,MF-1,Advanced attacking midfielders
Matt Doherty,Tottenham,Premier League,2021,DF,DF,1240.0,DF-1,Wide attacking defenders
Moussa Sissoko,Tottenham,Premier League,2021,MF,MF,1585.0,MF-0,Deep ball winning midfielders
Pierre Højbjerg,Tottenham,Premier League,2021,MF,MF,3420.0,MF-0,Deep ball winning midfielders
Serge Aurier,Tottenham,Premier League,2021,DF,DF,1605.0,DF-1,Wide attacking defenders
Sergio Reguilón,Tottenham,Premier League,2021,DF,DF,2244.0,DF-1,Wide attacking defenders
Son Heung-min,Tottenham,Premier League,2021,MF,"MF,FW",3114.0,MF-1,Advanced attacking midfielders
Steven Bergwijn,Tottenham,Premier League,2021,MF,"MF,FW",1208.0,MF-1,Advanced attacking midfielders
Tanguy Ndombele,Tottenham,Premier League,2021,MF,MF,2091.0,MF-0,Deep ball winning midfielders
Toby Alderweireld,Tottenham,Premier League,2021,DF,DF,2240.0,DF-0,Deep central defenders
Érik Lamela,Tottenham,Premier League,2021,MF,"MF,FW",717.0,MF-1,Advanced attacking midfielders
Ainsley Maitland-Niles,West Brom,Premier League,2021,MF,MF,1230.0,MF-0,Deep ball winning midfielders
Branislav Ivanović,West Brom,Premier League,2021,DF,DF,767.0,DF-0,Deep central defenders
Callum Robinson,West Brom,Premier League,2021,FW,"FW,MF",1560.0,FW-0,Low involvement centre forwards
Conor Gallagher,West Brom,Premier League,2021,MF,MF,2531.0,MF-0,Deep ball winning midfielders
Conor Townsend,West Brom,Premier League,2021,DF,DF,2234.0,DF-1,Wide attacking defenders
Dara O'Shea,West Brom,Premier League,2021,DF,DF,2102.0,DF-0,Deep central defenders
Darnell Furlong,West Brom,Premier League,2021,DF,DF,2932.0,DF-1,Wide attacking defenders
Filip Krovinović,West Brom,Premier League,2021,MF,MF,546.0,MF-0,Deep ball winning midfielders
Grady Diangana,West Brom,Premier League,2021,MF,"MF,FW",1235.0,MF-1,Advanced attacking midfielders
Hal Robson-Kanu,West Brom,Premier League,2021,FW,FW,561.0,FW-0,Low involvement centre forwards
Jake Livermore,West Brom,Premier League,2021,MF,MF,1242.0,MF-0,Deep ball winning midfielders
Karlan Grant,West Brom,Premier League,2021,FW,"FW,MF",1127.0,FW-0,Low involvement centre forwards
Kieran Gibbs,West Brom,Premier League,2021,DF,DF,809.0,DF-0,Deep central defenders
Kyle Bartley,West Brom,Premier League,2021,DF,DF,2584.0,DF-0,Deep central defenders
Matheus Pereira,West Brom,Premier League,2021,MF,"MF,FW",2577.0,MF-1,Advanced attacking midfielders
Matt Phillips,West Brom,Premier League,2021,MF,MF,1828.0,MF-1,Advanced attacking midfielders
Mbaye Diagne,West Brom,Premier League,2021,FW,FW,1189.0,FW-0,Low involvement centre forwards
Okay Yokuşlu,West Brom,Premier League,2021,MF,MF,1317.0,MF-0,Deep ball winning midfielders
Robert Snodgrass,West Brom,Premier League,2021,MF,MF,526.0,MF-0,Deep ball winning midfielders
Romaine Sawyers,West Brom,Premier League,2021,MF,MF,1487.0,MF-0,Deep ball winning midfielders
Semi Ajayi,West Brom,Premier League,2021,DF,DF,2780.0,DF-0,Deep central defenders
Aaron Cresswell,West Ham,Premier League,2021,DF,DF,3170.0,DF-1,Wide attacking defenders
Angelo Ogbonna,West Ham,Premier League,2021,DF,DF,2492.0,DF-0,Deep central defenders
Arthur Masuaku,West Ham,Premier League,2021,DF,"DF,MF",1006.0,DF-1,Wide attacking defenders
Ben Johnson,West Ham,Premier League,2021,DF,"DF,MF",523.0,DF-1,Wide attacking defenders
Craig Dawson,West Ham,Premier League,2021,DF,DF,1925.0,DF-0,Deep central defenders
Declan Rice,West Ham,Premier League,2021,MF,MF,2879.0,MF-0,Deep ball winning midfielders
Fabián Balbuena,West Ham,Premier League,2021,DF,DF,1198.0,DF-0,Deep central defenders
Issa Diop,West Ham,Premier League,2021,DF,DF,1381.0,DF-0,Deep central defenders
Jarrod Bowen,West Ham,Premier League,2021,MF,"MF,FW",2562.0,MF-1,Advanced attacking midfielders
Jesse Lingard,West Ham,Premier League,2021,MF,"MF,FW",1421.0,MF-1,Advanced attacking midfielders
Manuel Lanzini,West Ham,Premier League,2021,MF,MF,566.0,MF-1,Advanced attacking midfielders
Mark Noble,West Ham,Premier League,2021,MF,MF,712.0,MF-0,Deep ball winning midfielders
Michail Antonio,West Ham,Premier League,2021,FW,FW,1974.0,FW-0,Low involvement centre forwards
Pablo Fornals,West Ham,Premier League,2021,MF,MF,2572.0,MF-1,Advanced attacking midfielders
Ryan Fredericks,West Ham,Premier League,2021,DF,"DF,MF",569.0,DF-1,Wide attacking defenders
Saïd Benrahma,West Ham,Premier League,2021,MF,MF,1391.0,MF-1,Advanced attacking midfielders
Sébastien Haller,West Ham,Premier League,2021,FW,FW,937.0,FW-0,Low involvement centre forwards
Tomáš Souček,West Ham,Premier League,2021,MF,MF,3419.0,MF-0,Deep ball winning midfielders
Vladimír Coufal,West Ham,Premier League,2021,DF,DF,3054.0,DF-1,Wide attacking defenders
Adama Traoré,Wolves,Premier League,2021,FW,"FW,MF",2649.0,FW-1,Creating and carrying forwards
Conor Coady,Wolves,Premier League,2021,DF,DF,3303.0,DF-0,Deep central defenders
Daniel Podence,Wolves,Premier League,2021,MF,"MF,FW",1661.0,MF-1,Advanced attacking midfielders
Fernando Marçal,Wolves,Premier League,2021,DF,"DF,MF",623.0,DF-0,Deep central defenders
Fábio Silva,Wolves,Premier League,2021,FW,FW,1369.0,FW-0,Low involvement centre forwards
Jonny Castro,Wolves,Premier League,2021,MF,"MF,DF",495.0,MF-0,Deep ball winning midfielders
João Moutinho,Wolves,Premier League,2021,MF,MF,2528.0,MF-0,Deep ball winning midfielders
Ki-Jana Hoever,Wolves,Premier League,2021,DF,"DF,MF",577.0,DF-1,Wide attacking defenders
Leander Dendoncker,Wolves,Premier League,2021,MF,"MF,DF",2503.0,MF-0,Deep ball winning midfielders
Max Kilman,Wolves,Premier League,2021,DF,DF,1310.0,DF-0,Deep central defenders
Nélson Semedo,Wolves,Premier League,2021,DF,"DF,MF",2983.0,DF-1,Wide attacking defenders
Pedro Neto,Wolves,Premier League,2021,MF,"MF,FW",2550.0,MF-1,Advanced attacking midfielders
Rayan Aït Nouri,Wolves,Premier League,2021,DF,DF,1404.0,DF-1,Wide attacking defenders
Raúl Jiménez,Wolves,Premier League,2021,FW,FW,823.0,FW-0,Low involvement centre forwards
Romain Saïss,Wolves,Premier League,2021,DF,DF,2407.0,DF-0,Deep central defenders
Rúben Neves,Wolves,Premier League,2021,MF,MF,2675.0,MF-0,Deep ball winning midfielders
Vitinha,Wolves,Premier League,2021,MF,MF,520.0,MF-1,Advanced attacking midfielders
Willian José,Wolves,Premier League,2021,FW,FW,1110.0,FW-0,Low involvement centre forwards
Willy Boly,Wolves,Premier League,2021,DF,DF,1879.0,DF-0,Deep central defenders
Aleksei Miranchuk,Atalanta,Serie A,2021,MF,"MF,FW",675.0,MF-1,Advanced attacking midfielders
Berat Djimsiti,Atalanta,Serie A,2021,DF,DF,2625.0,DF-0,Deep central defenders
Cristian Romero,Atalanta,Serie A,2021,DF,DF,2545.0,DF-0,Deep central defenders
Duván Zapata,Atalanta,Serie A,2021,FW,FW,2379.0,FW-1,Creating and carrying forwards
Hans Hateboer,Atalanta,Serie A,2021,DF,DF,1762.0,DF-1,Wide attacking defenders
Joakim Mæhle,Atalanta,Serie A,2021,DF,DF,1216.0,DF-1,Wide attacking defenders
Josip Iličić,Atalanta,Serie A,2021,MF,"MF,FW",1526.0,MF-1,Advanced attacking midfielders
José Luis Palomino,Atalanta,Serie A,2021,DF,DF,2428.0,DF-0,Deep central defenders
Luis Muriel,Atalanta,Serie A,2021,FW,"FW,MF",1436.0,FW-1,Creating and carrying forwards
Mario Pašalić,Atalanta,Serie A,2021,MF,MF,1122.0,MF-1,Advanced attacking midfielders
Marten de Roon,Atalanta,Serie A,2021,MF,MF,3021.0,MF-0,Deep ball winning midfielders
Matteo Pessina,Atalanta,Serie A,2021,MF,MF,1645.0,MF-1,Advanced attacking midfielders
Papu Gómez,Atalanta,Serie A,2021,MF,"MF,FW",666.0,MF-1,Advanced attacking midfielders
Rafael Tolói,Atalanta,Serie A,2021,DF,DF,2537.0,DF-1,Wide attacking defenders
Remo Freuler,Atalanta,Serie A,2021,MF,MF,2712.0,MF-0,Deep ball winning midfielders
Robin Gosens,Atalanta,Serie A,2021,DF,DF,2523.0,DF-1,Wide attacking defenders
Ruslan Malinovskyi,Atalanta,Serie A,2021,MF,"MF,FW",1876.0,MF-1,Advanced attacking midfielders
Adolfo Gaich,Benevento,Serie A,2021,FW,FW,768.0,FW-0,Low involvement centre forwards
Alessandro Tuia,Benevento,Serie A,2021,DF,DF,1765.0,DF-0,Deep central defenders
Artur Ioniță,Benevento,Serie A,2021,MF,MF,2835.0,MF-0,Deep ball winning midfielders
Bryan Dabo,Benevento,Serie A,2021,MF,MF,1117.0,MF-0,Deep ball winning midfielders
Daam Foulon,Benevento,Serie A,2021,DF,DF,1021.0,DF-1,Wide attacking defenders
Fabio Depaoli,Benevento,Serie A,2021,DF,DF,1120.0,DF-1,Wide attacking defenders
Federico Barba,Benevento,Serie A,2021,DF,DF,2659.0,DF-0,Deep central defenders
Gaetano Letizia,Benevento,Serie A,2021,DF,DF,1570.0,DF-1,Wide attacking defenders
Gianluca Caprari,Benevento,Serie A,2021,MF,"MF,FW",1865.0,MF-1,Advanced attacking midfielders
Gianluca Lapadula,Benevento,Serie A,2021,FW,FW,2563.0,FW-0,Low involvement centre forwards
Kamil Glik,Benevento,Serie A,2021,DF,DF,3206.0,DF-0,Deep central defenders
Luca Caldirola,Benevento,Serie A,2021,DF,DF,1572.0,DF-0,Deep central defenders
Marco Sau,Benevento,Serie A,2021,MF,"MF,FW",785.0,MF-1,Advanced attacking midfielders
Nicolas Viola,Benevento,Serie A,2021,MF,MF,1036.0,MF-0,Deep ball winning midfielders
Pasquale Schiattarella,Benevento,Serie A,2021,MF,MF,2247.0,MF-0,Deep ball winning midfielders
Përparim Hetemaj,Benevento,Serie A,2021,MF,MF,2212.0,MF-0,Deep ball winning midfielders
Riccardo Improta,Benevento,Serie A,2021,DF,"DF,MF",2335.0,DF-1,Wide attacking defenders
Roberto Insigne,Benevento,Serie A,2021,MF,"MF,FW",1599.0,MF-1,Advanced attacking midfielders
Aaron Hickey,Bologna,Serie A,2021,DF,DF,758.0,DF-1,Wide attacking defenders
Adama Soumaoro,Bologna,Serie A,2021,DF,DF,1755.0,DF-0,Deep central defenders
Andreas Skov Olsen,Bologna,Serie A,2021,MF,"MF,DF",1179.0,MF-1,Advanced attacking midfielders
Danilo Larangeira,Bologna,Serie A,2021,DF,DF,3132.0,DF-0,Deep central defenders
Emanuel Vignato,Bologna,Serie A,2021,MF,"MF,DF",1203.0,MF-1,Advanced attacking midfielders
Gary Medel,Bologna,Serie A,2021,DF,"DF,MF",511.0,DF-0,Deep central defenders
Jerdy Schouten,Bologna,Serie A,2021,MF,MF,2512.0,MF-0,Deep ball winning midfielders
Lorenzo De Silvestri,Bologna,Serie A,2021,DF,DF,2143.0,DF-1,Wide attacking defenders
Mattias Svanberg,Bologna,Serie A,2021,MF,MF,1852.0,MF-0,Deep ball winning midfielders
Mitchell Dijks,Bologna,Serie A,2021,DF,DF,1481.0,DF-1,Wide attacking defenders
Musa Barrow,Bologna,Serie A,2021,MF,"MF,FW",2921.0,MF-1,Advanced attacking midfielders
Nicola Sansone,Bologna,Serie A,2021,MF,MF,1169.0,MF-1,Advanced attacking midfielders
Nicolás Domínguez,Bologna,Serie A,2021,MF,MF,1255.0,MF-0,Deep ball winning midfielders
Riccardo Orsolini,Bologna,Serie A,2021,MF,MF,1755.0,MF-1,Advanced attacking midfielders
Roberto Soriano,Bologna,Serie A,2021,MF,MF,3250.0,MF-1,Advanced attacking midfielders
Rodrigo Palacio,Bologna,Serie A,2021,FW,FW,2502.0,FW-1,Creating and carrying forwards
Takehiro Tomiyasu,Bologna,Serie A,2021,DF,DF,2715.0,DF-0,Deep central defenders
Alessandro Deiola,Cagliari,Serie A,2021,MF,MF,615.0,MF-0,Deep ball winning midfielders
Alfred Duncan,Cagliari,Serie A,2021,MF,MF,1068.0,MF-0,Deep ball winning midfielders
Andrea Carboni,Cagliari,Serie A,2021,DF,DF,1085.0,DF-0,Deep central defenders
Charalambos Lykogiannis,Cagliari,Serie A,2021,DF,DF,2418.0,DF-1,Wide attacking defenders
Daniele Rugani,Cagliari,Serie A,2021,DF,DF,1001.0,DF-0,Deep central defenders
Diego Godín,Cagliari,Serie A,2021,DF,DF,2508.0,DF-0,Deep central defenders
Gabriele Zappa,Cagliari,Serie A,2021,DF,DF,2395.0,DF-1,Wide attacking defenders
Giovanni Simeone,Cagliari,Serie A,2021,FW,FW,1740.0,FW-0,Low involvement centre forwards
João Pedro,Cagliari,Serie A,2021,FW,"FW,MF",3253.0,FW-0,Low involvement centre forwards
Leonardo Pavoletti,Cagliari,Serie A,2021,FW,FW,1584.0,FW-0,Low involvement centre forwards
Luca Ceppitelli,Cagliari,Serie A,2021,DF,DF,1465.0,DF-0,Deep central defenders
Marko Rog,Cagliari,Serie A,2021,MF,MF,1165.0,MF-0,Deep ball winning midfielders
Nahitan Nández,Cagliari,Serie A,2021,MF,"MF,DF",2737.0,MF-1,Advanced attacking midfielders
Radja Nainggolan,Cagliari,Serie A,2021,MF,MF,1841.0,MF-1,Advanced attacking midfielders
Ragnar Klavan,Cagliari,Serie A,2021,DF,DF,770.0,DF-0,Deep central defenders
Riccardo Sottil,Cagliari,Serie A,2021,MF,MF,1184.0,MF-1,Advanced attacking midfielders
Răzvan Marin,Cagliari,Serie A,2021,MF,MF,2965.0,MF-0,Deep ball winning midfielders
Sebastian Walukiewicz,Cagliari,Serie A,2021,DF,DF,1618.0,DF-0,Deep central defenders
Adam Ounas,Crotone,Serie A,2021,FW,"FW,MF",1199.0,FW-1,Creating and carrying forwards
Ahmad Benali,Crotone,Serie A,2021,MF,MF,1214.0,MF-0,Deep ball winning midfielders
Andrea Rispoli,Crotone,Serie A,2021,DF,DF,652.0,DF-1,Wide attacking defenders
Arkadiusz Reca,Crotone,Serie A,2021,DF,DF,2313.0,DF-1,Wide attacking defenders
Eduardo Henrique,Crotone,Serie A,2021,MF,MF,924.0,MF-0,Deep ball winning midfielders
Emmanuel Rivière,Crotone,Serie A,2021,FW,FW,640.0,FW-0,Low involvement centre forwards
Giuseppe Cuomo,Crotone,Serie A,2021,DF,DF,801.0,DF-0,Deep central defenders
Jacopo Petriccione,Crotone,Serie A,2021,MF,MF,958.0,MF-0,Deep ball winning midfielders
Junior Messias,Crotone,Serie A,2021,MF,"MF,FW",3215.0,MF-1,Advanced attacking midfielders
Koffi Djidji,Crotone,Serie A,2021,DF,DF,1524.0,DF-0,Deep central defenders
Lisandro Magallán,Crotone,Serie A,2021,DF,DF,2181.0,DF-0,Deep central defenders
Luca Cigarini,Crotone,Serie A,2021,MF,MF,929.0,MF-0,Deep ball winning midfielders
Luca Marrone,Crotone,Serie A,2021,DF,DF,1588.0,DF-0,Deep central defenders
Miloš Vulić,Crotone,Serie A,2021,MF,MF,1305.0,MF-0,Deep ball winning midfielders
Niccolò Zanellato,Crotone,Serie A,2021,MF,MF,1637.0,MF-0,Deep ball winning midfielders
Pedro Pereira,Crotone,Serie A,2021,DF,DF,2549.0,DF-1,Wide attacking defenders
Salvatore Molina,Crotone,Serie A,2021,MF,"MF,DF",2315.0,MF-0,Deep ball winning midfielders
Samuel Di Carmine,Crotone,Serie A,2021,FW,FW,475.0,FW-0,Low involvement centre forwards
Sebastiano Luperto,Crotone,Serie A,2021,DF,DF,1879.0,DF-0,Deep central defenders
Simeon Nwankwo,Crotone,Serie A,2021,FW,FW,2943.0,FW-0,Low involvement centre forwards
Vladimir Golemić,Crotone,Serie A,2021,DF,DF,2341.0,DF-0,Deep central defenders
Borja Valero,Fiorentina,Serie A,2021,MF,"MF,FW",491.0,MF-0,Deep ball winning midfielders
Christian Kouamé,Fiorentina,Serie A,2021,FW,"FW,MF",995.0,FW-0,Low involvement centre forwards
Cristiano Biraghi,Fiorentina,Serie A,2021,DF,DF,2803.0,DF-1,Wide attacking defenders
Dušan Vlahović,Fiorentina,Serie A,2021,FW,FW,2923.0,FW-0,Low involvement centre forwards
Erick Pulgar,Fiorentina,Serie A,2021,MF,MF,2002.0,MF-0,Deep ball winning midfielders
Franck Ribéry,Fiorentina,Serie A,2021,FW,FW,2149.0,FW-1,Creating and carrying forwards
Gaetano Castrovilli,Fiorentina,Serie A,2021,MF,MF,2332.0,MF-1,Advanced attacking midfielders
Germán Pezzella,Fiorentina,Serie A,2021,DF,DF,2743.0,DF-0,Deep central defenders
Giacomo Bonaventura,Fiorentina,Serie A,2021,MF,MF,2256.0,MF-1,Advanced attacking midfielders
Igor,Fiorentina,Serie A,2021,DF,DF,1168.0,DF-0,Deep central defenders
José Callejón,Fiorentina,Serie A,2021,MF,"MF,FW",664.0,MF-1,Advanced attacking midfielders
Lorenzo Venuti,Fiorentina,Serie A,2021,DF,DF,1757.0,DF-1,Wide attacking defenders
Lucas Martínez Quarta,Fiorentina,Serie A,2021,DF,DF,1483.0,DF-0,Deep central defenders
Martín Cáceres,Fiorentina,Serie A,2021,DF,DF,2238.0,DF-1,Wide attacking defenders
Nikola Milenković,Fiorentina,Serie A,2021,DF,DF,3034.0,DF-0,Deep central defenders
Pol Lirola,Fiorentina,Serie A,2021,DF,"DF,MF",498.0,DF-1,Wide attacking defenders
Sofyan Amrabat,Fiorentina,Serie A,2021,MF,MF,2441.0,MF-0,Deep ball winning midfielders
Valentin Eysseric,Fiorentina,Serie A,2021,MF,"MF,FW",729.0,MF-1,Advanced attacking midfielders
Andrea Masiello,Genoa,Serie A,2021,DF,DF,2563.0,DF-0,Deep central defenders
Cristián Zapata,Genoa,Serie A,2021,DF,DF,968.0,DF-0,Deep central defenders
Davide Biraschi,Genoa,Serie A,2021,DF,DF,915.0,DF-0,Deep central defenders
Davide Zappacosta,Genoa,Serie A,2021,DF,DF,2045.0,DF-1,Wide attacking defenders
Domenico Criscito,Genoa,Serie A,2021,DF,DF,1726.0,DF-0,Deep central defenders
Edoardo Goldaniga,Genoa,Serie A,2021,DF,DF,1857.0,DF-0,Deep central defenders
Eldor Shomurodov,Genoa,Serie A,2021,FW,FW,1677.0,FW-0,Low involvement centre forwards
Gianluca Scamacca,Genoa,Serie A,2021,FW,FW,1352.0,FW-0,Low involvement centre forwards
Goran Pandev,Genoa,Serie A,2021,FW,"FW,MF",1404.0,FW-0,Low involvement centre forwards
Ivan Radovanović,Genoa,Serie A,2021,DF,"DF,MF",2232.0,DF-0,Deep central defenders
Kevin Strootman,Genoa,Serie A,2021,MF,MF,1314.0,MF-0,Deep ball winning midfielders
Lennart-Marten Czyborra,Genoa,Serie A,2021,DF,DF,1173.0,DF-1,Wide attacking defenders
Luca Pellegrini,Genoa,Serie A,2021,DF,"DF,MF",639.0,DF-1,Wide attacking defenders
Lukas Lerager,Genoa,Serie A,2021,MF,MF,1159.0,MF-0,Deep ball winning midfielders
Marko Pjaca,Genoa,Serie A,2021,FW,"FW,MF",1418.0,FW-1,Creating and carrying forwards
Mattia Bani,Genoa,Serie A,2021,DF,DF,921.0,DF-0,Deep central defenders
Mattia Destro,Genoa,Serie A,2021,FW,FW,1606.0,FW-0,Low involvement centre forwards
Miha Zajc,Genoa,Serie A,2021,MF,MF,1863.0,MF-0,Deep ball winning midfielders
Milan Badelj,Genoa,Serie A,2021,MF,MF,2408.0,MF-0,Deep ball winning midfielders
Nicolò Rovella,Genoa,Serie A,2021,MF,MF,1187.0,MF-0,Deep ball winning midfielders
Paolo Ghiglione,Genoa,Serie A,2021,DF,"DF,MF",1358.0,DF-1,Wide attacking defenders
Valon Behrami,Genoa,Serie A,2021,MF,MF,892.0,MF-0,Deep ball winning midfielders
Adrien Tameze,Hellas Verona,Serie A,2021,MF,MF,2304.0,MF-0,Deep ball winning midfielders
Antonín Barák,Hellas Verona,Serie A,2021,MF,MF,2765.0,MF-1,Advanced attacking midfielders
Daniel Bessa,Hellas Verona,Serie A,2021,MF,MF,615.0,MF-1,Advanced attacking midfielders
Darko Lazović,Hellas Verona,Serie A,2021,DF,"DF,MF",2503.0,DF-1,Wide attacking defenders
Davide Faraoni,Hellas Verona,Serie A,2021,DF,DF,2891.0,DF-1,Wide attacking defenders
Ebrima Colley,Hellas Verona,Serie A,2021,MF,"MF,FW",734.0,MF-1,Advanced attacking midfielders
Eddie Salcedo,Hellas Verona,Serie A,2021,MF,"MF,FW",755.0,MF-1,Advanced attacking midfielders
Federico Ceccherini,Hellas Verona,Serie A,2021,DF,DF,1738.0,DF-0,Deep central defenders
Federico Dimarco,Hellas Verona,Serie A,2021,DF,DF,2613.0,DF-1,Wide attacking defenders
Giangiacomo Magnani,Hellas Verona,Serie A,2021,DF,DF,1510.0,DF-0,Deep central defenders
Ivan Ilić,Hellas Verona,Serie A,2021,MF,MF,1835.0,MF-0,Deep ball winning midfielders
Kevin Lasagna,Hellas Verona,Serie A,2021,FW,FW,1267.0,FW-0,Low involvement centre forwards
Koray Günter,Hellas Verona,Serie A,2021,DF,DF,1768.0,DF-0,Deep central defenders
Matteo Lovato,Hellas Verona,Serie A,2021,DF,DF,1386.0,DF-0,Deep central defenders
Mattia Zaccagni,Hellas Verona,Serie A,2021,MF,MF,2609.0,MF-1,Advanced attacking midfielders
Miguel Veloso,Hellas Verona,Serie A,2021,MF,MF,1316.0,MF-0,Deep ball winning midfielders
Nikola Kalinić,Hellas Verona,Serie A,2021,FW,FW,1063.0,FW-0,Low involvement centre forwards
Paweł Dawidowicz,Hellas Verona,Serie A,2021,DF,DF,1860.0,DF-0,Deep central defenders
Samuel Di Carmine,Hellas Verona,Serie A,2021,FW,FW,500.0,FW-0,Low involvement centre forwards
Achraf Hakimi,Inter,Serie A,2021,DF,DF,2665.0,DF-1,Wide attacking defenders
Alessandro Bastoni,Inter,Serie A,2021,DF,DF,2922.0,DF-0,Deep central defenders
Alexis Sánchez,Inter,Serie A,2021,FW,FW,1146.0,FW-1,Creating and carrying forwards
Andrea Ranocchia,Inter,Serie A,2021,DF,DF,703.0,DF-0,Deep central defenders
Arturo Vidal,Inter,Serie A,2021,MF,MF,1138.0,MF-0,Deep ball winning midfielders
Ashley Young,Inter,Serie A,2021,DF,DF,1425.0,DF-1,Wide attacking defenders
Christian Eriksen,Inter,Serie A,2021,MF,MF,1385.0,MF-1,Advanced attacking midfielders
Danilo D'Ambrosio,Inter,Serie A,2021,DF,DF,699.0,DF-0,Deep central defenders
Ivan Perišić,Inter,Serie A,2021,DF,"DF,FW",1795.0,DF-1,Wide attacking defenders
Lautaro Martínez,Inter,Serie A,2021,FW,FW,2561.0,FW-0,Low involvement centre forwards
Marcelo Brozović,Inter,Serie A,2021,MF,MF,2581.0,MF-0,Deep ball winning midfielders
Matteo Darmian,Inter,Serie A,2021,DF,DF,1160.0,DF-1,Wide attacking defenders
Milan Škriniar,Inter,Serie A,2021,DF,DF,2777.0,DF-0,Deep central defenders
Nicolò Barella,Inter,Serie A,2021,MF,MF,2896.0,MF-1,Advanced attacking midfielders
Roberto Gagliardini,Inter,Serie A,2021,MF,MF,1232.0,MF-0,Deep ball winning midfielders
Romelu Lukaku,Inter,Serie A,2021,FW,FW,2884.0,FW-0,Low involvement centre forwards
Stefan de Vrij,Inter,Serie A,2021,DF,DF,2734.0,DF-0,Deep central defenders
Stefano Sensi,Inter,Serie A,2021,MF,MF,603.0,MF-1,Advanced attacking midfielders
Aaron Ramsey,Juventus,Serie A,2021,MF,MF,1089.0,MF-1,Advanced attacking midfielders
Adrien Rabiot,Juventus,Serie A,2021,MF,MF,2313.0,MF-0,Deep ball winning midfielders
Alex Sandro,Juventus,Serie A,2021,DF,DF,1858.0,DF-1,Wide attacking defenders
Arthur Melo,Juventus,Serie A,2021,MF,MF,1157.0,MF-0,Deep ball winning midfielders
Cristiano Ronaldo,Juventus,Serie A,2021,FW,FW,2802.0,FW-1,Creating and carrying forwards
Danilo,Juventus,Serie A,2021,DF,"DF,MF",2916.0,DF-1,Wide attacking defenders
Dejan Kulusevski,Juventus,Serie A,2021,MF,"MF,FW",1923.0,MF-1,Advanced attacking midfielders
Federico Bernardeschi,Juventus,Serie A,2021,MF,"MF,DF",972.0,MF-1,Advanced attacking midfielders
Federico Chiesa,Juventus,Serie A,2021,MF,"MF,DF",2210.0,MF-1,Advanced attacking midfielders
Gianluca Frabotta,Juventus,Serie A,2021,DF,"DF,MF",689.0,DF-1,Wide attacking defenders
Giorgio Chiellini,Juventus,Serie A,2021,DF,DF,1386.0,DF-0,Deep central defenders
Juan Cuadrado,Juventus,Serie A,2021,DF,"DF,MF",2175.0,DF-1,Wide attacking defenders
Leonardo Bonucci,Juventus,Serie A,2021,DF,DF,2028.0,DF-0,Deep central defenders
Matthijs de Ligt,Juventus,Serie A,2021,DF,DF,2220.0,DF-0,Deep central defenders
Merih Demiral,Juventus,Serie A,2021,DF,DF,940.0,DF-0,Deep central defenders
Paulo Dybala,Juventus,Serie A,2021,FW,FW,1132.0,FW-1,Creating and carrying forwards
Rodrigo Bentancur,Juventus,Serie A,2021,MF,MF,2324.0,MF-0,Deep ball winning midfielders
Weston McKennie,Juventus,Serie A,2021,MF,MF,1702.0,MF-1,Advanced attacking midfielders
Álvaro Morata,Juventus,Serie A,2021,FW,FW,2014.0,FW-0,Low involvement centre forwards
Adam Marušić,Lazio,Serie A,2021,DF,DF,2966.0,DF-1,Wide attacking defenders
Andreas Pereira,Lazio,Serie A,2021,FW,"FW,MF",543.0,FW-1,Creating and carrying forwards
Ciro Immobile,Lazio,Serie A,2021,FW,FW,2849.0,FW-0,Low involvement centre forwards
Danilo Cataldi,Lazio,Serie A,2021,MF,MF,568.0,MF-0,Deep ball winning midfielders
Felipe Caicedo,Lazio,Serie A,2021,FW,FW,929.0,FW-0,Low involvement centre forwards
Francesco Acerbi,Lazio,Serie A,2021,DF,DF,2813.0,DF-0,Deep central defenders
Gonzalo Escalante,Lazio,Serie A,2021,MF,MF,733.0,MF-0,Deep ball winning midfielders
Jean-Daniel Akpa-Akpro,Lazio,Serie A,2021,MF,MF,1056.0,MF-0,Deep ball winning midfielders
Joaquín Correa,Lazio,Serie A,2021,FW,FW,1933.0,FW-1,Creating and carrying forwards
Lucas Leiva,Lazio,Serie A,2021,MF,MF,2131.0,MF-0,Deep ball winning midfielders
Luis Alberto,Lazio,Serie A,2021,MF,MF,2618.0,MF-1,Advanced attacking midfielders
Luiz Felipe,Lazio,Serie A,2021,DF,DF,909.0,DF-0,Deep central defenders
Manuel Lazzari,Lazio,Serie A,2021,DF,DF,2613.0,DF-1,Wide attacking defenders
Marco Parolo,Lazio,Serie A,2021,DF,"DF,MF",653.0,DF-1,Wide attacking defenders
Mohamed Fares,Lazio,Serie A,2021,DF,DF,1139.0,DF-1,Wide attacking defenders
Patric,Lazio,Serie A,2021,DF,DF,1595.0,DF-0,Deep central defenders
Senad Lulić,Lazio,Serie A,2021,DF,DF,718.0,DF-1,Wide attacking defenders
Sergej Milinković-Savić,Lazio,Serie A,2021,MF,MF,2746.0,MF-1,Advanced attacking midfielders
Vedat Muriqi,Lazio,Serie A,2021,FW,FW,832.0,FW-0,Low involvement centre forwards
Wesley Hoedt,Lazio,Serie A,2021,DF,DF,952.0,DF-0,Deep central defenders
Ștefan Radu,Lazio,Serie A,2021,DF,DF,2458.0,DF-0,Deep central defenders
Alessio Romagnoli,Milan,Serie A,2021,DF,DF,1907.0,DF-0,Deep central defenders
Alexis Saelemaekers,Milan,Serie A,2021,MF,MF,2016.0,MF-1,Advanced attacking midfielders
Ante Rebić,Milan,Serie A,2021,MF,"MF,FW",1776.0,MF-1,Advanced attacking midfielders
Brahim Díaz,Milan,Serie A,2021,MF,MF,1228.0,MF-1,Advanced attacking midfielders
Davide Calabria,Milan,Serie A,2021,DF,DF,2647.0,DF-1,Wide attacking defenders
Diogo Dalot,Milan,Serie A,2021,DF,DF,1090.0,DF-1,Wide attacking defenders
Fikayo Tomori,Milan,Serie A,2021,DF,DF,1466.0,DF-0,Deep central defenders
Franck Kessié,Milan,Serie A,2021,MF,MF,3226.0,MF-0,Deep ball winning midfielders
Hakan Çalhanoğlu,Milan,Serie A,2021,MF,MF,2614.0,MF-1,Advanced attacking midfielders
Ismaël Bennacer,Milan,Serie A,2021,MF,MF,1326.0,MF-0,Deep ball winning midfielders
Jens Petter Hauge,Milan,Serie A,2021,MF,MF,532.0,MF-1,Advanced attacking midfielders
Matteo Gabbia,Milan,Serie A,2021,DF,DF,557.0,DF-0,Deep central defenders
Pierre Kalulu,Milan,Serie A,2021,DF,DF,727.0,DF-0,Deep central defenders
Rade Krunić,Milan,Serie A,2021,MF,MF,723.0,MF-0,Deep ball winning midfielders
Rafael Leão,Milan,Serie A,2021,FW,"FW,MF",1924.0,FW-0,Low involvement centre forwards
Samu Castillejo,Milan,Serie A,2021,MF,MF,1181.0,MF-1,Advanced attacking midfielders
Sandro Tonali,Milan,Serie A,2021,MF,MF,1330.0,MF-0,Deep ball winning midfielders
Simon Kjær,Milan,Serie A,2021,DF,DF,2393.0,DF-0,Deep central defenders
Soualiho Meïté,Milan,Serie A,2021,MF,MF,588.0,MF-0,Deep ball winning midfielders
Theo Hernández,Milan,Serie A,2021,DF,DF,2933.0,DF-1,Wide attacking defenders
Zlatan Ibrahimović,Milan,Serie A,2021,FW,FW,1493.0,FW-0,Low involvement centre forwards
Amir Rrahmani,Napoli,Serie A,2021,DF,DF,1094.0,DF-0,Deep central defenders
Andrea Petagna,Napoli,Serie A,2021,FW,FW,964.0,FW-0,Low involvement centre forwards
Diego Demme,Napoli,Serie A,2021,MF,MF,1590.0,MF-0,Deep ball winning midfielders
Dries Mertens,Napoli,Serie A,2021,FW,"FW,MF",1459.0,FW-1,Creating and carrying forwards
Elif Elmas,Napoli,Serie A,2021,MF,MF,740.0,MF-1,Advanced attacking midfielders
Elseid Hysaj,Napoli,Serie A,2021,DF,DF,1768.0,DF-1,Wide attacking defenders
Fabián Ruiz Peña,Napoli,Serie A,2021,MF,MF,2569.0,MF-0,Deep ball winning midfielders
Giovanni Di Lorenzo,Napoli,Serie A,2021,DF,DF,3240.0,DF-1,Wide attacking defenders
Hirving Lozano,Napoli,Serie A,2021,MF,"MF,FW",1965.0,MF-1,Advanced attacking midfielders
Kalidou Koulibaly,Napoli,Serie A,2021,DF,DF,2209.0,DF-0,Deep central defenders
Kostas Manolas,Napoli,Serie A,2021,DF,DF,2298.0,DF-0,Deep central defenders
Lorenzo Insigne,Napoli,Serie A,2021,MF,MF,2865.0,MF-1,Advanced attacking midfielders
Matteo Politano,Napoli,Serie A,2021,MF,MF,1908.0,MF-1,Advanced attacking midfielders
Mário Rui,Napoli,Serie A,2021,DF,DF,1669.0,DF-1,Wide attacking defenders
Nikola Maksimović,Napoli,Serie A,2021,DF,DF,1207.0,DF-0,Deep central defenders
Piotr Zieliński,Napoli,Serie A,2021,MF,MF,2523.0,MF-1,Advanced attacking midfielders
Tiemoué Bakayoko,Napoli,Serie A,2021,MF,MF,1964.0,MF-0,Deep ball winning midfielders
Victor Osimhen,Napoli,Serie A,2021,FW,FW,1573.0,FW-0,Low involvement centre forwards
Alberto Grassi,Parma,Serie A,2021,MF,"MF,DF",1177.0,MF-0,Deep ball winning midfielders
Andrea Conti,Parma,Serie A,2021,DF,DF,809.0,DF-1,Wide attacking defenders
Andreas Cornelius,Parma,Serie A,2021,FW,FW,1898.0,FW-0,Low involvement centre forwards
Bruno Alves,Parma,Serie A,2021,DF,DF,1632.0,DF-0,Deep central defenders
Daan Dierckx,Parma,Serie A,2021,DF,DF,471.0,DF-0,Deep central defenders
Dennis Man,Parma,Serie A,2021,FW,"FW,MF",699.0,FW-1,Creating and carrying forwards
Gastón Brugman,Parma,Serie A,2021,MF,MF,1616.0,MF-0,Deep ball winning midfielders
Gervinho,Parma,Serie A,2021,FW,"FW,MF",2021.0,FW-0,Low involvement centre forwards
Giuseppe Pezzella,Parma,Serie A,2021,DF,DF,1828.0,DF-1,Wide attacking defenders
Graziano Pellè,Parma,Serie A,2021,FW,FW,614.0,FW-0,Low involvement centre forwards
Hernani,Parma,Serie A,2021,MF,MF,2189.0,MF-0,Deep ball winning midfielders
Jasmin Kurtić,Parma,Serie A,2021,MF,MF,2739.0,MF-0,Deep ball winning midfielders
Juan Brunetta,Parma,Serie A,2021,FW,"FW,MF",475.0,FW-1,Creating and carrying forwards
Juraj Kucka,Parma,Serie A,2021,MF,"MF,FW",2334.0,MF-0,Deep ball winning midfielders
Lautaro Valenti,Parma,Serie A,2021,DF,DF,499.0,DF-0,Deep central defenders
Mattia Bani,Parma,Serie A,2021,DF,DF,1145.0,DF-0,Deep central defenders
Maxime Busi,Parma,Serie A,2021,DF,DF,1195.0,DF-1,Wide attacking defenders
Riccardo Gagliolo,Parma,Serie A,2021,DF,DF,1956.0,DF-1,Wide attacking defenders
Roberto Inglese,Parma,Serie A,2021,FW,FW,576.0,FW-0,Low involvement centre forwards
Simon Sohm,Parma,Serie A,2021,MF,MF,899.0,MF-0,Deep ball winning midfielders
Simone Iacoponi,Parma,Serie A,2021,DF,DF,1193.0,DF-0,Deep central defenders
Valentin Mihaila,Parma,Serie A,2021,FW,"FW,MF",698.0,FW-0,Low involvement centre forwards
Vincent Laurini,Parma,Serie A,2021,DF,DF,870.0,DF-1,Wide attacking defenders
Yann Karamoh,Parma,Serie A,2021,FW,"FW,MF",1294.0,FW-1,Creating and carrying forwards
Yordan Osorio,Parma,Serie A,2021,DF,DF,1809.0,DF-0,Deep central defenders
Amadou Diawara,Roma,Serie A,2021,MF,MF,658.0,MF-0,Deep ball winning midfielders
Borja Mayoral,Roma,Serie A,2021,FW,FW,1551.0,FW-0,Low involvement centre forwards
Bruno Peres,Roma,Serie A,2021,DF,DF,1427.0,DF-1,Wide attacking defenders
Bryan Cristante,Roma,Serie A,2021,DF,"DF,MF",2155.0,DF-0,Deep central defenders
Carles Pérez,Roma,Serie A,2021,MF,"MF,FW",773.0,MF-1,Advanced attacking midfielders
Chris Smalling,Roma,Serie A,2021,DF,DF,1111.0,DF-0,Deep central defenders
Davide Santon,Roma,Serie A,2021,DF,DF,586.0,DF-1,Wide attacking defenders
Edin Džeko,Roma,Serie A,2021,FW,FW,1824.0,FW-0,Low involvement centre forwards
Gianluca Mancini,Roma,Serie A,2021,DF,DF,2852.0,DF-0,Deep central defenders
Gonzalo Villar,Roma,Serie A,2021,MF,MF,1859.0,MF-0,Deep ball winning midfielders
Henrikh Mkhitaryan,Roma,Serie A,2021,MF,MF,2745.0,MF-1,Advanced attacking midfielders
Jordan Veretout,Roma,Serie A,2021,MF,MF,2053.0,MF-0,Deep ball winning midfielders
Leonardo Spinazzola,Roma,Serie A,2021,DF,DF,2124.0,DF-1,Wide attacking defenders
Lorenzo Pellegrini,Roma,Serie A,2021,MF,MF,2598.0,MF-1,Advanced attacking midfielders
Marash Kumbulla,Roma,Serie A,2021,DF,DF,1363.0,DF-0,Deep central defenders
Pedro,Roma,Serie A,2021,MF,MF,1591.0,MF-1,Advanced attacking midfielders
Rick Karsdorp,Roma,Serie A,2021,DF,DF,2544.0,DF-1,Wide attacking defenders
Roger Ibanez,Roma,Serie A,2021,DF,DF,2398.0,DF-0,Deep central defenders
Stephan El Shaarawy,Roma,Serie A,2021,MF,MF,572.0,MF-1,Advanced attacking midfielders
Adrien Silva,Sampdoria,Serie A,2021,MF,MF,1599.0,MF-0,Deep ball winning midfielders
Albin Ekdal,Sampdoria,Serie A,2021,MF,MF,2299.0,MF-0,Deep ball winning midfielders
Alex Ferrari,Sampdoria,Serie A,2021,DF,DF,880.0,DF-0,Deep central defenders
Antonio Candreva,Sampdoria,Serie A,2021,MF,MF,2505.0,MF-1,Advanced attacking midfielders
Bartosz Bereszyński,Sampdoria,Serie A,2021,DF,DF,2607.0,DF-0,Deep central defenders
Fabio Quagliarella,Sampdoria,Serie A,2021,FW,FW,2204.0,FW-0,Low involvement centre forwards
Gastón Ramírez,Sampdoria,Serie A,2021,FW,"FW,MF",969.0,FW-1,Creating and carrying forwards
Jakub Jankto,Sampdoria,Serie A,2021,MF,MF,2409.0,MF-1,Advanced attacking midfielders
Keita Baldé,Sampdoria,Serie A,2021,FW,FW,1197.0,FW-0,Low involvement centre forwards
Lorenzo Tonelli,Sampdoria,Serie A,2021,DF,DF,1782.0,DF-0,Deep central defenders
Manolo Gabbiadini,Sampdoria,Serie A,2021,FW,FW,870.0,FW-0,Low involvement centre forwards
Maya Yoshida,Sampdoria,Serie A,2021,DF,DF,2274.0,DF-0,Deep central defenders
Mikkel Damsgaard,Sampdoria,Serie A,2021,MF,"MF,FW",1773.0,MF-1,Advanced attacking midfielders
Morten Thorsby,Sampdoria,Serie A,2021,MF,MF,2648.0,MF-0,Deep ball winning midfielders
Omar Colley,Sampdoria,Serie A,2021,DF,DF,2591.0,DF-0,Deep central defenders
Tommaso Augello,Sampdoria,Serie A,2021,DF,DF,3216.0,DF-1,Wide attacking defenders
Valerio Verre,Sampdoria,Serie A,2021,FW,"FW,MF",998.0,FW-1,Creating and carrying forwards
Domenico Berardi,Sassuolo,Serie A,2021,MF,MF,2475.0,MF-1,Advanced attacking midfielders
Filip Đuričić,Sassuolo,Serie A,2021,MF,MF,2079.0,MF-1,Advanced attacking midfielders
Francesco Caputo,Sassuolo,Serie A,2021,FW,FW,1697.0,FW-0,Low involvement centre forwards
Giacomo Raspadori,Sassuolo,Serie A,2021,FW,"FW,MF",1232.0,FW-0,Low involvement centre forwards
Gian Marco Ferrari,Sassuolo,Serie A,2021,DF,DF,3014.0,DF-0,Deep central defenders
Giorgos Kyriakopoulos,Sassuolo,Serie A,2021,DF,DF,1456.0,DF-1,Wide attacking defenders
Grégoire Defrel,Sassuolo,Serie A,2021,MF,"MF,FW",1336.0,MF-1,Advanced attacking midfielders
Hamed Junior Traorè,Sassuolo,Serie A,2021,MF,MF,1789.0,MF-1,Advanced attacking midfielders
Jeremie Boga,Sassuolo,Serie A,2021,MF,MF,1785.0,MF-1,Advanced attacking midfielders
Jeremy Toljan,Sassuolo,Serie A,2021,DF,DF,1490.0,DF-1,Wide attacking defenders
Kaan Ayhan,Sassuolo,Serie A,2021,DF,DF,796.0,DF-0,Deep central defenders
Manuel Locatelli,Sassuolo,Serie A,2021,MF,MF,2883.0,MF-0,Deep ball winning midfielders
Marlon,Sassuolo,Serie A,2021,DF,DF,1742.0,DF-0,Deep central defenders
Maxime Lopez,Sassuolo,Serie A,2021,MF,MF,1864.0,MF-0,Deep ball winning midfielders
Mehdi Bourabia,Sassuolo,Serie A,2021,MF,MF,528.0,MF-0,Deep ball winning midfielders
Mert Müldür,Sassuolo,Serie A,2021,DF,DF,1672.0,DF-1,Wide attacking defenders
Pedro Obiang,Sassuolo,Serie A,2021,MF,MF,1469.0,MF-0,Deep ball winning midfielders
Rogério,Sassuolo,Serie A,2021,DF,DF,1877.0,DF-1,Wide attacking defenders
Vlad Chiricheș,Sassuolo,Serie A,2021,DF,DF,1837.0,DF-0,Deep central defenders
Ardian Ismajli,Spezia,Serie A,2021,DF,DF,1297.0,DF-0,Deep central defenders
Claudio Terzi,Spezia,Serie A,2021,DF,DF,1869.0,DF-0,Deep central defenders
Daniele Verde,Spezia,Serie A,2021,FW,FW,980.0,FW-1,Creating and carrying forwards
Diego Farias,Spezia,Serie A,2021,FW,FW,1514.0,FW-1,Creating and carrying forwards
Emmanuel Gyasi,Spezia,Serie A,2021,FW,FW,2851.0,FW-0,Low involvement centre forwards
Giulio Maggiore,Spezia,Serie A,2021,MF,MF,2214.0,MF-1,Advanced attacking midfielders
Julian Chabot,Spezia,Serie A,2021,DF,DF,1655.0,DF-0,Deep central defenders
Kevin Agudelo,Spezia,Serie A,2021,FW,FW,1356.0,FW-0,Low involvement centre forwards
Luca Vignali,Spezia,Serie A,2021,DF,DF,1590.0,DF-1,Wide attacking defenders
Lucien Agoume,Spezia,Serie A,2021,MF,MF,800.0,MF-0,Deep ball winning midfielders
Léo Sena,Spezia,Serie A,2021,MF,MF,885.0,MF-0,Deep ball winning midfielders
M'Bala Nzola,Spezia,Serie A,2021,FW,FW,1896.0,FW-0,Low involvement centre forwards
Martin Erlic,Spezia,Serie A,2021,DF,DF,1798.0,DF-0,Deep central defenders
Matteo Ricci,Spezia,Serie A,2021,MF,MF,2229.0,MF-0,Deep ball winning midfielders
Nahuel Estévez,Spezia,Serie A,2021,MF,MF,1768.0,MF-1,Advanced attacking midfielders
Riccardo Marchizza,Spezia,Serie A,2021,DF,DF,1561.0,DF-1,Wide attacking defenders
Roberto Piccoli,Spezia,Serie A,2021,FW,FW,703.0,FW-0,Low involvement centre forwards
Salvador Ferrer,Spezia,Serie A,2021,DF,DF,1190.0,DF-1,Wide attacking defenders
Simone Bastoni,Spezia,Serie A,2021,DF,DF,1522.0,DF-1,Wide attacking defenders
Tommaso Pobega,Spezia,Serie A,2021,MF,MF,1229.0,MF-0,Deep ball winning midfielders
Alessandro Buongiorno,Torino,Serie A,2021,DF,DF,858.0,DF-0,Deep central defenders
Amer Gojak,Torino,Serie A,2021,MF,"MF,FW",475.0,MF-1,Advanced attacking midfielders
Andrea Belotti,Torino,Serie A,2021,FW,FW,2888.0,FW-0,Low involvement centre forwards
Antonio Sanabria,Torino,Serie A,2021,FW,FW,978.0,FW-0,Low involvement centre forwards
Armando Izzo,Torino,Serie A,2021,DF,DF,2004.0,DF-0,Deep central defenders
Cristian Ansaldi,Torino,Serie A,2021,DF,"DF,FW",1947.0,DF-1,Wide attacking defenders
Federico Bonazzoli,Torino,Serie A,2021,FW,FW,564.0,FW-0,Low involvement centre forwards
Gleison Bremer,Torino,Serie A,2021,DF,DF,2935.0,DF-0,Deep central defenders
Karol Linetty,Torino,Serie A,2021,MF,MF,1832.0,MF-0,Deep ball winning midfielders
Lyanco,Torino,Serie A,2021,DF,DF,1959.0,DF-0,Deep central defenders
Mërgim Vojvoda,Torino,Serie A,2021,DF,"DF,FW",1359.0,DF-1,Wide attacking defenders
Nicola Murru,Torino,Serie A,2021,DF,DF,569.0,DF-1,Wide attacking defenders
Nicolas Nkoulou,Torino,Serie A,2021,DF,DF,1358.0,DF-0,Deep central defenders
Ricardo Rodríguez,Torino,Serie A,2021,DF,DF,1238.0,DF-0,Deep central defenders
Rolando Mandragora,Torino,Serie A,2021,MF,MF,1525.0,MF-0,Deep ball winning midfielders
Saša Lukić,Torino,Serie A,2021,MF,MF,2106.0,MF-1,Advanced attacking midfielders
Simone Verdi,Torino,Serie A,2021,MF,"MF,FW",1620.0,MF-1,Advanced attacking midfielders
Simone Zaza,Torino,Serie A,2021,FW,FW,1491.0,FW-0,Low involvement centre forwards
Soualiho Meïté,Torino,Serie A,2021,MF,MF,920.0,MF-0,Deep ball winning midfielders
Tomás Rincón,Torino,Serie A,2021,MF,MF,2846.0,MF-0,Deep ball winning midfielders
Wilfried Singo,Torino,Serie A,2021,DF,DF,1854.0,DF-1,Wide attacking defenders
Bram Nuytinck,Udinese,Serie A,2021,DF,DF,1641.0,DF-0,Deep central defenders
Fernando Forestieri,Udinese,Serie A,2021,FW,"FW,MF",552.0,FW-1,Creating and carrying forwards
Fernando Llorente,Udinese,Serie A,2021,FW,FW,713.0,FW-0,Low involvement centre forwards
Gerard Deulofeu,Udinese,Serie A,2021,FW,"FW,MF",598.0,FW-1,Creating and carrying forwards
Ignacio Pussetto,Udinese,Serie A,2021,FW,FW,754.0,FW-0,Low involvement centre forwards
Ilija Nestorovski,Udinese,Serie A,2021,FW,"FW,MF",701.0,FW-0,Low involvement centre forwards
Jean-Victor Makengo,Udinese,Serie A,2021,MF,MF,522.0,MF-0,Deep ball winning midfielders
Jens Stryger Larsen,Udinese,Serie A,2021,DF,DF,2638.0,DF-1,Wide attacking defenders
Kevin Bonifazi,Udinese,Serie A,2021,DF,DF,2469.0,DF-0,Deep central defenders
Kevin Lasagna,Udinese,Serie A,2021,FW,FW,1103.0,FW-0,Low involvement centre forwards
Marvin Zeegelaar,Udinese,Serie A,2021,DF,DF,1740.0,DF-1,Wide attacking defenders
Nahuel Molina,Udinese,Serie A,2021,DF,DF,1828.0,DF-1,Wide attacking defenders
Roberto Pereyra,Udinese,Serie A,2021,MF,"MF,FW",2925.0,MF-1,Advanced attacking midfielders
Rodrigo Becão,Udinese,Serie A,2021,DF,DF,2780.0,DF-0,Deep central defenders
Rodrigo De Paul,Udinese,Serie A,2021,MF,MF,3201.0,MF-1,Advanced attacking midfielders
Samir Santos,Udinese,Serie A,2021,DF,DF,2216.0,DF-0,Deep central defenders
Sebastien De Maio,Udinese,Serie A,2021,DF,DF,853.0,DF-0,Deep central defenders
Stefano Okaka,Udinese,Serie A,2021,FW,FW,1489.0,FW-0,Low involvement centre forwards
Tolgay Arslan,Udinese,Serie A,2021,MF,MF,1818.0,MF-0,Deep ball winning midfielders
Walace,Udinese,Serie A,2021,MF,MF,2055.0,MF-0,Deep ball winning midfielders
Alessandro Schöpf,Arminia,Bundesliga,2022,MF,MF,2397.0,MF-0,Deep ball winning midfielders
Amos Pieper,Arminia,Bundesliga,2022,DF,DF,2379.0,DF-0,Deep central defenders
Andrés Andrade Cedeño,Arminia,Bundesliga,2022,DF,DF,1046.0,DF-0,Deep central defenders
Bryan Lasme,Arminia,Bundesliga,2022,FW,"FW,MF",877.0,FW-0,Low involvement centre forwards
Cédric Brunner,Arminia,Bundesliga,2022,DF,DF,2183.0,DF-1,Wide attacking defenders
Fabian Klos,Arminia,Bundesliga,2022,FW,FW,1420.0,FW-0,Low involvement centre forwards
Fabian Kunze,Arminia,Bundesliga,2022,MF,MF,1260.0,MF-0,Deep ball winning midfielders
Florian Krüger,Arminia,Bundesliga,2022,MF,"MF,FW",1129.0,MF-1,Advanced attacking midfielders
Guilherme Ramos,Arminia,Bundesliga,2022,DF,DF,906.0,DF-0,Deep central defenders
Jacob Barrett Laursen,Arminia,Bundesliga,2022,DF,DF,1632.0,DF-1,Wide attacking defenders
Janni Serra,Arminia,Bundesliga,2022,FW,FW,1117.0,FW-0,Low involvement centre forwards
Joakim Nilsson,Arminia,Bundesliga,2022,DF,DF,2735.0,DF-0,Deep central defenders
Manuel Prietl,Arminia,Bundesliga,2022,MF,MF,2123.0,MF-0,Deep ball winning midfielders
Masaya Okugawa,Arminia,Bundesliga,2022,MF,"MF,FW",2531.0,MF-1,Advanced attacking midfielders
Nathan de Medina,Arminia,Bundesliga,2022,DF,DF,775.0,DF-0,Deep central defenders
Patrick Wimmer,Arminia,Bundesliga,2022,MF,"MF,FW",2052.0,MF-1,Advanced attacking midfielders
Robin Hack,Arminia,Bundesliga,2022,MF,"MF,FW",1364.0,MF-1,Advanced attacking midfielders
Sebastian Vasiliadis,Arminia,Bundesliga,2022,MF,MF,1193.0,MF-0,Deep ball winning midfielders
Andi Zeqiri,Augsburg,Bundesliga,2022,FW,"FW,MF",1016.0,FW-0,Low involvement centre forwards
André Hahn,Augsburg,Bundesliga,2022,MF,"MF,FW",2101.0,MF-1,Advanced attacking midfielders
Arne Maier,Augsburg,Bundesliga,2022,MF,MF,1864.0,MF-1,Advanced attacking midfielders
Carlos Gruezo,Augsburg,Bundesliga,2022,MF,MF,970.0,MF-0,Deep ball winning midfielders
Daniel Caligiuri,Augsburg,Bundesliga,2022,DF,"DF,MF",2004.0,DF-1,Wide attacking defenders
Florian Niederlechner,Augsburg,Bundesliga,2022,FW,FW,1165.0,FW-0,Low involvement centre forwards
Iago,Augsburg,Bundesliga,2022,DF,DF,2174.0,DF-1,Wide attacking defenders
Jan Morávek,Augsburg,Bundesliga,2022,MF,MF,471.0,MF-0,Deep ball winning midfielders
Jeffrey Gouweleeuw,Augsburg,Bundesliga,2022,DF,DF,2576.0,DF-0,Deep central defenders
Mads Pedersen,Augsburg,Bundesliga,2022,MF,"MF,DF",1391.0,MF-1,Advanced attacking midfielders
Michael Gregoritsch,Augsburg,Bundesliga,2022,FW,"FW,MF",1392.0,FW-0,Low involvement centre forwards
Niklas Dorsch,Augsburg,Bundesliga,2022,MF,MF,2324.0,MF-0,Deep ball winning midfielders
Ohis Felix Uduokhai,Augsburg,Bundesliga,2022,DF,DF,787.0,DF-0,Deep central defenders
Raphael Framberger,Augsburg,Bundesliga,2022,DF,DF,848.0,DF-1,Wide attacking defenders
Reece Oxford,Augsburg,Bundesliga,2022,DF,DF,2693.0,DF-0,Deep central defenders
Ricardo Pepi,Augsburg,Bundesliga,2022,FW,"FW,MF",477.0,FW-0,Low involvement centre forwards
Robert Gumny,Augsburg,Bundesliga,2022,DF,DF,2272.0,DF-0,Deep central defenders
Ruben Vargas,Augsburg,Bundesliga,2022,MF,"MF,FW",1984.0,MF-1,Advanced attacking midfielders
Alphonso Davies,Bayern Munich,Bundesliga,2022,DF,DF,1740.0,DF-1,Wide attacking defenders
Benjamin Pavard,Bayern Munich,Bundesliga,2022,DF,DF,2076.0,DF-1,Wide attacking defenders
Corentin Tolisso,Bayern Munich,Bundesliga,2022,MF,MF,703.0,MF-0,Deep ball winning midfielders
Dayot Upamecano,Bayern Munich,Bundesliga,2022,DF,DF,2211.0,DF-0,Deep central defenders
Jamal Musiala,Bayern Munich,Bundesliga,2022,MF,MF,1465.0,MF-1,Advanced attacking midfielders
Joshua Kimmich,Bayern Munich,Bundesliga,2022,MF,MF,2474.0,MF-0,Deep ball winning midfielders
Josip Stanišić,Bayern Munich,Bundesliga,2022,DF,DF,644.0,DF-1,Wide attacking defenders
Kingsley Coman,Bayern Munich,Bundesliga,2022,MF,"MF,FW",1359.0,MF-1,Advanced attacking midfielders
Leon Goretzka,Bayern Munich,Bundesliga,2022,MF,MF,1396.0,MF-1,Advanced attacking midfielders
Leroy Sané,Bayern Munich,Bundesliga,2022,MF,MF,1976.0,MF-1,Advanced attacking midfielders
Lucas Hernández,Bayern Munich,Bundesliga,2022,DF,DF,2030.0,DF-0,Deep central defenders
Marcel Sabitzer,Bayern Munich,Bundesliga,2022,MF,"MF,DF",905.0,MF-0,Deep ball winning midfielders
Niklas Süle,Bayern Munich,Bundesliga,2022,DF,DF,1837.0,DF-0,Deep central defenders
Robert Lewandowski,Bayern Munich,Bundesliga,2022,FW,FW,2946.0,FW-0,Low involvement centre forwards
Serge Gnabry,Bayern Munich,Bundesliga,2022,MF,"MF,FW",2185.0,MF-1,Advanced attacking midfielders
Tanguy Nianzou,Bayern Munich,Bundesliga,2022,DF,DF,582.0,DF-0,Deep central defenders
Thomas Müller,Bayern Munich,Bundesliga,2022,MF,MF,2558.0,MF-1,Advanced attacking midfielders
Anthony Losilla,Bochum,Bundesliga,2022,MF,MF,2935.0,MF-0,Deep ball winning midfielders
Armel Bella Kotchap,Bochum,Bundesliga,2022,DF,DF,1768.0,DF-0,Deep central defenders
Christopher Antwi-Adjei,Bochum,Bundesliga,2022,FW,"FW,MF",1130.0,FW-0,Low involvement centre forwards
Cristian Gamboa,Bochum,Bundesliga,2022,DF,DF,1722.0,DF-1,Wide attacking defenders
Danilo Soares,Bochum,Bundesliga,2022,DF,DF,2564.0,DF-1,Wide attacking defenders
Eduard Löwen,Bochum,Bundesliga,2022,MF,MF,1416.0,MF-1,Advanced attacking midfielders
Elvis Rexhbeçaj,Bochum,Bundesliga,2022,MF,MF,2542.0,MF-0,Deep ball winning midfielders
Erhan Mašović,Bochum,Bundesliga,2022,DF,DF,1552.0,DF-0,Deep central defenders
Gerrit Holtmann,Bochum,Bundesliga,2022,FW,"FW,MF",1840.0,FW-1,Creating and carrying forwards
Herbert Bockhorn,Bochum,Bundesliga,2022,DF,DF,850.0,DF-1,Wide attacking defenders
Kostas Stafylidis,Bochum,Bundesliga,2022,DF,"DF,MF",1388.0,DF-1,Wide attacking defenders
Maxim Leitsch,Bochum,Bundesliga,2022,DF,DF,1538.0,DF-0,Deep central defenders
Miloš Pantović,Bochum,Bundesliga,2022,MF,"MF,FW",1533.0,MF-1,Advanced attacking midfielders
Patrick Osterhage,Bochum,Bundesliga,2022,MF,MF,599.0,MF-0,Deep ball winning midfielders
Sebastian Polter,Bochum,Bundesliga,2022,FW,FW,2341.0,FW-0,Low involvement centre forwards
Simon Zoller,Bochum,Bundesliga,2022,FW,"FW,MF",596.0,FW-0,Low involvement centre forwards
Takuma Asano,Bochum,Bundesliga,2022,FW,"FW,MF",1608.0,FW-0,Low involvement centre forwards
Vassilis Lambropoulos,Bochum,Bundesliga,2022,DF,DF,1168.0,DF-0,Deep central defenders
Axel Witsel,Dortmund,Bundesliga,2022,MF,"MF,DF",1941.0,MF-0,Deep ball winning midfielders
Dan-Axel Zagadou,Dortmund,Bundesliga,2022,DF,DF,952.0,DF-0,Deep central defenders
Donyell Malen,Dortmund,Bundesliga,2022,FW,"FW,MF",1684.0,FW-0,Low involvement centre forwards
Emre Can,Dortmund,Bundesliga,2022,DF,"DF,MF",1690.0,DF-0,Deep central defenders
Erling Haaland,Dortmund,Bundesliga,2022,FW,FW,1911.0,FW-0,Low involvement centre forwards
Felix Passlack,Dortmund,Bundesliga,2022,DF,DF,472.0,DF-1,Wide attacking defenders
Jude Bellingham,Dortmund,Bundesliga,2022,MF,MF,2790.0,MF-1,Advanced attacking midfielders
Julian Brandt,Dortmund,Bundesliga,2022,MF,MF,2078.0,MF-1,Advanced attacking midfielders
Mahmoud Dahoud,Dortmund,Bundesliga,2022,MF,MF,1658.0,MF-0,Deep ball winning midfielders
Manuel Akanji,Dortmund,Bundesliga,2022,DF,DF,2261.0,DF-0,Deep central defenders
Marco Reus,Dortmund,Bundesliga,2022,MF,"MF,FW",2503.0,MF-1,Advanced attacking midfielders
Marin Pongračić,Dortmund,Bundesliga,2022,DF,DF,827.0,DF-0,Deep central defenders
Marius Wolf,Dortmund,Bundesliga,2022,DF,"DF,MF",1321.0,DF-1,Wide attacking defenders
Mats Hummels,Dortmund,Bundesliga,2022,DF,DF,1765.0,DF-0,Deep central defenders
Nico Schulz,Dortmund,Bundesliga,2022,DF,DF,836.0,DF-1,Wide attacking defenders
Raphaël Guerreiro,Dortmund,Bundesliga,2022,DF,DF,1795.0,DF-1,Wide attacking defenders
Thomas Meunier,Dortmund,Bundesliga,2022,DF,DF,1402.0,DF-1,Wide attacking defenders
Thorgan Hazard,Dortmund,Bundesliga,2022,MF,"MF,DF",1337.0,MF-1,Advanced attacking midfielders
Ajdin Hrustic,Eint Frankfurt,Bundesliga,2022,MF,MF,964.0,MF-0,Deep ball winning midfielders
Almamy Touré,Eint Frankfurt,Bundesliga,2022,DF,"DF,MF",506.0,DF-1,Wide attacking defenders
Ansgar Knauff,Eint Frankfurt,Bundesliga,2022,DF,"DF,MF",759.0,DF-1,Wide attacking defenders
Christopher Lenz,Eint Frankfurt,Bundesliga,2022,DF,DF,664.0,DF-1,Wide attacking defenders
Daichi Kamada,Eint Frankfurt,Bundesliga,2022,MF,MF,2139.0,MF-1,Advanced attacking midfielders
Danny da Costa,Eint Frankfurt,Bundesliga,2022,DF,"DF,MF",725.0,DF-1,Wide attacking defenders
Djibril Sow,Eint Frankfurt,Bundesliga,2022,MF,MF,2415.0,MF-0,Deep ball winning midfielders
Erik Durm,Eint Frankfurt,Bundesliga,2022,DF,DF,474.0,DF-1,Wide attacking defenders
Filip Kostić,Eint Frankfurt,Bundesliga,2022,DF,"DF,MF",2522.0,DF-1,Wide attacking defenders
Gonçalo Paciência,Eint Frankfurt,Bundesliga,2022,FW,FW,516.0,FW-0,Low involvement centre forwards
Jens Petter Hauge,Eint Frankfurt,Bundesliga,2022,MF,"MF,FW",1040.0,MF-1,Advanced attacking midfielders
Jesper Lindstrøm,Eint Frankfurt,Bundesliga,2022,MF,"MF,FW",1976.0,MF-1,Advanced attacking midfielders
Kristijan Jakić,Eint Frankfurt,Bundesliga,2022,MF,MF,1879.0,MF-0,Deep ball winning midfielders
Makoto Hasebe,Eint Frankfurt,Bundesliga,2022,DF,DF,1187.0,DF-0,Deep central defenders
Martin Hinteregger,Eint Frankfurt,Bundesliga,2022,DF,DF,2222.0,DF-0,Deep central defenders
Obite N'Dicka,Eint Frankfurt,Bundesliga,2022,DF,DF,2857.0,DF-0,Deep central defenders
Rafael Borré,Eint Frankfurt,Bundesliga,2022,FW,"FW,MF",2378.0,FW-0,Low involvement centre forwards
Sam Lammers,Eint Frankfurt,Bundesliga,2022,FW,"FW,MF",517.0,FW-0,Low involvement centre forwards
Sebastian Rode,Eint Frankfurt,Bundesliga,2022,MF,MF,759.0,MF-0,Deep ball winning midfielders
Timothy Chandler,Eint Frankfurt,Bundesliga,2022,DF,DF,1212.0,DF-1,Wide attacking defenders
Tuta,Eint Frankfurt,Bundesliga,2022,DF,DF,2183.0,DF-0,Deep central defenders
Christian Günter,Freiburg,Bundesliga,2022,DF,"DF,MF",3060.0,DF-1,Wide attacking defenders
Ermedin Demirović,Freiburg,Bundesliga,2022,FW,FW,871.0,FW-0,Low involvement centre forwards
Janik Haberer,Freiburg,Bundesliga,2022,MF,MF,818.0,MF-0,Deep ball winning midfielders
Jeong Woo-yeong,Freiburg,Bundesliga,2022,FW,"FW,MF",1782.0,FW-0,Low involvement centre forwards
Jonathan Schmid,Freiburg,Bundesliga,2022,DF,DF,588.0,DF-1,Wide attacking defenders
Kevin Schade,Freiburg,Bundesliga,2022,MF,"MF,FW",831.0,MF-1,Advanced attacking midfielders
Lucas Höler,Freiburg,Bundesliga,2022,FW,FW,2583.0,FW-0,Low involvement centre forwards
Lukas Kübler,Freiburg,Bundesliga,2022,DF,"DF,MF",2327.0,DF-1,Wide attacking defenders
Manuel Gulde,Freiburg,Bundesliga,2022,DF,DF,1225.0,DF-0,Deep central defenders
Maximilian Eggestein,Freiburg,Bundesliga,2022,MF,MF,2194.0,MF-0,Deep ball winning midfielders
Nico Schlotterbeck,Freiburg,Bundesliga,2022,DF,DF,2785.0,DF-0,Deep central defenders
Nicolas Höfler,Freiburg,Bundesliga,2022,MF,MF,2600.0,MF-0,Deep ball winning midfielders
Nils Petersen,Freiburg,Bundesliga,2022,FW,FW,580.0,FW-0,Low involvement centre forwards
Philipp Lienhart,Freiburg,Bundesliga,2022,DF,DF,2870.0,DF-0,Deep central defenders
Roland Sallai,Freiburg,Bundesliga,2022,MF,"MF,FW",1551.0,MF-1,Advanced attacking midfielders
Vincenzo Grifo,Freiburg,Bundesliga,2022,MF,"MF,FW",2775.0,MF-1,Advanced attacking midfielders
Yannik Keitel,Freiburg,Bundesliga,2022,MF,MF,504.0,MF-0,Deep ball winning midfielders
Branimir Hrgota,Greuther Fürth,Bundesliga,2022,FW,"FW,MF",2777.0,FW-0,Low involvement centre forwards
Cedric Itten,Greuther Fürth,Bundesliga,2022,FW,FW,635.0,FW-0,Low involvement centre forwards
Dickson Abiama,Greuther Fürth,Bundesliga,2022,FW,FW,726.0,FW-0,Low involvement centre forwards
Gian-Luca Itter,Greuther Fürth,Bundesliga,2022,DF,DF,1455.0,DF-1,Wide attacking defenders
Hans Nunoo Sarpei,Greuther Fürth,Bundesliga,2022,DF,"DF,MF",643.0,DF-0,Deep central defenders
Håvard Nielsen,Greuther Fürth,Bundesliga,2022,MF,"MF,FW",1367.0,MF-1,Advanced attacking midfielders
Jamie Leweling,Greuther Fürth,Bundesliga,2022,FW,"FW,MF",1959.0,FW-0,Low involvement centre forwards
Jeremy Dudziak,Greuther Fürth,Bundesliga,2022,MF,"MF,FW",1134.0,MF-1,Advanced attacking midfielders
Jetro Willems,Greuther Fürth,Bundesliga,2022,DF,DF,1598.0,DF-1,Wide attacking defenders
Julian Green,Greuther Fürth,Bundesliga,2022,MF,MF,1054.0,MF-1,Advanced attacking midfielders
Marco Meyerhöfer,Greuther Fürth,Bundesliga,2022,DF,DF,2280.0,DF-1,Wide attacking defenders
Max Christiansen,Greuther Fürth,Bundesliga,2022,MF,MF,2054.0,MF-0,Deep ball winning midfielders
Maximilian Bauer,Greuther Fürth,Bundesliga,2022,DF,DF,1690.0,DF-0,Deep central defenders
Nick Viergever,Greuther Fürth,Bundesliga,2022,DF,DF,2133.0,DF-0,Deep central defenders
Paul Seguin,Greuther Fürth,Bundesliga,2022,MF,MF,2108.0,MF-0,Deep ball winning midfielders
Sebastian Griesbeck,Greuther Fürth,Bundesliga,2022,DF,"DF,MF",2439.0,DF-0,Deep central defenders
Simon Asta,Greuther Fürth,Bundesliga,2022,DF,DF,783.0,DF-1,Wide attacking defenders
Timothy Tillman,Greuther Fürth,Bundesliga,2022,MF,MF,2004.0,MF-0,Deep ball winning midfielders
Tobias Raschl,Greuther Fürth,Bundesliga,2022,MF,MF,597.0,MF-0,Deep ball winning midfielders
Davie Selke,Hertha BSC,Bundesliga,2022,FW,FW,1004.0,FW-0,Low involvement centre forwards
Dedryck Boyata,Hertha BSC,Bundesliga,2022,DF,DF,1898.0,DF-0,Deep central defenders
Deyovaisio Zeefuik,Hertha BSC,Bundesliga,2022,DF,"DF,MF",565.0,DF-1,Wide attacking defenders
Ishak Belfodil,Hertha BSC,Bundesliga,2022,FW,FW,1636.0,FW-0,Low involvement centre forwards
Jordan Torunarigha,Hertha BSC,Bundesliga,2022,DF,DF,483.0,DF-0,Deep central defenders
Jurgen Ekkelenkamp,Hertha BSC,Bundesliga,2022,MF,"MF,FW",718.0,MF-1,Advanced attacking midfielders
Kevin-Prince Boateng,Hertha BSC,Bundesliga,2022,MF,"MF,FW",696.0,MF-0,Deep ball winning midfielders
Linus Gechter,Hertha BSC,Bundesliga,2022,DF,DF,716.0,DF-0,Deep central defenders
Lucas Tousart,Hertha BSC,Bundesliga,2022,MF,MF,1962.0,MF-0,Deep ball winning midfielders
Marc-Oliver Kempf,Hertha BSC,Bundesliga,2022,DF,DF,1051.0,DF-0,Deep central defenders
Marco Richter,Hertha BSC,Bundesliga,2022,MF,"MF,FW",1704.0,MF-1,Advanced attacking midfielders
Marvin Plattenhardt,Hertha BSC,Bundesliga,2022,DF,DF,1637.0,DF-1,Wide attacking defenders
Maximilian Mittelstädt,Hertha BSC,Bundesliga,2022,DF,"DF,MF",1493.0,DF-1,Wide attacking defenders
Myziane Maolida,Hertha BSC,Bundesliga,2022,MF,"MF,FW",776.0,MF-1,Advanced attacking midfielders
Márton Dárdai,Hertha BSC,Bundesliga,2022,DF,DF,755.0,DF-0,Deep central defenders
Niklas Stark,Hertha BSC,Bundesliga,2022,DF,"DF,MF",2031.0,DF-0,Deep central defenders
Peter Pekarík,Hertha BSC,Bundesliga,2022,DF,DF,2234.0,DF-0,Deep central defenders
Santiago Ascacíbar,Hertha BSC,Bundesliga,2022,MF,MF,2375.0,MF-0,Deep ball winning midfielders
Stevan Jovetić,Hertha BSC,Bundesliga,2022,FW,"FW,MF",1017.0,FW-1,Creating and carrying forwards
Suat Serdar,Hertha BSC,Bundesliga,2022,MF,MF,2218.0,MF-0,Deep ball winning midfielders
Vladimír Darida,Hertha BSC,Bundesliga,2022,MF,MF,1786.0,MF-0,Deep ball winning midfielders
Andrej Kramarić,Hoffenheim,Bundesliga,2022,FW,"FW,MF",2707.0,FW-1,Creating and carrying forwards
Angelo Stiller,Hoffenheim,Bundesliga,2022,MF,MF,1693.0,MF-0,Deep ball winning midfielders
Chris Richards,Hoffenheim,Bundesliga,2022,DF,DF,1304.0,DF-0,Deep central defenders
Christoph Baumgartner,Hoffenheim,Bundesliga,2022,MF,MF,1888.0,MF-1,Advanced attacking midfielders
David Raum,Hoffenheim,Bundesliga,2022,DF,"DF,FW",2757.0,DF-1,Wide attacking defenders
Dennis Geiger,Hoffenheim,Bundesliga,2022,MF,MF,1377.0,MF-0,Deep ball winning midfielders
Diadie Samassékou,Hoffenheim,Bundesliga,2022,MF,MF,1655.0,MF-0,Deep ball winning midfielders
Florian Grillitsch,Hoffenheim,Bundesliga,2022,DF,"DF,MF",1496.0,DF-0,Deep central defenders
Georginio Rutter,Hoffenheim,Bundesliga,2022,FW,"FW,MF",1611.0,FW-0,Low involvement centre forwards
Ihlas Bebou,Hoffenheim,Bundesliga,2022,FW,"FW,DF",2091.0,FW-0,Low involvement centre forwards
Jacob Bruun Larsen,Hoffenheim,Bundesliga,2022,MF,"MF,FW",812.0,MF-1,Advanced attacking midfielders
Kevin Akpoguma,Hoffenheim,Bundesliga,2022,DF,"DF,FW",1527.0,DF-1,Wide attacking defenders
Kevin Vogt,Hoffenheim,Bundesliga,2022,DF,DF,2569.0,DF-0,Deep central defenders
Moanes Dabbur,Hoffenheim,Bundesliga,2022,FW,"FW,MF",1310.0,FW-0,Low involvement centre forwards
Pavel Kadeřábek,Hoffenheim,Bundesliga,2022,DF,"DF,MF",1195.0,DF-1,Wide attacking defenders
Sebastian Rudy,Hoffenheim,Bundesliga,2022,MF,MF,773.0,MF-0,Deep ball winning midfielders
Stefan Posch,Hoffenheim,Bundesliga,2022,DF,DF,2199.0,DF-0,Deep central defenders
Anthony Modeste,Köln,Bundesliga,2022,FW,FW,2606.0,FW-0,Low involvement centre forwards
Benno Schmitz,Köln,Bundesliga,2022,DF,DF,2421.0,DF-1,Wide attacking defenders
Dejan Ljubicic,Köln,Bundesliga,2022,MF,MF,1969.0,MF-1,Advanced attacking midfielders
Ellyes Skhiri,Köln,Bundesliga,2022,MF,MF,1820.0,MF-0,Deep ball winning midfielders
Florian Kainz,Köln,Bundesliga,2022,MF,MF,2320.0,MF-1,Advanced attacking midfielders
Jan Thielmann,Köln,Bundesliga,2022,MF,"MF,FW",1192.0,MF-1,Advanced attacking midfielders
Jannes Horn,Köln,Bundesliga,2022,DF,DF,478.0,DF-1,Wide attacking defenders
Jonas Hector,Köln,Bundesliga,2022,DF,DF,2553.0,DF-1,Wide attacking defenders
Jorge Meré,Köln,Bundesliga,2022,DF,DF,490.0,DF-0,Deep central defenders
Kingsley Ehizibue,Köln,Bundesliga,2022,DF,DF,681.0,DF-1,Wide attacking defenders
Louis Schaub,Köln,Bundesliga,2022,MF,MF,654.0,MF-1,Advanced attacking midfielders
Luca Kilian,Köln,Bundesliga,2022,DF,DF,2281.0,DF-0,Deep central defenders
Mark Uth,Köln,Bundesliga,2022,MF,"MF,FW",2025.0,MF-1,Advanced attacking midfielders
Ondrej Duda,Köln,Bundesliga,2022,MF,MF,1611.0,MF-1,Advanced attacking midfielders
Rafael Czichos,Köln,Bundesliga,2022,DF,DF,1402.0,DF-0,Deep central defenders
Salih Özcan,Köln,Bundesliga,2022,MF,MF,2312.0,MF-0,Deep ball winning midfielders
Sebastian Andersson,Köln,Bundesliga,2022,FW,FW,1257.0,FW-0,Low involvement centre forwards
Timo Hübers,Köln,Bundesliga,2022,DF,DF,1740.0,DF-0,Deep central defenders
Amine Adli,Leverkusen,Bundesliga,2022,MF,"MF,FW",1256.0,MF-1,Advanced attacking midfielders
Charles Aránguiz,Leverkusen,Bundesliga,2022,MF,MF,1578.0,MF-0,Deep ball winning midfielders
Edmond Tapsoba,Leverkusen,Bundesliga,2022,DF,DF,1814.0,DF-0,Deep central defenders
Exequiel Palacios,Leverkusen,Bundesliga,2022,MF,MF,1097.0,MF-0,Deep ball winning midfielders
Florian Wirtz,Leverkusen,Bundesliga,2022,MF,"MF,FW",1851.0,MF-1,Advanced attacking midfielders
Jeremie Frimpong,Leverkusen,Bundesliga,2022,DF,DF,2052.0,DF-1,Wide attacking defenders
Jonathan Tah,Leverkusen,Bundesliga,2022,DF,DF,2878.0,DF-0,Deep central defenders
Karim Bellarabi,Leverkusen,Bundesliga,2022,MF,"MF,DF",683.0,MF-1,Advanced attacking midfielders
Kerem Demirbay,Leverkusen,Bundesliga,2022,MF,MF,2049.0,MF-0,Deep ball winning midfielders
Lucas Alario,Leverkusen,Bundesliga,2022,FW,FW,655.0,FW-0,Low involvement centre forwards
Mitchel Bakker,Leverkusen,Bundesliga,2022,DF,DF,1822.0,DF-1,Wide attacking defenders
Moussa Diaby,Leverkusen,Bundesliga,2022,MF,"MF,FW",2760.0,MF-1,Advanced attacking midfielders
Odilon Kossonou,Leverkusen,Bundesliga,2022,DF,DF,1793.0,DF-0,Deep central defenders
Patrik Schick,Leverkusen,Bundesliga,2022,FW,FW,2076.0,FW-0,Low involvement centre forwards
Paulinho,Leverkusen,Bundesliga,2022,MF,MF,1218.0,MF-1,Advanced attacking midfielders
Piero Hincapié,Leverkusen,Bundesliga,2022,DF,DF,1754.0,DF-0,Deep central defenders
Robert Andrich,Leverkusen,Bundesliga,2022,MF,MF,1817.0,MF-0,Deep ball winning midfielders
Alassane Pléa,M'Gladbach,Bundesliga,2022,MF,"MF,FW",2070.0,MF-1,Advanced attacking midfielders
Breel Embolo,M'Gladbach,Bundesliga,2022,FW,"FW,MF",2166.0,FW-0,Low involvement centre forwards
Christoph Kramer,M'Gladbach,Bundesliga,2022,MF,MF,748.0,MF-0,Deep ball winning midfielders
Denis Zakaria,M'Gladbach,Bundesliga,2022,MF,"MF,DF",1395.0,MF-0,Deep ball winning midfielders
Florian Neuhaus,M'Gladbach,Bundesliga,2022,MF,MF,2121.0,MF-0,Deep ball winning midfielders
Joe Scally,M'Gladbach,Bundesliga,2022,DF,DF,1909.0,DF-1,Wide attacking defenders
Jonas Hofmann,M'Gladbach,Bundesliga,2022,MF,MF,2078.0,MF-1,Advanced attacking midfielders
Kouadio Koné,M'Gladbach,Bundesliga,2022,MF,MF,2183.0,MF-0,Deep ball winning midfielders
Lars Stindl,M'Gladbach,Bundesliga,2022,MF,"MF,FW",1629.0,MF-1,Advanced attacking midfielders
Louis Beyer,M'Gladbach,Bundesliga,2022,DF,DF,1384.0,DF-0,Deep central defenders
Luca Netz,M'Gladbach,Bundesliga,2022,DF,DF,1396.0,DF-1,Wide attacking defenders
Marcus Thuram,M'Gladbach,Bundesliga,2022,FW,"FW,MF",979.0,FW-0,Low involvement centre forwards
Marvin Friedrich,M'Gladbach,Bundesliga,2022,DF,DF,600.0,DF-0,Deep central defenders
Matthias Ginter,M'Gladbach,Bundesliga,2022,DF,DF,2355.0,DF-0,Deep central defenders
Nico Elvedi,M'Gladbach,Bundesliga,2022,DF,DF,2430.0,DF-0,Deep central defenders
Patrick Herrmann,M'Gladbach,Bundesliga,2022,MF,"MF,DF",754.0,MF-1,Advanced attacking midfielders
Ramy Bensebaini,M'Gladbach,Bundesliga,2022,DF,DF,2020.0,DF-0,Deep central defenders
Stefan Lainer,M'Gladbach,Bundesliga,2022,DF,DF,1471.0,DF-1,Wide attacking defenders
Aarón Martín,Mainz 05,Bundesliga,2022,DF,DF,2292.0,DF-1,Wide attacking defenders
Alexander Hack,Mainz 05,Bundesliga,2022,DF,DF,2074.0,DF-0,Deep central defenders
Anderson Lucoqui,Mainz 05,Bundesliga,2022,DF,DF,743.0,DF-1,Wide attacking defenders
Anton Stach,Mainz 05,Bundesliga,2022,MF,MF,1861.0,MF-0,Deep ball winning midfielders
Dominik Kohr,Mainz 05,Bundesliga,2022,MF,MF,1614.0,MF-0,Deep ball winning midfielders
Jean-Paul Boëtius,Mainz 05,Bundesliga,2022,MF,MF,1800.0,MF-0,Deep ball winning midfielders
Jerry St. Juste,Mainz 05,Bundesliga,2022,DF,DF,604.0,DF-0,Deep central defenders
Jonathan Burkardt,Mainz 05,Bundesliga,2022,FW,"FW,MF",2611.0,FW-0,Low involvement centre forwards
Karim Onisiwo,Mainz 05,Bundesliga,2022,FW,FW,2361.0,FW-0,Low involvement centre forwards
Leandro Barreiro Martins,Mainz 05,Bundesliga,2022,MF,MF,1789.0,MF-0,Deep ball winning midfielders
Lee Jae-sung,Mainz 05,Bundesliga,2022,MF,"MF,FW",1436.0,MF-1,Advanced attacking midfielders
Marcus Ingvartsen,Mainz 05,Bundesliga,2022,FW,"FW,MF",680.0,FW-0,Low involvement centre forwards
Moussa Niakhate,Mainz 05,Bundesliga,2022,DF,DF,2567.0,DF-0,Deep central defenders
Niklas Tauer,Mainz 05,Bundesliga,2022,DF,"DF,MF",487.0,DF-0,Deep central defenders
Silvan Widmer,Mainz 05,Bundesliga,2022,DF,DF,2920.0,DF-1,Wide attacking defenders
Stefan Bell,Mainz 05,Bundesliga,2022,DF,DF,2864.0,DF-0,Deep central defenders
Amadou Haidara,RB Leipzig,Bundesliga,2022,MF,MF,1326.0,MF-0,Deep ball winning midfielders
André Silva,RB Leipzig,Bundesliga,2022,FW,FW,2076.0,FW-0,Low involvement centre forwards
Angeliño,RB Leipzig,Bundesliga,2022,DF,DF,2298.0,DF-1,Wide attacking defenders
Benjamin Henrichs,RB Leipzig,Bundesliga,2022,DF,DF,1143.0,DF-1,Wide attacking defenders
Christopher Nkunku,RB Leipzig,Bundesliga,2022,FW,"FW,MF",2723.0,FW-1,Creating and carrying forwards
Dani Olmo,RB Leipzig,Bundesliga,2022,MF,"MF,FW",743.0,MF-1,Advanced attacking midfielders
Dominik Szoboszlai,RB Leipzig,Bundesliga,2022,MF,MF,1543.0,MF-1,Advanced attacking midfielders
Emil Forsberg,RB Leipzig,Bundesliga,2022,MF,MF,1706.0,MF-1,Advanced attacking midfielders
Joško Gvardiol,RB Leipzig,Bundesliga,2022,DF,DF,2409.0,DF-0,Deep central defenders
Kevin Kampl,RB Leipzig,Bundesliga,2022,MF,MF,1899.0,MF-0,Deep ball winning midfielders
Konrad Laimer,RB Leipzig,Bundesliga,2022,MF,MF,1240.0,MF-0,Deep ball winning midfielders
Lukas Klostermann,RB Leipzig,Bundesliga,2022,DF,DF,1648.0,DF-0,Deep central defenders
Marcel Halstenberg,RB Leipzig,Bundesliga,2022,DF,DF,507.0,DF-0,Deep central defenders
Mohamed Simakan,RB Leipzig,Bundesliga,2022,DF,DF,2009.0,DF-0,Deep central defenders
Nordi Mukiele,RB Leipzig,Bundesliga,2022,DF,"DF,FW",1842.0,DF-1,Wide attacking defenders
Tyler Adams,RB Leipzig,Bundesliga,2022,MF,MF,1351.0,MF-0,Deep ball winning midfielders
Willi Orban,RB Leipzig,Bundesliga,2022,DF,DF,2642.0,DF-0,Deep central defenders
Yussuf Poulsen,RB Leipzig,Bundesliga,2022,FW,"FW,MF",1079.0,FW-0,Low involvement centre forwards
Atakan Karazor,Stuttgart,Bundesliga,2022,MF,MF,1898.0,MF-0,Deep ball winning midfielders
Borna Sosa,Stuttgart,Bundesliga,2022,DF,"DF,FW",2498.0,DF-1,Wide attacking defenders
Chris Führich,Stuttgart,Bundesliga,2022,MF,"MF,FW",1714.0,MF-1,Advanced attacking midfielders
Hamadi Al Ghaddioui,Stuttgart,Bundesliga,2022,FW,FW,498.0,FW-0,Low involvement centre forwards
Hiroki Ito,Stuttgart,Bundesliga,2022,DF,DF,2348.0,DF-0,Deep central defenders
Konstantinos Mavropanos,Stuttgart,Bundesliga,2022,DF,DF,2705.0,DF-0,Deep central defenders
Marc-Oliver Kempf,Stuttgart,Bundesliga,2022,DF,DF,840.0,DF-0,Deep central defenders
Mateo Klimowicz,Stuttgart,Bundesliga,2022,MF,"MF,FW",603.0,MF-1,Advanced attacking midfielders
Omar Marmoush,Stuttgart,Bundesliga,2022,FW,FW,1571.0,FW-1,Creating and carrying forwards
Orel Mangala,Stuttgart,Bundesliga,2022,MF,MF,1853.0,MF-0,Deep ball winning midfielders
Pascal Stenzel,Stuttgart,Bundesliga,2022,DF,DF,899.0,DF-0,Deep central defenders
Philipp Förster,Stuttgart,Bundesliga,2022,MF,"MF,FW",967.0,MF-1,Advanced attacking midfielders
Roberto Massimo,Stuttgart,Bundesliga,2022,DF,"DF,FW",877.0,DF-1,Wide attacking defenders
Sasa Kalajdzic,Stuttgart,Bundesliga,2022,FW,FW,1221.0,FW-0,Low involvement centre forwards
Tanguy Coulibaly,Stuttgart,Bundesliga,2022,FW,"FW,MF",1079.0,FW-0,Low involvement centre forwards
Tiago Tomás,Stuttgart,Bundesliga,2022,FW,FW,1075.0,FW-0,Low involvement centre forwards
Waldemar Anton,Stuttgart,Bundesliga,2022,DF,DF,2595.0,DF-0,Deep central defenders
Wataru Endo,Stuttgart,Bundesliga,2022,MF,MF,2899.0,MF-0,Deep ball winning midfielders
Andreas Voglsammer,Union Berlin,Bundesliga,2022,FW,"FW,MF",882.0,FW-0,Low involvement centre forwards
Bastian Oczipka,Union Berlin,Bundesliga,2022,DF,DF,932.0,DF-1,Wide attacking defenders
Christopher Trimmel,Union Berlin,Bundesliga,2022,DF,"DF,FW",1990.0,DF-1,Wide attacking defenders
Dominique Heintz,Union Berlin,Bundesliga,2022,DF,DF,467.0,DF-0,Deep central defenders
Genki Haraguchi,Union Berlin,Bundesliga,2022,MF,MF,1755.0,MF-0,Deep ball winning midfielders
Grischa Prömel,Union Berlin,Bundesliga,2022,MF,MF,2422.0,MF-0,Deep ball winning midfielders
Julian Ryerson,Union Berlin,Bundesliga,2022,DF,DF,1429.0,DF-1,Wide attacking defenders
Kevin Behrens,Union Berlin,Bundesliga,2022,FW,FW,499.0,FW-0,Low involvement centre forwards
Levin Öztunalı,Union Berlin,Bundesliga,2022,MF,MF,572.0,MF-0,Deep ball winning midfielders
Marvin Friedrich,Union Berlin,Bundesliga,2022,DF,DF,1169.0,DF-0,Deep central defenders
Max Kruse,Union Berlin,Bundesliga,2022,FW,"FW,MF",1270.0,FW-1,Creating and carrying forwards
Niko Gießelmann,Union Berlin,Bundesliga,2022,DF,"DF,FW",2083.0,DF-1,Wide attacking defenders
Paul Jaeckel,Union Berlin,Bundesliga,2022,DF,DF,2047.0,DF-0,Deep central defenders
Rani Khedira,Union Berlin,Bundesliga,2022,MF,MF,2757.0,MF-0,Deep ball winning midfielders
Robin Knoche,Union Berlin,Bundesliga,2022,DF,DF,2970.0,DF-0,Deep central defenders
Sheraldo Becker,Union Berlin,Bundesliga,2022,FW,"FW,MF",1758.0,FW-1,Creating and carrying forwards
Taiwo Awoniyi,Union Berlin,Bundesliga,2022,FW,FW,2174.0,FW-0,Low involvement centre forwards
Timo Baumgartl,Union Berlin,Bundesliga,2022,DF,DF,2166.0,DF-0,Deep central defenders
Aster Vranckx,Wolfsburg,Bundesliga,2022,MF,MF,1141.0,MF-0,Deep ball winning midfielders
Dodi Lukebakio,Wolfsburg,Bundesliga,2022,MF,MF,882.0,MF-1,Advanced attacking midfielders
John Brooks,Wolfsburg,Bundesliga,2022,DF,DF,2615.0,DF-0,Deep central defenders
Jonas Wind,Wolfsburg,Bundesliga,2022,FW,"FW,MF",1180.0,FW-0,Low involvement centre forwards
Josuha Guilavogui,Wolfsburg,Bundesliga,2022,MF,"MF,DF",942.0,MF-0,Deep ball winning midfielders
Jérôme Roussillon,Wolfsburg,Bundesliga,2022,DF,DF,1775.0,DF-1,Wide attacking defenders
Kevin Mbabu,Wolfsburg,Bundesliga,2022,DF,DF,1391.0,DF-1,Wide attacking defenders
Luca Waldschmidt,Wolfsburg,Bundesliga,2022,MF,MF,717.0,MF-1,Advanced attacking midfielders
Lukas Nmecha,Wolfsburg,Bundesliga,2022,FW,"FW,MF",1627.0,FW-0,Low involvement centre forwards
Max Kruse,Wolfsburg,Bundesliga,2022,MF,"MF,FW",1128.0,MF-1,Advanced attacking midfielders
Maxence Lacroix,Wolfsburg,Bundesliga,2022,DF,DF,2491.0,DF-0,Deep central defenders
Maximilian Arnold,Wolfsburg,Bundesliga,2022,MF,MF,2994.0,MF-0,Deep ball winning midfielders
Maximilian Philipp,Wolfsburg,Bundesliga,2022,MF,MF,963.0,MF-1,Advanced attacking midfielders
Renato Steffen,Wolfsburg,Bundesliga,2022,MF,"MF,DF",967.0,MF-1,Advanced attacking midfielders
Ridle Baku,Wolfsburg,Bundesliga,2022,DF,"DF,MF",2446.0,DF-1,Wide attacking defenders
Sebastiaan Bornauw,Wolfsburg,Bundesliga,2022,DF,DF,2007.0,DF-0,Deep central defenders
Wout Weghorst,Wolfsburg,Bundesliga,2022,FW,FW,1553.0,FW-0,Low involvement centre forwards
Xaver Schlager,Wolfsburg,Bundesliga,2022,MF,MF,1040.0,MF-0,Deep ball winning midfielders
Yannick Gerhardt,Wolfsburg,Bundesliga,2022,MF,"MF,DF",1574.0,MF-0,Deep ball winning midfielders
Facundo Pellistri,Alavés,La Liga,2022,MF,"MF,FW",672.0,MF-1,Advanced attacking midfielders
Florian Lejeune,Alavés,La Liga,2022,DF,DF,2699.0,DF-0,Deep central defenders
Gonzalo Escalante,Alavés,La Liga,2022,MF,MF,1300.0,MF-0,Deep ball winning midfielders
Jason,Alavés,La Liga,2022,MF,MF,678.0,MF-1,Advanced attacking midfielders
Javi López,Alavés,La Liga,2022,DF,DF,462.0,DF-1,Wide attacking defenders
Joselu,Alavés,La Liga,2022,FW,FW,3122.0,FW-0,Low involvement centre forwards
Loum Ndiaye,Alavés,La Liga,2022,MF,MF,2312.0,MF-0,Deep ball winning midfielders
Luis Rioja,Alavés,La Liga,2022,MF,"MF,FW",3111.0,MF-1,Advanced attacking midfielders
Manu García,Alavés,La Liga,2022,MF,MF,1077.0,MF-0,Deep ball winning midfielders
Martin Agirregabiria,Alavés,La Liga,2022,DF,"DF,MF",1616.0,DF-1,Wide attacking defenders
Matt Miazga,Alavés,La Liga,2022,DF,DF,833.0,DF-0,Deep central defenders
Miguel,Alavés,La Liga,2022,FW,"FW,MF",829.0,FW-0,Low involvement centre forwards
Nahuel Tenaglia,Alavés,La Liga,2022,DF,DF,1073.0,DF-1,Wide attacking defenders
Pere Pons,Alavés,La Liga,2022,MF,MF,1366.0,MF-0,Deep ball winning midfielders
Rubén Duarte,Alavés,La Liga,2022,DF,DF,2621.0,DF-1,Wide attacking defenders
Tomás Pina Isla,Alavés,La Liga,2022,MF,MF,1444.0,MF-0,Deep ball winning midfielders
Toni Moya,Alavés,La Liga,2022,MF,MF,1386.0,MF-0,Deep ball winning midfielders
Víctor Laguardia,Alavés,La Liga,2022,DF,DF,3042.0,DF-0,Deep central defenders
Ximo Navarro,Alavés,La Liga,2022,DF,DF,1347.0,DF-0,Deep central defenders
Édgar Méndez,Alavés,La Liga,2022,MF,"MF,FW",1614.0,MF-1,Advanced attacking midfielders
Asier Villalibre,Athletic Club,La Liga,2022,FW,FW,548.0,FW-0,Low involvement centre forwards
Dani García,Athletic Club,La Liga,2022,MF,MF,2177.0,MF-0,Deep ball winning midfielders
Daniel Vivian,Athletic Club,La Liga,2022,DF,DF,1986.0,DF-0,Deep central defenders
Iker Muniain,Athletic Club,La Liga,2022,MF,MF,2785.0,MF-1,Advanced attacking midfielders
Iñaki Williams,Athletic Club,La Liga,2022,FW,FW,2777.0,FW-0,Low involvement centre forwards
Iñigo Lekue,Athletic Club,La Liga,2022,DF,DF,1925.0,DF-1,Wide attacking defenders
Iñigo Martínez,Athletic Club,La Liga,2022,DF,DF,2341.0,DF-0,Deep central defenders
Mikel Balenziaga,Athletic Club,La Liga,2022,DF,DF,2027.0,DF-1,Wide attacking defenders
Mikel Vesga,Athletic Club,La Liga,2022,MF,MF,1358.0,MF-0,Deep ball winning midfielders
Nico Williams,Athletic Club,La Liga,2022,MF,MF,1337.0,MF-1,Advanced attacking midfielders
Oier Zarraga,Athletic Club,La Liga,2022,MF,MF,1166.0,MF-0,Deep ball winning midfielders
Oihan Sancet,Athletic Club,La Liga,2022,FW,FW,1422.0,FW-1,Creating and carrying forwards
Raúl García,Athletic Club,La Liga,2022,FW,FW,1802.0,FW-0,Low involvement centre forwards
Unai Núñez,Athletic Club,La Liga,2022,DF,DF,622.0,DF-0,Deep central defenders
Unai Vencedor Paris,Athletic Club,La Liga,2022,MF,MF,2383.0,MF-0,Deep ball winning midfielders
Yeray Álvarez,Athletic Club,La Liga,2022,DF,DF,1860.0,DF-0,Deep central defenders
Yuri Berchiche,Athletic Club,La Liga,2022,DF,DF,1015.0,DF-1,Wide attacking defenders
Álex Berenguer,Athletic Club,La Liga,2022,MF,MF,2168.0,MF-1,Advanced attacking midfielders
Óscar de Marcos,Athletic Club,La Liga,2022,DF,DF,1679.0,DF-1,Wide attacking defenders
Antoine Griezmann,Atlético Madrid,La Liga,2022,FW,"FW,MF",1695.0,FW-1,Creating and carrying forwards
Felipe,Atlético Madrid,La Liga,2022,DF,DF,1504.0,DF-0,Deep central defenders
Geoffrey Kondogbia,Atlético Madrid,La Liga,2022,MF,"MF,DF",1882.0,MF-0,Deep ball winning midfielders
Héctor Herrera,Atlético Madrid,La Liga,2022,MF,MF,859.0,MF-0,Deep ball winning midfielders
José María Giménez,Atlético Madrid,La Liga,2022,DF,DF,2042.0,DF-0,Deep central defenders
João Félix,Atlético Madrid,La Liga,2022,FW,"FW,MF",1263.0,FW-1,Creating and carrying forwards
Kieran Trippier,Atlético Madrid,La Liga,2022,DF,"DF,FW",976.0,DF-1,Wide attacking defenders
Koke,Atlético Madrid,La Liga,2022,MF,MF,2508.0,MF-0,Deep ball winning midfielders
Luis Suárez,Atlético Madrid,La Liga,2022,FW,FW,1835.0,FW-0,Low involvement centre forwards
Marcos Llorente,Atlético Madrid,La Liga,2022,MF,"MF,DF",2447.0,MF-0,Deep ball winning midfielders
Mario Hermoso,Atlético Madrid,La Liga,2022,DF,DF,1865.0,DF-0,Deep central defenders
Matheus Cunha,Atlético Madrid,La Liga,2022,FW,FW,1063.0,FW-0,Low involvement centre forwards
Reinildo Mandava,Atlético Madrid,La Liga,2022,DF,DF,1298.0,DF-0,Deep central defenders
Renan Lodi,Atlético Madrid,La Liga,2022,DF,DF,1181.0,DF-1,Wide attacking defenders
Rodrigo De Paul,Atlético Madrid,La Liga,2022,MF,MF,2151.0,MF-0,Deep ball winning midfielders
Stefan Savić,Atlético Madrid,La Liga,2022,DF,DF,2440.0,DF-0,Deep central defenders
Thomas Lemar,Atlético Madrid,La Liga,2022,MF,MF,1440.0,MF-1,Advanced attacking midfielders
Yannick Carrasco,Atlético Madrid,La Liga,2022,MF,"MF,FW",2583.0,MF-1,Advanced attacking midfielders
Ángel Correa,Atlético Madrid,La Liga,2022,FW,"FW,MF",1856.0,FW-1,Creating and carrying forwards
Šime Vrsaljko,Atlético Madrid,La Liga,2022,DF,DF,914.0,DF-1,Wide attacking defenders
Abdessamad Ezzalzouli,Barcelona,La Liga,2022,FW,FW,580.0,FW-1,Creating and carrying forwards
Clément Lenglet,Barcelona,La Liga,2022,DF,DF,826.0,DF-0,Deep central defenders
Dani Alves,Barcelona,La Liga,2022,DF,DF,1098.0,DF-1,Wide attacking defenders
Eric García,Barcelona,La Liga,2022,DF,DF,2039.0,DF-0,Deep central defenders
Ferrán Torres,Barcelona,La Liga,2022,FW,FW,1412.0,FW-1,Creating and carrying forwards
Frenkie de Jong,Barcelona,La Liga,2022,MF,MF,2476.0,MF-0,Deep ball winning midfielders
Gavi,Barcelona,La Liga,2022,MF,"MF,FW",2316.0,MF-0,Deep ball winning midfielders
Gerard Piqué,Barcelona,La Liga,2022,DF,DF,2092.0,DF-0,Deep central defenders
Jordi Alba,Barcelona,La Liga,2022,DF,DF,2644.0,DF-1,Wide attacking defenders
Luuk de Jong,Barcelona,La Liga,2022,FW,FW,654.0,FW-0,Low involvement centre forwards
Memphis Depay,Barcelona,La Liga,2022,FW,"FW,MF",1851.0,FW-1,Creating and carrying forwards
Nicolás González,Barcelona,La Liga,2022,MF,MF,1114.0,MF-0,Deep ball winning midfielders
Ousmane Dembélé,Barcelona,La Liga,2022,FW,FW,1409.0,FW-1,Creating and carrying forwards
Pedri,Barcelona,La Liga,2022,MF,MF,885.0,MF-1,Advanced attacking midfielders
Philippe Coutinho,Barcelona,La Liga,2022,MF,"MF,FW",503.0,MF-1,Advanced attacking midfielders
Pierre-Emerick Aubameyang,Barcelona,La Liga,2022,FW,FW,1082.0,FW-0,Low involvement centre forwards
Riqui Puig,Barcelona,La Liga,2022,MF,MF,487.0,MF-1,Advanced attacking midfielders
Ronald Araújo,Barcelona,La Liga,2022,DF,DF,2272.0,DF-0,Deep central defenders
Sergio Busquets,Barcelona,La Liga,2022,MF,MF,3198.0,MF-0,Deep ball winning midfielders
Sergiño Dest,Barcelona,La Liga,2022,DF,"DF,FW",1512.0,DF-1,Wide attacking defenders
Óscar Mingueza,Barcelona,La Liga,2022,DF,DF,894.0,DF-1,Wide attacking defenders
Aitor Ruibal,Betis,La Liga,2022,MF,"MF,DF",856.0,MF-1,Advanced attacking midfielders
Andrés Guardado,Betis,La Liga,2022,MF,MF,1393.0,MF-0,Deep ball winning midfielders
Borja Iglesias,Betis,La Liga,2022,FW,FW,1573.0,FW-0,Low involvement centre forwards
Cristian Tello,Betis,La Liga,2022,MF,MF,819.0,MF-1,Advanced attacking midfielders
Germán Pezzella,Betis,La Liga,2022,DF,DF,1988.0,DF-0,Deep central defenders
Guido Rodríguez,Betis,La Liga,2022,MF,MF,2529.0,MF-0,Deep ball winning midfielders
Héctor Bellerín,Betis,La Liga,2022,DF,DF,1979.0,DF-1,Wide attacking defenders
Joaquín,Betis,La Liga,2022,MF,MF,471.0,MF-1,Advanced attacking midfielders
Juan Miranda,Betis,La Liga,2022,DF,DF,783.0,DF-1,Wide attacking defenders
Juanmi,Betis,La Liga,2022,MF,MF,2131.0,MF-1,Advanced attacking midfielders
Marc Bartra,Betis,La Liga,2022,DF,DF,1993.0,DF-0,Deep central defenders
Martín Montoya,Betis,La Liga,2022,DF,DF,518.0,DF-1,Wide attacking defenders
Nabil Fekir,Betis,La Liga,2022,MF,MF,2794.0,MF-1,Advanced attacking midfielders
Paul Akouokou,Betis,La Liga,2022,MF,MF,516.0,MF-0,Deep ball winning midfielders
Rodrigo,Betis,La Liga,2022,MF,MF,881.0,MF-1,Advanced attacking midfielders
Sergio Canales,Betis,La Liga,2022,MF,MF,2791.0,MF-1,Advanced attacking midfielders
Víctor Ruiz,Betis,La Liga,2022,DF,DF,1424.0,DF-0,Deep central defenders
William Carvalho,Betis,La Liga,2022,MF,MF,1805.0,MF-0,Deep ball winning midfielders
Willian José,Betis,La Liga,2022,FW,FW,1604.0,FW-0,Low involvement centre forwards
Youssouf Sabaly,Betis,La Liga,2022,DF,DF,788.0,DF-1,Wide attacking defenders
Álex Moreno,Betis,La Liga,2022,DF,DF,2404.0,DF-1,Wide attacking defenders
Édgar González,Betis,La Liga,2022,DF,DF,1464.0,DF-0,Deep central defenders
Augusto Solari,Celta Vigo,La Liga,2022,MF,"MF,DF",714.0,MF-0,Deep ball winning midfielders
Brais Méndez,Celta Vigo,La Liga,2022,MF,MF,3021.0,MF-1,Advanced attacking midfielders
Denis Suárez,Celta Vigo,La Liga,2022,MF,MF,2819.0,MF-1,Advanced attacking midfielders
Fran Beltrán,Celta Vigo,La Liga,2022,MF,MF,2597.0,MF-0,Deep ball winning midfielders
Franco Cervi,Celta Vigo,La Liga,2022,MF,MF,1801.0,MF-1,Advanced attacking midfielders
Hugo Mallo,Celta Vigo,La Liga,2022,DF,DF,1826.0,DF-1,Wide attacking defenders
Iago Aspas,Celta Vigo,La Liga,2022,FW,FW,3087.0,FW-1,Creating and carrying forwards
Javi Galán,Celta Vigo,La Liga,2022,DF,DF,3298.0,DF-1,Wide attacking defenders
Jeison Murillo,Celta Vigo,La Liga,2022,DF,DF,1117.0,DF-0,Deep central defenders
Joseph Aidoo,Celta Vigo,La Liga,2022,DF,DF,2637.0,DF-0,Deep central defenders
Kevin Vázquez,Celta Vigo,La Liga,2022,DF,DF,1334.0,DF-1,Wide attacking defenders
Nolito,Celta Vigo,La Liga,2022,MF,MF,1384.0,MF-1,Advanced attacking midfielders
Néstor Araujo,Celta Vigo,La Liga,2022,DF,DF,2617.0,DF-0,Deep central defenders
Renato Tapia,Celta Vigo,La Liga,2022,MF,MF,1412.0,MF-0,Deep ball winning midfielders
Santi Mina,Celta Vigo,La Liga,2022,FW,FW,2367.0,FW-0,Low involvement centre forwards
Thiago Galhardo,Celta Vigo,La Liga,2022,FW,"FW,MF",1148.0,FW-0,Low involvement centre forwards
Alberto Perea,Cádiz,La Liga,2022,MF,MF,777.0,MF-1,Advanced attacking midfielders
Alfonso Espino,Cádiz,La Liga,2022,DF,DF,3329.0,DF-1,Wide attacking defenders
Anthony Lozano,Cádiz,La Liga,2022,FW,"FW,MF",1672.0,FW-0,Low involvement centre forwards
Cala,Cádiz,La Liga,2022,DF,DF,947.0,DF-0,Deep central defenders
Carlos Akapo,Cádiz,La Liga,2022,DF,DF,1844.0,DF-1,Wide attacking defenders
Fali,Cádiz,La Liga,2022,DF,"DF,MF",1803.0,DF-0,Deep central defenders
Fede San Emeterio,Cádiz,La Liga,2022,MF,MF,830.0,MF-0,Deep ball winning midfielders
Isaac Carcelen,Cádiz,La Liga,2022,DF,"DF,MF",1544.0,DF-1,Wide attacking defenders
Iván Alejo,Cádiz,La Liga,2022,MF,MF,1065.0,MF-1,Advanced attacking midfielders
Jens Jønsson,Cádiz,La Liga,2022,MF,MF,1303.0,MF-0,Deep ball winning midfielders
Lucas Pérez,Cádiz,La Liga,2022,FW,"FW,MF",1060.0,FW-1,Creating and carrying forwards
Luis Hernández,Cádiz,La Liga,2022,DF,DF,1366.0,DF-0,Deep central defenders
Oussama Idrissi,Cádiz,La Liga,2022,MF,MF,902.0,MF-1,Advanced attacking midfielders
Rubén Alcaraz,Cádiz,La Liga,2022,MF,MF,1105.0,MF-0,Deep ball winning midfielders
Rubén Sobrino,Cádiz,La Liga,2022,MF,"MF,FW",1861.0,MF-1,Advanced attacking midfielders
Salvi,Cádiz,La Liga,2022,MF,MF,1395.0,MF-1,Advanced attacking midfielders
Santiago Arzamendia,Cádiz,La Liga,2022,MF,MF,469.0,MF-0,Deep ball winning midfielders
Tomás Alarcón,Cádiz,La Liga,2022,MF,MF,1425.0,MF-0,Deep ball winning midfielders
Varazdat Haroyan,Cádiz,La Liga,2022,DF,DF,1437.0,DF-0,Deep central defenders
Víctor Chust,Cádiz,La Liga,2022,DF,DF,1830.0,DF-0,Deep central defenders
Álex Fernández,Cádiz,La Liga,2022,MF,MF,2051.0,MF-0,Deep ball winning midfielders
Álvaro Negredo,Cádiz,La Liga,2022,FW,FW,2157.0,FW-0,Low involvement centre forwards
Antonio Barragán,Elche,La Liga,2022,DF,DF,1020.0,DF-0,Deep central defenders
Darío Benedetto,Elche,La Liga,2022,FW,"FW,MF",590.0,FW-0,Low involvement centre forwards
Diego González,Elche,La Liga,2022,DF,DF,1793.0,DF-0,Deep central defenders
Enzo Roco,Elche,La Liga,2022,DF,DF,2552.0,DF-0,Deep central defenders
Ezequiel Ponce,Elche,La Liga,2022,FW,FW,667.0,FW-0,Low involvement centre forwards
Fidel,Elche,La Liga,2022,MF,MF,2261.0,MF-1,Advanced attacking midfielders
Gerard Gumbau,Elche,La Liga,2022,MF,MF,1890.0,MF-0,Deep ball winning midfielders
Gonzalo Verdú,Elche,La Liga,2022,DF,DF,1397.0,DF-0,Deep central defenders
Guido Carrillo,Elche,La Liga,2022,FW,FW,1168.0,FW-0,Low involvement centre forwards
Helibelton Palacios,Elche,La Liga,2022,DF,DF,1931.0,DF-0,Deep central defenders
Iván Marcone,Elche,La Liga,2022,MF,MF,809.0,MF-0,Deep ball winning midfielders
Javier Pastore,Elche,La Liga,2022,MF,"MF,FW",525.0,MF-1,Advanced attacking midfielders
Johan Mojica,Elche,La Liga,2022,DF,DF,2855.0,DF-1,Wide attacking defenders
Josan,Elche,La Liga,2022,DF,"DF,MF",1211.0,DF-1,Wide attacking defenders
Kike Pérez,Elche,La Liga,2022,MF,"MF,FW",519.0,MF-1,Advanced attacking midfielders
Lucas Boyé,Elche,La Liga,2022,FW,FW,1713.0,FW-0,Low involvement centre forwards
Lucas Pérez,Elche,La Liga,2022,FW,FW,1266.0,FW-0,Low involvement centre forwards
Omar Mascarell,Elche,La Liga,2022,MF,MF,2493.0,MF-0,Deep ball winning midfielders
Pedro Bigas,Elche,La Liga,2022,DF,DF,1551.0,DF-0,Deep central defenders
Pere Milla,Elche,La Liga,2022,MF,"MF,FW",1644.0,MF-1,Advanced attacking midfielders
Raúl Guti,Elche,La Liga,2022,MF,MF,1627.0,MF-0,Deep ball winning midfielders
Tete Morente,Elche,La Liga,2022,MF,MF,1632.0,MF-1,Advanced attacking midfielders
Adri Embarba,Espanyol,La Liga,2022,MF,"MF,FW",1986.0,MF-1,Advanced attacking midfielders
Aleix Vidal,Espanyol,La Liga,2022,DF,"DF,MF",1901.0,DF-1,Wide attacking defenders
David López,Espanyol,La Liga,2022,MF,"MF,DF",743.0,MF-0,Deep ball winning midfielders
Fernando Calero,Espanyol,La Liga,2022,DF,DF,1090.0,DF-0,Deep central defenders
Javi Puado,Espanyol,La Liga,2022,MF,"MF,FW",2245.0,MF-1,Advanced attacking midfielders
Keidi Bare,Espanyol,La Liga,2022,MF,MF,1481.0,MF-0,Deep ball winning midfielders
Landry Dimata,Espanyol,La Liga,2022,FW,"FW,MF",541.0,FW-0,Low involvement centre forwards
Leandro Cabrera,Espanyol,La Liga,2022,DF,DF,3330.0,DF-0,Deep central defenders
Loren Morón,Espanyol,La Liga,2022,FW,"FW,MF",563.0,FW-0,Low involvement centre forwards
Manu Morlanes,Espanyol,La Liga,2022,MF,MF,1144.0,MF-0,Deep ball winning midfielders
Nico Ribaudo,Espanyol,La Liga,2022,MF,MF,1116.0,MF-1,Advanced attacking midfielders
Pedrosa,Espanyol,La Liga,2022,DF,DF,2720.0,DF-1,Wide attacking defenders
Raúl de Tomás,Espanyol,La Liga,2022,FW,FW,2914.0,FW-0,Low involvement centre forwards
Sergi Darder,Espanyol,La Liga,2022,MF,MF,3125.0,MF-0,Deep ball winning midfielders
Sergi Gómez,Espanyol,La Liga,2022,DF,DF,2720.0,DF-0,Deep central defenders
Tonny Vilhena,Espanyol,La Liga,2022,MF,"MF,FW",928.0,MF-1,Advanced attacking midfielders
Wu Lei,Espanyol,La Liga,2022,MF,"MF,FW",474.0,MF-1,Advanced attacking midfielders
Yangel Herrera,Espanyol,La Liga,2022,MF,MF,1645.0,MF-0,Deep ball winning midfielders
Óscar Gil,Espanyol,La Liga,2022,DF,DF,1688.0,DF-1,Wide attacking defenders
Óscar Melendo,Espanyol,La Liga,2022,MF,"MF,FW",990.0,MF-0,Deep ball winning midfielders
Borja Mayoral,Getafe,La Liga,2022,FW,FW,1044.0,FW-0,Low involvement centre forwards
Carles Aleñá,Getafe,La Liga,2022,MF,MF,2320.0,MF-1,Advanced attacking midfielders
Damián Suárez,Getafe,La Liga,2022,DF,DF,2711.0,DF-1,Wide attacking defenders
Djené,Getafe,La Liga,2022,DF,DF,3115.0,DF-0,Deep central defenders
Enes Ünal,Getafe,La Liga,2022,FW,FW,2798.0,FW-0,Low involvement centre forwards
Florentino Luís,Getafe,La Liga,2022,MF,MF,992.0,MF-0,Deep ball winning midfielders
Iglesias,Getafe,La Liga,2022,DF,DF,719.0,DF-1,Wide attacking defenders
Jaime Mata,Getafe,La Liga,2022,FW,FW,672.0,FW-0,Low involvement centre forwards
Jakub Jankto,Getafe,La Liga,2022,DF,"DF,MF",587.0,DF-1,Wide attacking defenders
Jorge Cuenca,Getafe,La Liga,2022,DF,DF,2683.0,DF-0,Deep central defenders
Mathías Olivera,Getafe,La Liga,2022,DF,DF,2803.0,DF-1,Wide attacking defenders
Mauro Arambarri,Getafe,La Liga,2022,MF,MF,2663.0,MF-0,Deep ball winning midfielders
Nemanja Maksimović,Getafe,La Liga,2022,MF,MF,2936.0,MF-0,Deep ball winning midfielders
Okay Yokuşlu,Getafe,La Liga,2022,DF,"DF,MF",465.0,DF-0,Deep central defenders
Sandro Ramírez,Getafe,La Liga,2022,FW,FW,1462.0,FW-0,Low involvement centre forwards
Stefan Mitrović,Getafe,La Liga,2022,DF,DF,2667.0,DF-0,Deep central defenders
Óscar Rodríguez Arnaiz,Getafe,La Liga,2022,MF,"MF,FW",943.0,MF-1,Advanced attacking midfielders
Alberto Soro,Granada,La Liga,2022,MF,"MF,DF",578.0,MF-1,Advanced attacking midfielders
Antonio Puertas,Granada,La Liga,2022,MF,"MF,FW",2261.0,MF-1,Advanced attacking midfielders
Carlos Bacca,Granada,La Liga,2022,FW,FW,513.0,FW-0,Low involvement centre forwards
Carlos Neva,Granada,La Liga,2022,DF,DF,2108.0,DF-1,Wide attacking defenders
Darwin Machís,Granada,La Liga,2022,MF,"MF,FW",1376.0,MF-1,Advanced attacking midfielders
Domingos Duarte,Granada,La Liga,2022,DF,DF,1687.0,DF-0,Deep central defenders
Germán Sánchez,Granada,La Liga,2022,DF,DF,2299.0,DF-0,Deep central defenders
Jorge Molina,Granada,La Liga,2022,FW,FW,1966.0,FW-0,Low involvement centre forwards
Luis Abram,Granada,La Liga,2022,DF,DF,560.0,DF-0,Deep central defenders
Luis Javier Suárez,Granada,La Liga,2022,FW,FW,2844.0,FW-0,Low involvement centre forwards
Luis Milla,Granada,La Liga,2022,MF,MF,2773.0,MF-0,Deep ball winning midfielders
Maxime Gonalons,Granada,La Liga,2022,MF,MF,1550.0,MF-0,Deep ball winning midfielders
Monchu,Granada,La Liga,2022,MF,MF,668.0,MF-0,Deep ball winning midfielders
Myrto Uzuni,Granada,La Liga,2022,MF,"MF,FW",856.0,MF-1,Advanced attacking midfielders
Njegoš Petrović,Granada,La Liga,2022,MF,MF,918.0,MF-0,Deep ball winning midfielders
Quini,Granada,La Liga,2022,DF,DF,2304.0,DF-1,Wide attacking defenders
Raúl Torrente,Granada,La Liga,2022,DF,DF,1282.0,DF-0,Deep central defenders
Rubén Rochina,Granada,La Liga,2022,MF,"MF,FW",743.0,MF-1,Advanced attacking midfielders
Sergio Escudero,Granada,La Liga,2022,DF,"DF,MF",1434.0,DF-1,Wide attacking defenders
Víctor Díaz,Granada,La Liga,2022,DF,DF,1500.0,DF-0,Deep central defenders
Álex Collado,Granada,La Liga,2022,MF,"MF,FW",1020.0,MF-1,Advanced attacking midfielders
Ángel Montoro,Granada,La Liga,2022,MF,MF,1331.0,MF-0,Deep ball winning midfielders
Carlos Clerc,Levante,La Liga,2022,DF,DF,1514.0,DF-1,Wide attacking defenders
Dani Gómez,Levante,La Liga,2022,FW,FW,1063.0,FW-0,Low involvement centre forwards
Enis Bardhi,Levante,La Liga,2022,MF,"MF,FW",1701.0,MF-1,Advanced attacking midfielders
Enric Franquesa,Levante,La Liga,2022,DF,"DF,FW",625.0,DF-1,Wide attacking defenders
Gonzalo Melero,Levante,La Liga,2022,MF,MF,1692.0,MF-0,Deep ball winning midfielders
Jorge Miramón,Levante,La Liga,2022,DF,DF,1977.0,DF-1,Wide attacking defenders
Jorge de Frutos,Levante,La Liga,2022,MF,"MF,FW",1760.0,MF-1,Advanced attacking midfielders
José Campaña,Levante,La Liga,2022,MF,MF,1422.0,MF-0,Deep ball winning midfielders
José Luis García Vayá,Levante,La Liga,2022,MF,MF,2012.0,MF-0,Deep ball winning midfielders
José Luis Morales,Levante,La Liga,2022,FW,"FW,MF",2719.0,FW-1,Creating and carrying forwards
Martín Cáceres,Levante,La Liga,2022,DF,DF,663.0,DF-0,Deep central defenders
Mickael Malsa,Levante,La Liga,2022,MF,MF,1143.0,MF-0,Deep ball winning midfielders
Nemanja Radoja,Levante,La Liga,2022,MF,MF,1214.0,MF-0,Deep ball winning midfielders
Pablo Martínez,Levante,La Liga,2022,MF,MF,656.0,MF-0,Deep ball winning midfielders
Pubill,Levante,La Liga,2022,DF,"DF,MF",512.0,DF-1,Wide attacking defenders
Rober,Levante,La Liga,2022,DF,DF,2010.0,DF-0,Deep central defenders
Roberto Soldado,Levante,La Liga,2022,FW,FW,664.0,FW-0,Low involvement centre forwards
Roger Martí,Levante,La Liga,2022,FW,FW,2115.0,FW-0,Low involvement centre forwards
Rúben Vezo,Levante,La Liga,2022,DF,DF,2420.0,DF-0,Deep central defenders
Sergio Postigo,Levante,La Liga,2022,DF,DF,848.0,DF-0,Deep central defenders
Shkodran Mustafi,Levante,La Liga,2022,DF,DF,658.0,DF-0,Deep central defenders
Son,Levante,La Liga,2022,DF,"DF,MF",1971.0,DF-1,Wide attacking defenders
Álex Cantero,Levante,La Liga,2022,FW,"FW,MF",610.0,FW-0,Low involvement centre forwards
Óscar Duarte,Levante,La Liga,2022,DF,DF,1773.0,DF-0,Deep central defenders
Abdón Prats,Mallorca,La Liga,2022,FW,FW,641.0,FW-0,Low involvement centre forwards
Amath,Mallorca,La Liga,2022,MF,"MF,FW",884.0,MF-1,Advanced attacking midfielders
Antonio Raillo,Mallorca,La Liga,2022,DF,DF,1530.0,DF-0,Deep central defenders
Antonio Sánchez,Mallorca,La Liga,2022,MF,MF,1616.0,MF-0,Deep ball winning midfielders
Brian Oliván,Mallorca,La Liga,2022,DF,DF,2189.0,DF-1,Wide attacking defenders
Dani Rodríguez,Mallorca,La Liga,2022,MF,MF,2832.0,MF-1,Advanced attacking midfielders
Fernando Niño,Mallorca,La Liga,2022,FW,FW,884.0,FW-0,Low involvement centre forwards
Franco Russo,Mallorca,La Liga,2022,DF,DF,1464.0,DF-0,Deep central defenders
Iddrisu Baba,Mallorca,La Liga,2022,MF,MF,1934.0,MF-0,Deep ball winning midfielders
Iñigo Ruiz de Galarreta,Mallorca,La Liga,2022,MF,MF,1378.0,MF-0,Deep ball winning midfielders
Jaume Costa,Mallorca,La Liga,2022,DF,DF,1828.0,DF-1,Wide attacking defenders
Lee Kangin,Mallorca,La Liga,2022,MF,"MF,FW",1411.0,MF-1,Advanced attacking midfielders
Martin Valjent,Mallorca,La Liga,2022,DF,DF,3181.0,DF-0,Deep central defenders
Pablo Maffeo,Mallorca,La Liga,2022,DF,DF,2945.0,DF-1,Wide attacking defenders
Rodrigo Battaglia,Mallorca,La Liga,2022,MF,MF,1179.0,MF-0,Deep ball winning midfielders
Salva Sevilla,Mallorca,La Liga,2022,MF,MF,1507.0,MF-0,Deep ball winning midfielders
Takefusa Kubo,Mallorca,La Liga,2022,MF,"MF,FW",1605.0,MF-1,Advanced attacking midfielders
Vedat Muriqi,Mallorca,La Liga,2022,FW,FW,1438.0,FW-0,Low involvement centre forwards
Ángel Rodríguez,Mallorca,La Liga,2022,FW,"FW,MF",1544.0,FW-0,Low involvement centre forwards
Ante Budimir,Osasuna,La Liga,2022,FW,FW,1738.0,FW-0,Low involvement centre forwards
Aridane Hernández,Osasuna,La Liga,2022,DF,DF,1159.0,DF-0,Deep central defenders
Darko Brašanac,Osasuna,La Liga,2022,MF,MF,2405.0,MF-1,Advanced attacking midfielders
David García,Osasuna,La Liga,2022,DF,DF,3105.0,DF-0,Deep central defenders
Ezequiel Ávila,Osasuna,La Liga,2022,FW,"FW,MF",1870.0,FW-0,Low involvement centre forwards
Javi Martínez,Osasuna,La Liga,2022,MF,"MF,FW",879.0,MF-1,Advanced attacking midfielders
Jon Moncayola,Osasuna,La Liga,2022,MF,MF,2915.0,MF-0,Deep ball winning midfielders
José Ángel,Osasuna,La Liga,2022,DF,DF,1083.0,DF-1,Wide attacking defenders
Juan Cruz Armada,Osasuna,La Liga,2022,DF,DF,1934.0,DF-0,Deep central defenders
Kike,Osasuna,La Liga,2022,FW,FW,1862.0,FW-0,Low involvement centre forwards
Kike Barja,Osasuna,La Liga,2022,MF,"MF,FW",865.0,MF-1,Advanced attacking midfielders
Lucas Torró,Osasuna,La Liga,2022,MF,MF,2725.0,MF-0,Deep ball winning midfielders
Manuel Sánchez,Osasuna,La Liga,2022,DF,DF,2257.0,DF-1,Wide attacking defenders
Nacho Vidal,Osasuna,La Liga,2022,DF,DF,2902.0,DF-1,Wide attacking defenders
Oier Sanjurjo,Osasuna,La Liga,2022,MF,MF,758.0,MF-0,Deep ball winning midfielders
Roberto Torres,Osasuna,La Liga,2022,MF,"MF,FW",809.0,MF-1,Advanced attacking midfielders
Rubén García,Osasuna,La Liga,2022,MF,"MF,FW",2375.0,MF-1,Advanced attacking midfielders
Unai García,Osasuna,La Liga,2022,DF,DF,1408.0,DF-0,Deep central defenders
Bebé,Rayo Vallecano,La Liga,2022,MF,"MF,FW",867.0,MF-1,Advanced attacking midfielders
Catena,Rayo Vallecano,La Liga,2022,DF,DF,3240.0,DF-0,Deep central defenders
Esteban Saveljich,Rayo Vallecano,La Liga,2022,DF,DF,1700.0,DF-0,Deep central defenders
Francisco Garcia,Rayo Vallecano,La Liga,2022,DF,DF,3025.0,DF-1,Wide attacking defenders
Isaac Palazón Camacho,Rayo Vallecano,La Liga,2022,MF,MF,2288.0,MF-1,Advanced attacking midfielders
Iván Balliu,Rayo Vallecano,La Liga,2022,DF,DF,3147.0,DF-1,Wide attacking defenders
Mario Suárez,Rayo Vallecano,La Liga,2022,DF,DF,712.0,DF-0,Deep central defenders
Nikola Maraš,Rayo Vallecano,La Liga,2022,DF,DF,1044.0,DF-0,Deep central defenders
Pathé Ciss,Rayo Vallecano,La Liga,2022,MF,MF,1097.0,MF-0,Deep ball winning midfielders
Radamel Falcao,Rayo Vallecano,La Liga,2022,FW,FW,838.0,FW-0,Low involvement centre forwards
Randy Ntekja,Rayo Vallecano,La Liga,2022,FW,"FW,MF",1462.0,FW-0,Low involvement centre forwards
Santi Comesaña,Rayo Vallecano,La Liga,2022,MF,MF,2682.0,MF-0,Deep ball winning midfielders
Sergi Guardiola,Rayo Vallecano,La Liga,2022,FW,FW,1710.0,FW-0,Low involvement centre forwards
Unai López,Rayo Vallecano,La Liga,2022,MF,MF,1160.0,MF-0,Deep ball winning midfielders
Álvaro García,Rayo Vallecano,La Liga,2022,MF,MF,2998.0,MF-1,Advanced attacking midfielders
Óscar Trejo,Rayo Vallecano,La Liga,2022,MF,MF,2007.0,MF-1,Advanced attacking midfielders
Óscar Valentín,Rayo Vallecano,La Liga,2022,MF,MF,2569.0,MF-0,Deep ball winning midfielders
Casemiro,Real Madrid,La Liga,2022,MF,MF,2569.0,MF-0,Deep ball winning midfielders
Dani Carvajal,Real Madrid,La Liga,2022,DF,DF,1551.0,DF-1,Wide attacking defenders
David Alaba,Real Madrid,La Liga,2022,DF,DF,2642.0,DF-0,Deep central defenders
Eden Hazard,Real Madrid,La Liga,2022,FW,"FW,MF",717.0,FW-1,Creating and carrying forwards
Eduardo Camavinga,Real Madrid,La Liga,2022,MF,MF,1236.0,MF-0,Deep ball winning midfielders
Federico Valverde,Real Madrid,La Liga,2022,MF,MF,1833.0,MF-0,Deep ball winning midfielders
Ferland Mendy,Real Madrid,La Liga,2022,DF,DF,1734.0,DF-1,Wide attacking defenders
Karim Benzema,Real Madrid,La Liga,2022,FW,FW,2593.0,FW-1,Creating and carrying forwards
Lucas Vázquez,Real Madrid,La Liga,2022,DF,DF,1833.0,DF-1,Wide attacking defenders
Luka Modrić,Real Madrid,La Liga,2022,MF,MF,2032.0,MF-1,Advanced attacking midfielders
Marcelo,Real Madrid,La Liga,2022,DF,DF,525.0,DF-1,Wide attacking defenders
Marco Asensio,Real Madrid,La Liga,2022,FW,"FW,MF",1731.0,FW-1,Creating and carrying forwards
Nacho,Real Madrid,La Liga,2022,DF,DF,1555.0,DF-0,Deep central defenders
Rodrygo,Real Madrid,La Liga,2022,FW,"FW,MF",1523.0,FW-1,Creating and carrying forwards
Toni Kroos,Real Madrid,La Liga,2022,MF,MF,2103.0,MF-0,Deep ball winning midfielders
Vinicius Júnior,Real Madrid,La Liga,2022,FW,"FW,MF",2690.0,FW-1,Creating and carrying forwards
Éder Militão,Real Madrid,La Liga,2022,DF,DF,3031.0,DF-0,Deep central defenders
Adnan Januzaj,Real Sociedad,La Liga,2022,MF,"MF,FW",1625.0,MF-1,Advanced attacking midfielders
Aihen Muñoz,Real Sociedad,La Liga,2022,DF,DF,1342.0,DF-1,Wide attacking defenders
Alexander Isak,Real Sociedad,La Liga,2022,FW,FW,2140.0,FW-0,Low involvement centre forwards
Alexander Sørloth,Real Sociedad,La Liga,2022,FW,FW,1763.0,FW-0,Low involvement centre forwards
Ander Barrenetxea,Real Sociedad,La Liga,2022,MF,"MF,FW",547.0,MF-1,Advanced attacking midfielders
Ander Guevara,Real Sociedad,La Liga,2022,MF,MF,867.0,MF-0,Deep ball winning midfielders
Andoni Gorosabel,Real Sociedad,La Liga,2022,DF,DF,2289.0,DF-1,Wide attacking defenders
Aritz Elustondo,Real Sociedad,La Liga,2022,DF,DF,2105.0,DF-0,Deep central defenders
David Silva,Real Sociedad,La Liga,2022,MF,MF,1720.0,MF-1,Advanced attacking midfielders
Diego Rico,Real Sociedad,La Liga,2022,DF,DF,1644.0,DF-1,Wide attacking defenders
Igor Zubeldia,Real Sociedad,La Liga,2022,DF,DF,1648.0,DF-0,Deep central defenders
Joseba Zaldúa,Real Sociedad,La Liga,2022,DF,DF,1172.0,DF-1,Wide attacking defenders
Martín Zubimendi,Real Sociedad,La Liga,2022,MF,MF,2591.0,MF-0,Deep ball winning midfielders
Mikel Merino,Real Sociedad,La Liga,2022,MF,MF,2890.0,MF-0,Deep ball winning midfielders
Mikel Oyarzabal,Real Sociedad,La Liga,2022,MF,"MF,FW",1671.0,MF-1,Advanced attacking midfielders
Portu,Real Sociedad,La Liga,2022,MF,"MF,FW",1590.0,MF-1,Advanced attacking midfielders
Rafinha,Real Sociedad,La Liga,2022,MF,MF,1050.0,MF-0,Deep ball winning midfielders
Robin Le Normand,Real Sociedad,La Liga,2022,DF,DF,3330.0,DF-0,Deep central defenders
Anthony Martial,Sevilla,La Liga,2022,FW,"FW,MF",490.0,FW-0,Low involvement centre forwards
Diego Carlos,Sevilla,La Liga,2022,DF,DF,2957.0,DF-0,Deep central defenders
Fernando,Sevilla,La Liga,2022,MF,"MF,DF",1850.0,MF-0,Deep ball winning midfielders
Gonzalo Montiel,Sevilla,La Liga,2022,DF,DF,1066.0,DF-1,Wide attacking defenders
Ivan Rakitić,Sevilla,La Liga,2022,MF,MF,2182.0,MF-0,Deep ball winning midfielders
Jesús Corona,Sevilla,La Liga,2022,FW,"FW,MF",1157.0,FW-1,Creating and carrying forwards
Jesús Navas,Sevilla,La Liga,2022,DF,DF,1786.0,DF-1,Wide attacking defenders
Joan Jordán,Sevilla,La Liga,2022,MF,MF,2514.0,MF-0,Deep ball winning midfielders
Jules Koundé,Sevilla,La Liga,2022,DF,DF,2736.0,DF-0,Deep central defenders
Karim Rekik,Sevilla,La Liga,2022,DF,DF,1098.0,DF-0,Deep central defenders
Lucas Ocampos,Sevilla,La Liga,2022,FW,"FW,MF",2125.0,FW-1,Creating and carrying forwards
Ludwig Augustinsson,Sevilla,La Liga,2022,DF,DF,793.0,DF-1,Wide attacking defenders
Marcos Acuña,Sevilla,La Liga,2022,DF,DF,2260.0,DF-1,Wide attacking defenders
Munir El Haddadi,Sevilla,La Liga,2022,FW,"FW,MF",474.0,FW-0,Low involvement centre forwards
Nemanja Gudelj,Sevilla,La Liga,2022,DF,"DF,MF",1046.0,DF-0,Deep central defenders
Papu Gómez,Sevilla,La Liga,2022,MF,"MF,FW",1784.0,MF-1,Advanced attacking midfielders
Rafa Mir,Sevilla,La Liga,2022,FW,FW,1808.0,FW-0,Low involvement centre forwards
Thomas Delaney,Sevilla,La Liga,2022,MF,MF,1549.0,MF-0,Deep ball winning midfielders
Youssef En-Nesyri,Sevilla,La Liga,2022,FW,FW,1277.0,FW-0,Low involvement centre forwards
Érik Lamela,Sevilla,La Liga,2022,FW,"FW,MF",1015.0,FW-1,Creating and carrying forwards
Óliver Torres,Sevilla,La Liga,2022,MF,"MF,FW",1008.0,MF-1,Advanced attacking midfielders
Bryan,Valencia,La Liga,2022,MF,"MF,FW",753.0,MF-1,Advanced attacking midfielders
Carlos Soler,Valencia,La Liga,2022,MF,MF,2474.0,MF-1,Advanced attacking midfielders
Daniel Wass,Valencia,La Liga,2022,MF,MF,1582.0,MF-0,Deep ball winning midfielders
Denis Cheryshev,Valencia,La Liga,2022,MF,MF,563.0,MF-1,Advanced attacking midfielders
Dimitri Foulquier,Valencia,La Liga,2022,DF,DF,2342.0,DF-1,Wide attacking defenders
Gabriel Paulista,Valencia,La Liga,2022,DF,DF,1592.0,DF-0,Deep central defenders
Gonçalo Guedes,Valencia,La Liga,2022,FW,"FW,MF",2606.0,FW-1,Creating and carrying forwards
Hugo Duro,Valencia,La Liga,2022,FW,"FW,MF",1834.0,FW-0,Low involvement centre forwards
Hugo Guillamón,Valencia,La Liga,2022,MF,"MF,DF",2361.0,MF-0,Deep ball winning midfielders
Hélder Costa,Valencia,La Liga,2022,MF,"MF,FW",1118.0,MF-1,Advanced attacking midfielders
Ilaix Moriba,Valencia,La Liga,2022,MF,MF,818.0,MF-0,Deep ball winning midfielders
Jesus Vazquez,Valencia,La Liga,2022,DF,DF,813.0,DF-1,Wide attacking defenders
José Luis Gayà,Valencia,La Liga,2022,DF,DF,1871.0,DF-1,Wide attacking defenders
Maranhão,Valencia,La Liga,2022,FW,"FW,MF",973.0,FW-0,Low involvement centre forwards
Maxi Gómez,Valencia,La Liga,2022,FW,FW,1956.0,FW-0,Low involvement centre forwards
Mouctar Diakhaby,Valencia,La Liga,2022,DF,DF,1948.0,DF-0,Deep central defenders
Omar Alderete,Valencia,La Liga,2022,DF,DF,2403.0,DF-0,Deep central defenders
Thierry Correia,Valencia,La Liga,2022,DF,DF,1414.0,DF-1,Wide attacking defenders
Toni Lato,Valencia,La Liga,2022,DF,DF,590.0,DF-1,Wide attacking defenders
Uroš Račić,Valencia,La Liga,2022,MF,MF,1206.0,MF-0,Deep ball winning midfielders
Yunus Musah,Valencia,La Liga,2022,MF,"MF,FW",1259.0,MF-1,Advanced attacking midfielders
Alberto Moreno,Villarreal,La Liga,2022,MF,"MF,DF",1223.0,MF-1,Advanced attacking midfielders
Alfonso Pedraza,Villarreal,La Liga,2022,DF,DF,1701.0,DF-1,Wide attacking defenders
Arnaut Groeneveld,Villarreal,La Liga,2022,FW,FW,1472.0,FW-0,Low involvement centre forwards
Aïssa Mandi,Villarreal,La Liga,2022,DF,DF,1375.0,DF-0,Deep central defenders
Boulaye Dia,Villarreal,La Liga,2022,FW,FW,1269.0,FW-0,Low involvement centre forwards
Daniel Parejo,Villarreal,La Liga,2022,MF,MF,2704.0,MF-0,Deep ball winning midfielders
Francis Coquelin,Villarreal,La Liga,2022,MF,MF,830.0,MF-0,Deep ball winning midfielders
Gerard Moreno,Villarreal,La Liga,2022,FW,FW,1191.0,FW-1,Creating and carrying forwards
Giovani Lo Celso,Villarreal,La Liga,2022,FW,"FW,MF",994.0,FW-1,Creating and carrying forwards
Juan Foyth,Villarreal,La Liga,2022,DF,DF,1924.0,DF-1,Wide attacking defenders
Manu Trigueros,Villarreal,La Liga,2022,MF,"MF,FW",2178.0,MF-1,Advanced attacking midfielders
Mario Gaspar,Villarreal,La Liga,2022,DF,DF,623.0,DF-1,Wide attacking defenders
Moi Gómez,Villarreal,La Liga,2022,MF,"MF,FW",1286.0,MF-1,Advanced attacking midfielders
Paco Alcácer,Villarreal,La Liga,2022,FW,FW,787.0,FW-0,Low involvement centre forwards
Pau Torres,Villarreal,La Liga,2022,DF,DF,2855.0,DF-0,Deep central defenders
Pervis Estupiñán,Villarreal,La Liga,2022,DF,DF,1575.0,DF-1,Wide attacking defenders
Raúl Albiol,Villarreal,La Liga,2022,DF,DF,2465.0,DF-0,Deep central defenders
Samuel Chukwueze,Villarreal,La Liga,2022,MF,MF,1333.0,MF-1,Advanced attacking midfielders
Serge Aurier,Villarreal,La Liga,2022,DF,DF,1010.0,DF-1,Wide attacking defenders
Vicente Iborra,Villarreal,La Liga,2022,MF,MF,1034.0,MF-0,Deep ball winning midfielders
Yeremi Pino,Villarreal,La Liga,2022,MF,"MF,FW",1678.0,MF-1,Advanced attacking midfielders
Étienne Capoue,Villarreal,La Liga,2022,MF,MF,2290.0,MF-0,Deep ball winning midfielders
Abdoulaye Bamba,Angers,Ligue 1,2022,DF,"DF,FW",458.0,DF-1,Wide attacking defenders
Angelo Fulgini,Angers,Ligue 1,2022,MF,"MF,FW",2929.0,MF-1,Advanced attacking midfielders
Azzedine Ounahi,Angers,Ligue 1,2022,MF,MF,1633.0,MF-0,Deep ball winning midfielders
Batista Mendy,Angers,Ligue 1,2022,MF,"MF,DF",2413.0,MF-0,Deep ball winning midfielders
Enzo Ebosse,Angers,Ligue 1,2022,DF,DF,1890.0,DF-0,Deep central defenders
Ismaël Traoré,Angers,Ligue 1,2022,DF,DF,3215.0,DF-0,Deep central defenders
Jimmy Cabot,Angers,Ligue 1,2022,DF,DF,2008.0,DF-1,Wide attacking defenders
Mathias Pereira Lage,Angers,Ligue 1,2022,DF,"DF,MF",1040.0,DF-1,Wide attacking defenders
Mohamed Ali Cho,Angers,Ligue 1,2022,FW,FW,1837.0,FW-0,Low involvement centre forwards
Nabil Bentaleb,Angers,Ligue 1,2022,MF,MF,1515.0,MF-0,Deep ball winning midfielders
Pierrick Capelle,Angers,Ligue 1,2022,MF,"MF,DF",1193.0,MF-0,Deep ball winning midfielders
Romain Thomas,Angers,Ligue 1,2022,DF,DF,2563.0,DF-0,Deep central defenders
Sofiane Boufal,Angers,Ligue 1,2022,FW,"FW,MF",2330.0,FW-1,Creating and carrying forwards
Souleyman Doumbia,Angers,Ligue 1,2022,DF,"DF,FW",2219.0,DF-1,Wide attacking defenders
Stéphane Bahoken,Angers,Ligue 1,2022,FW,FW,1099.0,FW-0,Low involvement centre forwards
Thomas Mangani,Angers,Ligue 1,2022,MF,MF,2193.0,MF-0,Deep ball winning midfielders
Vincent Manceau,Angers,Ligue 1,2022,DF,DF,2361.0,DF-0,Deep central defenders
Abdel Jalil Medioub,Bordeaux,Ligue 1,2022,DF,DF,622.0,DF-0,Deep central defenders
Alberth Elis,Bordeaux,Ligue 1,2022,MF,"MF,FW",1409.0,MF-1,Advanced attacking midfielders
Anel Ahmedhodzic,Bordeaux,Ligue 1,2022,DF,DF,1350.0,DF-0,Deep central defenders
Danylo Ihnatenko,Bordeaux,Ligue 1,2022,MF,MF,692.0,MF-0,Deep ball winning midfielders
Enock Kwateng,Bordeaux,Ligue 1,2022,DF,DF,2002.0,DF-1,Wide attacking defenders
Fransérgio,Bordeaux,Ligue 1,2022,MF,MF,1258.0,MF-0,Deep ball winning midfielders
Gideon Mensah,Bordeaux,Ligue 1,2022,DF,DF,1208.0,DF-1,Wide attacking defenders
Hwang Ui-jo,Bordeaux,Ligue 1,2022,FW,FW,2508.0,FW-0,Low involvement centre forwards
Javairô Dilrosun,Bordeaux,Ligue 1,2022,MF,"MF,FW",1732.0,MF-1,Advanced attacking midfielders
Jean Onana,Bordeaux,Ligue 1,2022,MF,MF,1832.0,MF-0,Deep ball winning midfielders
Josuha Guilavogui,Bordeaux,Ligue 1,2022,MF,"MF,DF",1331.0,MF-0,Deep ball winning midfielders
Laurent Koscielny,Bordeaux,Ligue 1,2022,DF,DF,933.0,DF-0,Deep central defenders
M'Baye Niang,Bordeaux,Ligue 1,2022,FW,FW,777.0,FW-0,Low involvement centre forwards
Marcelo,Bordeaux,Ligue 1,2022,DF,DF,898.0,DF-0,Deep central defenders
Mexer,Bordeaux,Ligue 1,2022,DF,DF,1227.0,DF-0,Deep central defenders
Otávio,Bordeaux,Ligue 1,2022,MF,MF,1147.0,MF-0,Deep ball winning midfielders
Remi Oudin,Bordeaux,Ligue 1,2022,MF,"MF,DF",1737.0,MF-1,Advanced attacking midfielders
Ricardo Mangas,Bordeaux,Ligue 1,2022,DF,DF,2353.0,DF-1,Wide attacking defenders
Sekou Mara,Bordeaux,Ligue 1,2022,FW,"FW,MF",905.0,FW-0,Low involvement centre forwards
Stian Rode Gregersen,Bordeaux,Ligue 1,2022,DF,DF,1953.0,DF-0,Deep central defenders
Timothee Pembele,Bordeaux,Ligue 1,2022,DF,DF,1414.0,DF-1,Wide attacking defenders
Tom Lacoux,Bordeaux,Ligue 1,2022,DF,"DF,MF",907.0,DF-1,Wide attacking defenders
Yacine Adli,Bordeaux,Ligue 1,2022,MF,"MF,FW",2260.0,MF-1,Advanced attacking midfielders
Brendan Chardonnet,Brest,Ligue 1,2022,DF,DF,2686.0,DF-0,Deep central defenders
Christophe Hérelle,Brest,Ligue 1,2022,DF,DF,1932.0,DF-0,Deep central defenders
Franck Honorat,Brest,Ligue 1,2022,MF,"MF,FW",2899.0,MF-1,Advanced attacking midfielders
Haris Belkebla,Brest,Ligue 1,2022,MF,MF,2310.0,MF-0,Deep ball winning midfielders
Hianga Mananga Mbock,Brest,Ligue 1,2022,MF,MF,799.0,MF-0,Deep ball winning midfielders
Hugo Magnetti,Brest,Ligue 1,2022,MF,MF,1463.0,MF-0,Deep ball winning midfielders
Irvin Cardona,Brest,Ligue 1,2022,FW,"FW,MF",1334.0,FW-0,Low involvement centre forwards
Jean-Kevin Duverne,Brest,Ligue 1,2022,DF,DF,3007.0,DF-1,Wide attacking defenders
Jere Uronen,Brest,Ligue 1,2022,DF,DF,878.0,DF-0,Deep central defenders
Julien Faussurier,Brest,Ligue 1,2022,MF,"MF,DF",489.0,MF-1,Advanced attacking midfielders
Jérémy Le Douaron,Brest,Ligue 1,2022,FW,"FW,MF",1446.0,FW-0,Low involvement centre forwards
Lilian Brassier,Brest,Ligue 1,2022,DF,DF,2263.0,DF-0,Deep central defenders
Lucien Agoume,Brest,Ligue 1,2022,MF,MF,1868.0,MF-0,Deep ball winning midfielders
Martin Satriano,Brest,Ligue 1,2022,FW,FW,932.0,FW-0,Low involvement centre forwards
Paul Lasne,Brest,Ligue 1,2022,MF,MF,847.0,MF-0,Deep ball winning midfielders
Romain Del Castillo,Brest,Ligue 1,2022,MF,"MF,FW",975.0,MF-1,Advanced attacking midfielders
Romain Faivre,Brest,Ligue 1,2022,MF,MF,1795.0,MF-1,Advanced attacking midfielders
Ronaël Pierre-Gabriel,Brest,Ligue 1,2022,DF,DF,2548.0,DF-1,Wide attacking defenders
Steve Mounié,Brest,Ligue 1,2022,FW,FW,2312.0,FW-0,Low involvement centre forwards
Youcef Belaïli,Brest,Ligue 1,2022,MF,"MF,FW",825.0,MF-1,Advanced attacking midfielders
Akim Zedadka,Clermont Foot,Ligue 1,2022,DF,DF,3337.0,DF-1,Wide attacking defenders
Alidu Seidu,Clermont Foot,Ligue 1,2022,DF,DF,1410.0,DF-0,Deep central defenders
Arial Mendy,Clermont Foot,Ligue 1,2022,DF,"DF,MF",792.0,DF-1,Wide attacking defenders
Cédric Hountondji,Clermont Foot,Ligue 1,2022,DF,DF,2034.0,DF-0,Deep central defenders
Elba Rashani,Clermont Foot,Ligue 1,2022,MF,"MF,FW",1759.0,MF-1,Advanced attacking midfielders
Florent Ogier,Clermont Foot,Ligue 1,2022,DF,DF,2429.0,DF-0,Deep central defenders
Jason Berthomier,Clermont Foot,Ligue 1,2022,MF,MF,1732.0,MF-1,Advanced attacking midfielders
Jean-Claude Billong,Clermont Foot,Ligue 1,2022,DF,DF,980.0,DF-0,Deep central defenders
Jim Allevinah,Clermont Foot,Ligue 1,2022,MF,"MF,FW",1488.0,MF-1,Advanced attacking midfielders
Jodel Dossou,Clermont Foot,Ligue 1,2022,MF,"MF,FW",2008.0,MF-1,Advanced attacking midfielders
Johan Gastien,Clermont Foot,Ligue 1,2022,MF,MF,2746.0,MF-0,Deep ball winning midfielders
Jonathan Iglesias,Clermont Foot,Ligue 1,2022,MF,MF,579.0,MF-0,Deep ball winning midfielders
Lucas Da Cunha,Clermont Foot,Ligue 1,2022,FW,"FW,MF",836.0,FW-1,Creating and carrying forwards
Mohamed Lamine Bayo,Clermont Foot,Ligue 1,2022,FW,FW,2413.0,FW-0,Low involvement centre forwards
Pierre-Yves Hamel,Clermont Foot,Ligue 1,2022,FW,FW,523.0,FW-0,Low involvement centre forwards
Salis Abdul Samed,Clermont Foot,Ligue 1,2022,MF,MF,2462.0,MF-0,Deep ball winning midfielders
Saîf-Eddine Khaoui,Clermont Foot,Ligue 1,2022,MF,MF,927.0,MF-1,Advanced attacking midfielders
Vital N'Simba,Clermont Foot,Ligue 1,2022,DF,DF,2789.0,DF-1,Wide attacking defenders
Yohann Magnin,Clermont Foot,Ligue 1,2022,MF,"MF,DF",1717.0,MF-0,Deep ball winning midfielders
Arnaud Kalimuendo,Lens,Ligue 1,2022,FW,FW,2148.0,FW-0,Low involvement centre forwards
Cheick Doucouré,Lens,Ligue 1,2022,MF,MF,2946.0,MF-0,Deep ball winning midfielders
Christopher Wooh,Lens,Ligue 1,2022,DF,DF,1050.0,DF-0,Deep central defenders
David Pereira da Costa,Lens,Ligue 1,2022,MF,"MF,FW",1464.0,MF-1,Advanced attacking midfielders
Deiver Machado,Lens,Ligue 1,2022,DF,"DF,MF",523.0,DF-1,Wide attacking defenders
Facundo Medina,Lens,Ligue 1,2022,DF,DF,2593.0,DF-0,Deep central defenders
Florian Sotoca,Lens,Ligue 1,2022,FW,"FW,MF",2480.0,FW-1,Creating and carrying forwards
Gaël Kakuta,Lens,Ligue 1,2022,MF,"MF,FW",1673.0,MF-1,Advanced attacking midfielders
Ignatius Ganago,Lens,Ligue 1,2022,FW,FW,1024.0,FW-0,Low involvement centre forwards
Jonathan Clauss,Lens,Ligue 1,2022,DF,DF,3046.0,DF-1,Wide attacking defenders
Jonathan Gradit,Lens,Ligue 1,2022,DF,DF,3067.0,DF-0,Deep central defenders
Kevin Danso,Lens,Ligue 1,2022,DF,DF,2790.0,DF-0,Deep central defenders
Massadio Haïdara,Lens,Ligue 1,2022,DF,DF,1076.0,DF-1,Wide attacking defenders
Przemysław Frankowski,Lens,Ligue 1,2022,DF,DF,2448.0,DF-1,Wide attacking defenders
Seko Fofana,Lens,Ligue 1,2022,MF,MF,3357.0,MF-1,Advanced attacking midfielders
Wesley Saïd,Lens,Ligue 1,2022,FW,"FW,MF",654.0,FW-1,Creating and carrying forwards
Yannick Cahuzac,Lens,Ligue 1,2022,MF,MF,618.0,MF-0,Deep ball winning midfielders
Amadou Onana,Lille,Ligue 1,2022,MF,MF,1359.0,MF-0,Deep ball winning midfielders
Angel Gomes,Lille,Ligue 1,2022,MF,"MF,FW",954.0,MF-1,Advanced attacking midfielders
Benjamin André,Lille,Ligue 1,2022,MF,MF,2752.0,MF-0,Deep ball winning midfielders
Burak Yılmaz,Lille,Ligue 1,2022,FW,FW,2211.0,FW-0,Low involvement centre forwards
Edon Zhegrova,Lille,Ligue 1,2022,MF,MF,481.0,MF-1,Advanced attacking midfielders
Gabriel Gudmundsson,Lille,Ligue 1,2022,DF,"DF,MF",1344.0,DF-1,Wide attacking defenders
Jonathan Bamba,Lille,Ligue 1,2022,MF,MF,2428.0,MF-1,Advanced attacking midfielders
Jonathan David,Lille,Ligue 1,2022,FW,FW,2804.0,FW-0,Low involvement centre forwards
Jonathan Ikone,Lille,Ligue 1,2022,MF,"MF,FW",1062.0,MF-1,Advanced attacking midfielders
José Fonte,Lille,Ligue 1,2022,DF,DF,3420.0,DF-0,Deep central defenders
Reinildo Mandava,Lille,Ligue 1,2022,DF,DF,1524.0,DF-1,Wide attacking defenders
Renato Sanches,Lille,Ligue 1,2022,MF,"MF,FW",1651.0,MF-1,Advanced attacking midfielders
Sven Botman,Lille,Ligue 1,2022,DF,DF,2250.0,DF-0,Deep central defenders
Tiago Djaló,Lille,Ligue 1,2022,DF,DF,2329.0,DF-0,Deep central defenders
Timothy Weah,Lille,Ligue 1,2022,MF,"MF,FW",1616.0,MF-1,Advanced attacking midfielders
Xeka,Lille,Ligue 1,2022,MF,MF,1619.0,MF-0,Deep ball winning midfielders
Yusuf Yazıcı,Lille,Ligue 1,2022,MF,"MF,FW",509.0,MF-1,Advanced attacking midfielders
Zeki Çelik,Lille,Ligue 1,2022,DF,DF,2696.0,DF-1,Wide attacking defenders
Adrian Grbić,Lorient,Ligue 1,2022,FW,"FW,MF",518.0,FW-0,Low involvement centre forwards
Armand Lauriente,Lorient,Ligue 1,2022,FW,"FW,MF",2477.0,FW-1,Creating and carrying forwards
Bonke Innocent,Lorient,Ligue 1,2022,MF,MF,874.0,MF-0,Deep ball winning midfielders
Dango Ouattara,Lorient,Ligue 1,2022,MF,"MF,FW",812.0,MF-1,Advanced attacking midfielders
Enzo Le Fée,Lorient,Ligue 1,2022,MF,"MF,FW",2194.0,MF-1,Advanced attacking midfielders
Fabien Lemoine,Lorient,Ligue 1,2022,MF,MF,1117.0,MF-0,Deep ball winning midfielders
Houboulang Mendes,Lorient,Ligue 1,2022,DF,DF,3220.0,DF-0,Deep central defenders
Ibrahima Koné,Lorient,Ligue 1,2022,FW,FW,732.0,FW-0,Low involvement centre forwards
Igor Carioca,Lorient,Ligue 1,2022,DF,DF,1578.0,DF-1,Wide attacking defenders
Julien Laporte,Lorient,Ligue 1,2022,DF,DF,2891.0,DF-0,Deep central defenders
Jérémy Morel,Lorient,Ligue 1,2022,DF,DF,604.0,DF-0,Deep central defenders
Laurent Abergel,Lorient,Ligue 1,2022,MF,MF,2956.0,MF-0,Deep ball winning midfielders
Léo Pétrot,Lorient,Ligue 1,2022,DF,DF,1815.0,DF-0,Deep central defenders
Moritz Jenz,Lorient,Ligue 1,2022,DF,DF,1381.0,DF-0,Deep central defenders
Quentin Boisgard,Lorient,Ligue 1,2022,MF,"MF,FW",958.0,MF-1,Advanced attacking midfielders
Stéphane Diarra,Lorient,Ligue 1,2022,MF,"MF,FW",525.0,MF-1,Advanced attacking midfielders
Terem Moffi,Lorient,Ligue 1,2022,FW,FW,2711.0,FW-0,Low involvement centre forwards
Thomas Monconduit,Lorient,Ligue 1,2022,MF,MF,2248.0,MF-0,Deep ball winning midfielders
Vincent Le Goff,Lorient,Ligue 1,2022,DF,DF,3060.0,DF-1,Wide attacking defenders
Bruno Guimarães,Lyon,Ligue 1,2022,MF,MF,1634.0,MF-0,Deep ball winning midfielders
Castello Lukeba,Lyon,Ligue 1,2022,DF,DF,2095.0,DF-0,Deep central defenders
Damien Da Silva,Lyon,Ligue 1,2022,DF,DF,1126.0,DF-0,Deep central defenders
Emerson Palmieri,Lyon,Ligue 1,2022,DF,DF,2264.0,DF-1,Wide attacking defenders
Henrique,Lyon,Ligue 1,2022,DF,DF,1105.0,DF-1,Wide attacking defenders
Houssem Aouar,Lyon,Ligue 1,2022,MF,MF,2504.0,MF-1,Advanced attacking midfielders
Islam Slimani,Lyon,Ligue 1,2022,FW,FW,573.0,FW-0,Low involvement centre forwards
Jason Denayer,Lyon,Ligue 1,2022,DF,DF,1002.0,DF-0,Deep central defenders
Jérôme Boateng,Lyon,Ligue 1,2022,DF,DF,1622.0,DF-0,Deep central defenders
Karl Toko Ekambi,Lyon,Ligue 1,2022,MF,"MF,FW",2296.0,MF-1,Advanced attacking midfielders
Leo Dubois,Lyon,Ligue 1,2022,DF,DF,1742.0,DF-1,Wide attacking defenders
Lucas Paquetá,Lyon,Ligue 1,2022,MF,"MF,FW",2699.0,MF-1,Advanced attacking midfielders
Malo Gusto,Lyon,Ligue 1,2022,DF,DF,1884.0,DF-1,Wide attacking defenders
Maxence Caqueret,Lyon,Ligue 1,2022,MF,MF,2335.0,MF-0,Deep ball winning midfielders
Moussa Dembélé,Lyon,Ligue 1,2022,FW,FW,2207.0,FW-0,Low involvement centre forwards
Romain Faivre,Lyon,Ligue 1,2022,MF,MF,889.0,MF-1,Advanced attacking midfielders
Sinaly Diomande,Lyon,Ligue 1,2022,DF,DF,579.0,DF-0,Deep central defenders
Tanguy Ndombele,Lyon,Ligue 1,2022,MF,MF,701.0,MF-0,Deep ball winning midfielders
Tetê,Lyon,Ligue 1,2022,FW,"FW,MF",583.0,FW-1,Creating and carrying forwards
Thiago Mendes,Lyon,Ligue 1,2022,MF,"MF,DF",1863.0,MF-0,Deep ball winning midfielders
Tino Kadewere,Lyon,Ligue 1,2022,MF,"MF,FW",506.0,MF-1,Advanced attacking midfielders
Xherdan Shaqiri,Lyon,Ligue 1,2022,MF,MF,679.0,MF-1,Advanced attacking midfielders
Amine Harit,Marseille,Ligue 1,2022,FW,"FW,MF",1165.0,FW-1,Creating and carrying forwards
Arkadiusz Milik,Marseille,Ligue 1,2022,FW,FW,1416.0,FW-0,Low involvement centre forwards
Bamba Dieng,Marseille,Ligue 1,2022,FW,"FW,MF",975.0,FW-0,Low involvement centre forwards
Boubacar Kamara,Marseille,Ligue 1,2022,MF,"MF,DF",2778.0,MF-0,Deep ball winning midfielders
Cengiz Ünder,Marseille,Ligue 1,2022,FW,"FW,MF",2200.0,FW-1,Creating and carrying forwards
Dimitri Payet,Marseille,Ligue 1,2022,FW,"FW,MF",2592.0,FW-1,Creating and carrying forwards
Duje Ćaleta-Car,Marseille,Ligue 1,2022,DF,DF,2057.0,DF-0,Deep central defenders
Gerson,Marseille,Ligue 1,2022,MF,"MF,FW",2544.0,MF-1,Advanced attacking midfielders
Konrad De La Fuente,Marseille,Ligue 1,2022,FW,"FW,MF",785.0,FW-1,Creating and carrying forwards
Leonardo Balerdi,Marseille,Ligue 1,2022,DF,DF,950.0,DF-0,Deep central defenders
Luan Peres Petroni,Marseille,Ligue 1,2022,DF,DF,2679.0,DF-0,Deep central defenders
Luis Henrique,Marseille,Ligue 1,2022,FW,"FW,MF",699.0,FW-0,Low involvement centre forwards
Mattéo Guendouzi,Marseille,Ligue 1,2022,MF,MF,3152.0,MF-1,Advanced attacking midfielders
Pape Gueye,Marseille,Ligue 1,2022,MF,MF,1528.0,MF-0,Deep ball winning midfielders
Pol Lirola,Marseille,Ligue 1,2022,DF,"DF,MF",1770.0,DF-1,Wide attacking defenders
Valentin Rongier,Marseille,Ligue 1,2022,MF,"MF,DF",2194.0,MF-0,Deep ball winning midfielders
William Saliba,Marseille,Ligue 1,2022,DF,DF,3240.0,DF-0,Deep central defenders
Álvaro González,Marseille,Ligue 1,2022,DF,DF,451.0,DF-0,Deep central defenders
Amadou Mbengue,Metz,Ligue 1,2022,DF,"DF,MF",610.0,DF-0,Deep central defenders
Boubacar Traoré,Metz,Ligue 1,2022,MF,MF,1726.0,MF-0,Deep ball winning midfielders
Boubakar Kouyaté,Metz,Ligue 1,2022,DF,DF,2665.0,DF-0,Deep central defenders
Didier Lamkel Zé,Metz,Ligue 1,2022,FW,FW,605.0,FW-0,Low involvement centre forwards
Dylan Bronn,Metz,Ligue 1,2022,DF,DF,2545.0,DF-0,Deep central defenders
Fabien Centonze,Metz,Ligue 1,2022,DF,DF,1586.0,DF-1,Wide attacking defenders
Fali Candé,Metz,Ligue 1,2022,DF,DF,973.0,DF-1,Wide attacking defenders
Farid Boulaya,Metz,Ligue 1,2022,MF,"MF,FW",1526.0,MF-1,Advanced attacking midfielders
Habib Maïga,Metz,Ligue 1,2022,MF,MF,1267.0,MF-0,Deep ball winning midfielders
Ibrahim Amadou,Metz,Ligue 1,2022,DF,"DF,MF",812.0,DF-0,Deep central defenders
Ibrahima Niane,Metz,Ligue 1,2022,FW,FW,1582.0,FW-0,Low involvement centre forwards
Jean-Armel Kana-Biyik,Metz,Ligue 1,2022,DF,DF,664.0,DF-0,Deep central defenders
Jemerson,Metz,Ligue 1,2022,DF,DF,1202.0,DF-0,Deep central defenders
Kévin N'Doram,Metz,Ligue 1,2022,MF,MF,1235.0,MF-0,Deep ball winning midfielders
Lamine Gueye,Metz,Ligue 1,2022,FW,"FW,MF",555.0,FW-1,Creating and carrying forwards
Louis Mafouta,Metz,Ligue 1,2022,FW,FW,525.0,FW-0,Low involvement centre forwards
Matthieu Udol,Metz,Ligue 1,2022,DF,DF,1007.0,DF-0,Deep central defenders
Nicolas de Préville,Metz,Ligue 1,2022,FW,"FW,MF",1969.0,FW-0,Low involvement centre forwards
Opa Nguette,Metz,Ligue 1,2022,FW,"FW,MF",1048.0,FW-0,Low involvement centre forwards
Papa Ndiaga Yade,Metz,Ligue 1,2022,DF,"DF,FW",696.0,DF-1,Wide attacking defenders
Pape Matar Sarr,Metz,Ligue 1,2022,MF,MF,2129.0,MF-0,Deep ball winning midfielders
Sikou Niakaté,Metz,Ligue 1,2022,DF,DF,661.0,DF-0,Deep central defenders
Thomas Delaine,Metz,Ligue 1,2022,DF,DF,2316.0,DF-1,Wide attacking defenders
Vincent Pajot,Metz,Ligue 1,2022,MF,MF,2311.0,MF-0,Deep ball winning midfielders
William Mikelbrencis,Metz,Ligue 1,2022,DF,DF,610.0,DF-1,Wide attacking defenders
Aleksandr Golovin,Monaco,Ligue 1,2022,MF,MF,1502.0,MF-1,Advanced attacking midfielders
Aurélien Tchouaméni,Monaco,Ligue 1,2022,MF,MF,2929.0,MF-0,Deep ball winning midfielders
Axel Disasi,Monaco,Ligue 1,2022,DF,DF,2721.0,DF-0,Deep central defenders
Benoît Badiashile,Monaco,Ligue 1,2022,DF,DF,1838.0,DF-0,Deep central defenders
Caio Henrique Oliveira Silva,Monaco,Ligue 1,2022,DF,"DF,MF",2662.0,DF-1,Wide attacking defenders
Djibril Sidibé,Monaco,Ligue 1,2022,DF,"DF,MF",949.0,DF-1,Wide attacking defenders
Eliot Matazo,Monaco,Ligue 1,2022,MF,MF,790.0,MF-0,Deep ball winning midfielders
Gelson Martins,Monaco,Ligue 1,2022,MF,MF,1905.0,MF-1,Advanced attacking midfielders
Guillermo Maripán,Monaco,Ligue 1,2022,DF,DF,1832.0,DF-0,Deep central defenders
Ismail Jakobs,Monaco,Ligue 1,2022,DF,"DF,MF",1203.0,DF-1,Wide attacking defenders
Jean Lucas,Monaco,Ligue 1,2022,MF,MF,1445.0,MF-1,Advanced attacking midfielders
Kevin Volland,Monaco,Ligue 1,2022,MF,"MF,FW",2436.0,MF-1,Advanced attacking midfielders
Myron Boadu,Monaco,Ligue 1,2022,FW,FW,960.0,FW-0,Low involvement centre forwards
Ruben Aguilar,Monaco,Ligue 1,2022,DF,DF,2140.0,DF-1,Wide attacking defenders
Sofiane Diop,Monaco,Ligue 1,2022,MF,"MF,FW",1948.0,MF-1,Advanced attacking midfielders
Strahinja Pavlović,Monaco,Ligue 1,2022,DF,DF,451.0,DF-0,Deep central defenders
Vanderson,Monaco,Ligue 1,2022,MF,"MF,DF",1120.0,MF-1,Advanced attacking midfielders
Wissam Ben Yedder,Monaco,Ligue 1,2022,FW,FW,2529.0,FW-0,Low involvement centre forwards
Youssouf Fofana,Monaco,Ligue 1,2022,MF,MF,2190.0,MF-0,Deep ball winning midfielders
Ambroise Oyongo,Montpellier,Ligue 1,2022,DF,DF,659.0,DF-1,Wide attacking defenders
Arnaud Souquet,Montpellier,Ligue 1,2022,DF,DF,2334.0,DF-1,Wide attacking defenders
Florent Mollet,Montpellier,Ligue 1,2022,MF,MF,2630.0,MF-1,Advanced attacking midfielders
Jordan Ferri,Montpellier,Ligue 1,2022,MF,MF,2911.0,MF-0,Deep ball winning midfielders
Joris Chotard,Montpellier,Ligue 1,2022,MF,MF,2935.0,MF-0,Deep ball winning midfielders
Junior Sambia,Montpellier,Ligue 1,2022,DF,"DF,MF",1533.0,DF-1,Wide attacking defenders
Léo Leroy,Montpellier,Ligue 1,2022,MF,MF,626.0,MF-0,Deep ball winning midfielders
Mamadou Sakho,Montpellier,Ligue 1,2022,DF,DF,2575.0,DF-0,Deep central defenders
Maxime Estève,Montpellier,Ligue 1,2022,DF,DF,1857.0,DF-0,Deep central defenders
Mihailo Ristić,Montpellier,Ligue 1,2022,DF,DF,1803.0,DF-1,Wide attacking defenders
Nicholas Gioacchini,Montpellier,Ligue 1,2022,MF,"MF,FW",497.0,MF-1,Advanced attacking midfielders
Nicolas Cozza,Montpellier,Ligue 1,2022,DF,DF,2770.0,DF-0,Deep central defenders
Sepe Elye Wahi,Montpellier,Ligue 1,2022,FW,"FW,MF",1786.0,FW-0,Low involvement centre forwards
Stephy Mavididi,Montpellier,Ligue 1,2022,MF,"MF,FW",2299.0,MF-1,Advanced attacking midfielders
Thuler,Montpellier,Ligue 1,2022,DF,DF,855.0,DF-0,Deep central defenders
Téji Savanier,Montpellier,Ligue 1,2022,MF,MF,2414.0,MF-1,Advanced attacking midfielders
Valère Germain,Montpellier,Ligue 1,2022,FW,"FW,MF",1970.0,FW-0,Low involvement centre forwards
Andrei Girotto,Nantes,Ligue 1,2022,DF,"DF,MF",3146.0,DF-0,Deep central defenders
Charles Traore,Nantes,Ligue 1,2022,DF,DF,718.0,DF-0,Deep central defenders
Dennis Appiah,Nantes,Ligue 1,2022,DF,DF,2099.0,DF-0,Deep central defenders
Fábio,Nantes,Ligue 1,2022,DF,DF,1667.0,DF-1,Wide attacking defenders
Jean-Charles Castelletto,Nantes,Ligue 1,2022,DF,DF,2510.0,DF-0,Deep central defenders
Kalifa Coulibaly,Nantes,Ligue 1,2022,FW,FW,850.0,FW-0,Low involvement centre forwards
Ludovic Blas,Nantes,Ligue 1,2022,MF,"MF,FW",2961.0,MF-1,Advanced attacking midfielders
Marcus Coco,Nantes,Ligue 1,2022,MF,"MF,DF",930.0,MF-0,Deep ball winning midfielders
Moses Simon,Nantes,Ligue 1,2022,MF,"MF,FW",2332.0,MF-1,Advanced attacking midfielders
Nicolas Pallois,Nantes,Ligue 1,2022,DF,DF,2447.0,DF-0,Deep central defenders
Osman Bukari,Nantes,Ligue 1,2022,MF,"MF,FW",1012.0,MF-1,Advanced attacking midfielders
Pedro Chirivella,Nantes,Ligue 1,2022,MF,MF,2637.0,MF-0,Deep ball winning midfielders
Quentin Merlin,Nantes,Ligue 1,2022,DF,"DF,MF",1926.0,DF-1,Wide attacking defenders
Randal Kolo Muani,Nantes,Ligue 1,2022,FW,"FW,MF",2948.0,FW-0,Low involvement centre forwards
Roli Pereira de Sa,Nantes,Ligue 1,2022,MF,MF,573.0,MF-0,Deep ball winning midfielders
Samuel Moutoussamy,Nantes,Ligue 1,2022,MF,MF,1509.0,MF-0,Deep ball winning midfielders
Sébastien Corchia,Nantes,Ligue 1,2022,DF,"DF,MF",1324.0,DF-1,Wide attacking defenders
Willem Geubbels,Nantes,Ligue 1,2022,MF,"MF,FW",544.0,MF-1,Advanced attacking midfielders
Wylan Cyprien,Nantes,Ligue 1,2022,MF,MF,1490.0,MF-0,Deep ball winning midfielders
Amine Gouiri,Nice,Ligue 1,2022,FW,"FW,MF",2754.0,FW-1,Creating and carrying forwards
Andy Delort,Nice,Ligue 1,2022,FW,FW,2448.0,FW-0,Low involvement centre forwards
Calvin Stengs,Nice,Ligue 1,2022,MF,MF,1073.0,MF-1,Advanced attacking midfielders
Dante,Nice,Ligue 1,2022,DF,DF,2870.0,DF-0,Deep central defenders
Flavius Daniliuc,Nice,Ligue 1,2022,DF,DF,1293.0,DF-0,Deep central defenders
Hassane Kamara,Nice,Ligue 1,2022,MF,"MF,DF",544.0,MF-1,Advanced attacking midfielders
Hicham Boudaoui,Nice,Ligue 1,2022,MF,MF,1621.0,MF-1,Advanced attacking midfielders
Jean-Clair Todibo,Nice,Ligue 1,2022,DF,DF,3115.0,DF-0,Deep central defenders
Jordan Lotomba,Nice,Ligue 1,2022,DF,DF,1782.0,DF-1,Wide attacking defenders
Justin Kluivert,Nice,Ligue 1,2022,MF,MF,1868.0,MF-1,Advanced attacking midfielders
Kasper Dolberg,Nice,Ligue 1,2022,FW,FW,1492.0,FW-0,Low involvement centre forwards
Khéphren Thuram-Ulie,Nice,Ligue 1,2022,MF,MF,1901.0,MF-0,Deep ball winning midfielders
Mario Lemina,Nice,Ligue 1,2022,MF,MF,1967.0,MF-0,Deep ball winning midfielders
Melvin Bard,Nice,Ligue 1,2022,DF,DF,2589.0,DF-1,Wide attacking defenders
Morgan Schneiderlin,Nice,Ligue 1,2022,MF,MF,649.0,MF-0,Deep ball winning midfielders
Pablo Rosario,Nice,Ligue 1,2022,MF,MF,2729.0,MF-0,Deep ball winning midfielders
Youcef Atal,Nice,Ligue 1,2022,DF,DF,1140.0,DF-1,Wide attacking defenders
Abdou Diallo,Paris S-G,Ligue 1,2022,DF,DF,877.0,DF-1,Wide attacking defenders
Achraf Hakimi,Paris S-G,Ligue 1,2022,DF,DF,2479.0,DF-1,Wide attacking defenders
Ander Herrera,Paris S-G,Ligue 1,2022,MF,MF,1091.0,MF-0,Deep ball winning midfielders
Danilo Pereira,Paris S-G,Ligue 1,2022,MF,MF,2038.0,MF-0,Deep ball winning midfielders
Georginio Wijnaldum,Paris S-G,Ligue 1,2022,MF,MF,1653.0,MF-0,Deep ball winning midfielders
Idrissa Gana Gueye,Paris S-G,Ligue 1,2022,MF,MF,1641.0,MF-0,Deep ball winning midfielders
Juan Bernat,Paris S-G,Ligue 1,2022,DF,"DF,MF",958.0,DF-1,Wide attacking defenders
Julian Draxler,Paris S-G,Ligue 1,2022,FW,"FW,MF",548.0,FW-1,Creating and carrying forwards
Kylian Mbappé,Paris S-G,Ligue 1,2022,FW,FW,3023.0,FW-1,Creating and carrying forwards
Leandro Paredes,Paris S-G,Ligue 1,2022,MF,MF,838.0,MF-0,Deep ball winning midfielders
Lionel Messi,Paris S-G,Ligue 1,2022,FW,"FW,MF",2153.0,FW-1,Creating and carrying forwards
Marco Verratti,Paris S-G,Ligue 1,2022,MF,MF,1937.0,MF-0,Deep ball winning midfielders
Marquinhos,Paris S-G,Ligue 1,2022,DF,DF,2861.0,DF-0,Deep central defenders
Mauro Icardi,Paris S-G,Ligue 1,2022,FW,FW,1027.0,FW-0,Low involvement centre forwards
Neymar,Paris S-G,Ligue 1,2022,FW,"FW,MF",1851.0,FW-1,Creating and carrying forwards
Nuno Mendes,Paris S-G,Ligue 1,2022,DF,DF,1658.0,DF-1,Wide attacking defenders
Presnel Kimpembe,Paris S-G,Ligue 1,2022,DF,DF,2576.0,DF-0,Deep central defenders
Sergio Ramos,Paris S-G,Ligue 1,2022,DF,DF,801.0,DF-0,Deep central defenders
Thilo Kehrer,Paris S-G,Ligue 1,2022,DF,DF,1513.0,DF-0,Deep central defenders
Ángel Di María,Paris S-G,Ligue 1,2022,FW,"FW,MF",1645.0,FW-1,Creating and carrying forwards
Alexis Flips,Reims,Ligue 1,2022,MF,"MF,DF",1056.0,MF-1,Advanced attacking midfielders
Andrew Gravillon,Reims,Ligue 1,2022,DF,DF,2135.0,DF-0,Deep central defenders
Azor Matusiwa,Reims,Ligue 1,2022,MF,MF,2463.0,MF-0,Deep ball winning midfielders
Banzouzi Locko,Reims,Ligue 1,2022,MF,"MF,DF",1011.0,MF-0,Deep ball winning midfielders
Dion Lopy,Reims,Ligue 1,2022,MF,MF,1642.0,MF-0,Deep ball winning midfielders
El Bilal Touré,Reims,Ligue 1,2022,FW,FW,1194.0,FW-0,Low involvement centre forwards
Ghislain Konan,Reims,Ligue 1,2022,DF,DF,2418.0,DF-1,Wide attacking defenders
Hugo Ekitike,Reims,Ligue 1,2022,FW,"FW,MF",1273.0,FW-0,Low involvement centre forwards
Ilan Kebbal,Reims,Ligue 1,2022,MF,"MF,FW",1772.0,MF-1,Advanced attacking midfielders
Marshall Munetsi,Reims,Ligue 1,2022,MF,"MF,DF",1885.0,MF-0,Deep ball winning midfielders
Maxime Busi,Reims,Ligue 1,2022,DF,DF,1296.0,DF-1,Wide attacking defenders
Mitchell van Bergen,Reims,Ligue 1,2022,FW,"FW,MF",983.0,FW-0,Low involvement centre forwards
Moreto Cassamã,Reims,Ligue 1,2022,MF,MF,801.0,MF-0,Deep ball winning midfielders
Nathanael Mbuku,Reims,Ligue 1,2022,FW,"FW,MF",1418.0,FW-1,Creating and carrying forwards
Thomas Foket,Reims,Ligue 1,2022,DF,"DF,FW",2235.0,DF-1,Wide attacking defenders
Valon Berisha,Reims,Ligue 1,2022,MF,"MF,FW",455.0,MF-0,Deep ball winning midfielders
Wout Faes,Reims,Ligue 1,2022,DF,DF,3330.0,DF-0,Deep central defenders
Yunis Abdelhamid,Reims,Ligue 1,2022,DF,DF,2983.0,DF-0,Deep central defenders
Adrien Truffert,Rennes,Ligue 1,2022,DF,DF,1639.0,DF-1,Wide attacking defenders
Baptiste Santamaria,Rennes,Ligue 1,2022,MF,"MF,DF",2518.0,MF-0,Deep ball winning midfielders
Benjamin Bourigeaud,Rennes,Ligue 1,2022,MF,"MF,FW",3193.0,MF-1,Advanced attacking midfielders
Birger Meling,Rennes,Ligue 1,2022,DF,DF,1829.0,DF-1,Wide attacking defenders
Flavien Tait,Rennes,Ligue 1,2022,MF,MF,2125.0,MF-1,Advanced attacking midfielders
Gaëtan Laborde,Rennes,Ligue 1,2022,FW,FW,2729.0,FW-0,Low involvement centre forwards
Hamari Traoré,Rennes,Ligue 1,2022,DF,DF,2890.0,DF-1,Wide attacking defenders
Jeremy Doku,Rennes,Ligue 1,2022,MF,"MF,FW",469.0,MF-1,Advanced attacking midfielders
Jonas Martin,Rennes,Ligue 1,2022,MF,MF,2105.0,MF-0,Deep ball winning midfielders
Kamaldeen Sulemana,Rennes,Ligue 1,2022,MF,"MF,FW",1015.0,MF-1,Advanced attacking midfielders
Lorenz Assignon,Rennes,Ligue 1,2022,DF,DF,616.0,DF-1,Wide attacking defenders
Lovro Majer,Rennes,Ligue 1,2022,MF,"MF,FW",1832.0,MF-1,Advanced attacking midfielders
Loïc Bade,Rennes,Ligue 1,2022,DF,DF,985.0,DF-0,Deep central defenders
Martin Terrier,Rennes,Ligue 1,2022,FW,"FW,MF",2779.0,FW-1,Creating and carrying forwards
Nayef Aguerd,Rennes,Ligue 1,2022,DF,DF,2735.0,DF-0,Deep central defenders
Sehrou Guirassy,Rennes,Ligue 1,2022,FW,FW,1016.0,FW-0,Low involvement centre forwards
Warmed Omari,Rennes,Ligue 1,2022,DF,DF,2796.0,DF-0,Deep central defenders
Adil Aouchiche,Saint-Étienne,Ligue 1,2022,MF,"MF,FW",1081.0,MF-1,Advanced attacking midfielders
Arnaud Nordin,Saint-Étienne,Ligue 1,2022,MF,"MF,FW",1874.0,MF-1,Advanced attacking midfielders
Denis Bouanga,Saint-Étienne,Ligue 1,2022,FW,"FW,MF",2436.0,FW-1,Creating and carrying forwards
Eliaquim Mangala,Saint-Étienne,Ligue 1,2022,DF,DF,1179.0,DF-0,Deep central defenders
Falaye Sacko,Saint-Étienne,Ligue 1,2022,DF,DF,667.0,DF-0,Deep central defenders
Gabriel Silva,Saint-Étienne,Ligue 1,2022,DF,"DF,MF",713.0,DF-0,Deep central defenders
Harold Moukoudi,Saint-Étienne,Ligue 1,2022,DF,DF,1661.0,DF-0,Deep central defenders
Jean-Philippe Krasso,Saint-Étienne,Ligue 1,2022,FW,"FW,MF",453.0,FW-0,Low involvement centre forwards
Lucas Gourna-Douath,Saint-Étienne,Ligue 1,2022,MF,MF,1804.0,MF-0,Deep ball winning midfielders
Mahdi Camara,Saint-Étienne,Ligue 1,2022,MF,"MF,DF",3073.0,MF-0,Deep ball winning midfielders
Mickael Nade,Saint-Étienne,Ligue 1,2022,DF,DF,2563.0,DF-0,Deep central defenders
Miguel Trauco,Saint-Étienne,Ligue 1,2022,DF,"DF,MF",1112.0,DF-1,Wide attacking defenders
Romain Hamouma,Saint-Étienne,Ligue 1,2022,FW,"FW,MF",886.0,FW-1,Creating and carrying forwards
Ryad Boudebouz,Saint-Étienne,Ligue 1,2022,MF,"MF,FW",2252.0,MF-1,Advanced attacking midfielders
Sada Thioub,Saint-Étienne,Ligue 1,2022,DF,"DF,MF",950.0,DF-1,Wide attacking defenders
Saidou Sow,Saint-Étienne,Ligue 1,2022,DF,DF,989.0,DF-0,Deep central defenders
Timothée Kolodziejczak,Saint-Étienne,Ligue 1,2022,DF,DF,2565.0,DF-0,Deep central defenders
Wahbi Khazri,Saint-Étienne,Ligue 1,2022,FW,"FW,MF",2225.0,FW-0,Low involvement centre forwards
Yvan Neyou,Saint-Étienne,Ligue 1,2022,MF,MF,936.0,MF-0,Deep ball winning midfielders
Yvann Macon,Saint-Étienne,Ligue 1,2022,DF,DF,1529.0,DF-1,Wide attacking defenders
Zaydou Youssouf,Saint-Étienne,Ligue 1,2022,MF,MF,1553.0,MF-0,Deep ball winning midfielders
Adrien Thomasson,Strasbourg,Ligue 1,2022,MF,MF,2389.0,MF-1,Advanced attacking midfielders
Alexander Djiku,Strasbourg,Ligue 1,2022,DF,DF,2694.0,DF-0,Deep central defenders
Anthony Caci,Strasbourg,Ligue 1,2022,DF,DF,2395.0,DF-1,Wide attacking defenders
Dimitri Liénard,Strasbourg,Ligue 1,2022,DF,"DF,MF",2044.0,DF-1,Wide attacking defenders
Frederic Guilbert,Strasbourg,Ligue 1,2022,DF,DF,2516.0,DF-1,Wide attacking defenders
Gerzino Nyamsi,Strasbourg,Ligue 1,2022,DF,DF,2984.0,DF-0,Deep central defenders
Habib Diallo,Strasbourg,Ligue 1,2022,FW,FW,1541.0,FW-0,Low involvement centre forwards
Ibrahima Sissoko,Strasbourg,Ligue 1,2022,MF,"MF,DF",2303.0,MF-0,Deep ball winning midfielders
Jean-Eudes Aholou,Strasbourg,Ligue 1,2022,MF,MF,1004.0,MF-0,Deep ball winning midfielders
Jean-Ricner Bellegarde,Strasbourg,Ligue 1,2022,MF,MF,2332.0,MF-0,Deep ball winning midfielders
Karol Fila,Strasbourg,Ligue 1,2022,DF,DF,560.0,DF-1,Wide attacking defenders
Kévin Gameiro,Strasbourg,Ligue 1,2022,FW,FW,2385.0,FW-0,Low involvement centre forwards
Lucas Perrin,Strasbourg,Ligue 1,2022,DF,DF,2502.0,DF-0,Deep central defenders
Ludovic Ajorque,Strasbourg,Ligue 1,2022,FW,FW,2738.0,FW-0,Low involvement centre forwards
Maxime Le Marchand,Strasbourg,Ligue 1,2022,DF,DF,860.0,DF-0,Deep central defenders
Sanjin Prcić,Strasbourg,Ligue 1,2022,MF,MF,2186.0,MF-0,Deep ball winning midfielders
Abdu Conté,Troyes,Ligue 1,2022,DF,DF,1347.0,DF-1,Wide attacking defenders
Adil Rami,Troyes,Ligue 1,2022,DF,DF,1171.0,DF-0,Deep central defenders
Dylan Chambost,Troyes,Ligue 1,2022,MF,"MF,FW",753.0,MF-0,Deep ball winning midfielders
Erik Palmer-Brown,Troyes,Ligue 1,2022,DF,DF,1734.0,DF-0,Deep central defenders
Florian Tardieu,Troyes,Ligue 1,2022,MF,MF,2632.0,MF-0,Deep ball winning midfielders
Gerson Rodrigues,Troyes,Ligue 1,2022,FW,"FW,MF",848.0,FW-0,Low involvement centre forwards
Giulian Biancone,Troyes,Ligue 1,2022,DF,"DF,MF",2292.0,DF-1,Wide attacking defenders
Ike Ugbo,Troyes,Ligue 1,2022,FW,FW,814.0,FW-0,Low involvement centre forwards
Issa Kaboré,Troyes,Ligue 1,2022,DF,DF,2254.0,DF-1,Wide attacking defenders
Jimmy Giraudon,Troyes,Ligue 1,2022,DF,DF,1619.0,DF-0,Deep central defenders
Lebo Mothiba,Troyes,Ligue 1,2022,FW,"FW,MF",522.0,FW-0,Low involvement centre forwards
Mama Samba Baldé,Troyes,Ligue 1,2022,MF,"MF,FW",1717.0,MF-1,Advanced attacking midfielders
Oualid El Hajjam,Troyes,Ligue 1,2022,DF,DF,1072.0,DF-0,Deep central defenders
Renaud Ripart,Troyes,Ligue 1,2022,MF,"MF,FW",1893.0,MF-1,Advanced attacking midfielders
Rominigue Kouamé,Troyes,Ligue 1,2022,MF,MF,2968.0,MF-0,Deep ball winning midfielders
Tristan Dingomé,Troyes,Ligue 1,2022,MF,"MF,FW",1077.0,MF-1,Advanced attacking midfielders
Xavier Chavalerin,Troyes,Ligue 1,2022,MF,MF,2717.0,MF-0,Deep ball winning midfielders
Yoann Salmier,Troyes,Ligue 1,2022,DF,DF,2668.0,DF-0,Deep central defenders
Yoann Touzghar,Troyes,Ligue 1,2022,FW,FW,1457.0,FW-0,Low involvement centre forwards
Youssouf Koné,Troyes,Ligue 1,2022,DF,DF,980.0,DF-1,Wide attacking defenders
Albert Sambi Lokonga,Arsenal,Premier League,2022,MF,MF,1134.0,MF-0,Deep ball winning midfielders
Alexandre Lacazette,Arsenal,Premier League,2022,FW,FW,1782.0,FW-0,Low involvement centre forwards
Ben White,Arsenal,Premier League,2022,DF,DF,2880.0,DF-0,Deep central defenders
Bukayo Saka,Arsenal,Premier League,2022,MF,MF,2978.0,MF-1,Advanced attacking midfielders
Cédric Soares,Arsenal,Premier League,2022,DF,DF,1486.0,DF-1,Wide attacking defenders
Eddie Nketiah,Arsenal,Premier League,2022,FW,FW,835.0,FW-0,Low involvement centre forwards
Emile Smith Rowe,Arsenal,Premier League,2022,MF,MF,1921.0,MF-1,Advanced attacking midfielders
Gabriel Dos Santos,Arsenal,Premier League,2022,DF,DF,3063.0,DF-0,Deep central defenders
Granit Xhaka,Arsenal,Premier League,2022,MF,"MF,DF",2327.0,MF-0,Deep ball winning midfielders
Kieran Tierney,Arsenal,Premier League,2022,DF,DF,1915.0,DF-1,Wide attacking defenders
Martin Ødegaard,Arsenal,Premier League,2022,MF,"MF,FW",2785.0,MF-1,Advanced attacking midfielders
Martinelli,Arsenal,Premier League,2022,MF,"MF,FW",1860.0,MF-1,Advanced attacking midfielders
Mohamed Elneny,Arsenal,Premier League,2022,MF,MF,806.0,MF-0,Deep ball winning midfielders
Nicolas Pépé,Arsenal,Premier League,2022,MF,MF,696.0,MF-1,Advanced attacking midfielders
Nuno Tavares,Arsenal,Premier League,2022,DF,DF,1176.0,DF-1,Wide attacking defenders
Pierre-Emerick Aubameyang,Arsenal,Premier League,2022,FW,FW,1037.0,FW-0,Low involvement centre forwards
Rob Holding,Arsenal,Premier League,2022,DF,DF,845.0,DF-0,Deep central defenders
Takehiro Tomiyasu,Arsenal,Premier League,2022,DF,DF,1679.0,DF-1,Wide attacking defenders
Thomas Partey,Arsenal,Premier League,2022,MF,MF,2028.0,MF-0,Deep ball winning midfielders
Ashley Young,Aston Villa,Premier League,2022,DF,"DF,FW",1250.0,DF-1,Wide attacking defenders
Axel Tuanzebe,Aston Villa,Premier League,2022,DF,DF,508.0,DF-0,Deep central defenders
Calum Chambers,Aston Villa,Premier League,2022,DF,DF,831.0,DF-0,Deep central defenders
Danny Ings,Aston Villa,Premier League,2022,FW,FW,1898.0,FW-0,Low involvement centre forwards
Douglas Luiz,Aston Villa,Premier League,2022,MF,MF,2715.0,MF-0,Deep ball winning midfielders
Emi Buendía,Aston Villa,Premier League,2022,MF,"MF,FW",1899.0,MF-1,Advanced attacking midfielders
Ezri Konsa,Aston Villa,Premier League,2022,DF,DF,2477.0,DF-0,Deep central defenders
Jacob Ramsey,Aston Villa,Premier League,2022,MF,MF,2467.0,MF-0,Deep ball winning midfielders
John McGinn,Aston Villa,Premier League,2022,MF,MF,3090.0,MF-0,Deep ball winning midfielders
Leon Bailey,Aston Villa,Premier League,2022,MF,"MF,FW",761.0,MF-1,Advanced attacking midfielders
Lucas Digne,Aston Villa,Premier League,2022,DF,DF,1269.0,DF-1,Wide attacking defenders
Marvelous Nakamba,Aston Villa,Premier League,2022,MF,MF,904.0,MF-0,Deep ball winning midfielders
Matt Targett,Aston Villa,Premier League,2022,DF,DF,1431.0,DF-1,Wide attacking defenders
Matty Cash,Aston Villa,Premier League,2022,DF,DF,3377.0,DF-1,Wide attacking defenders
Ollie Watkins,Aston Villa,Premier League,2022,FW,FW,2952.0,FW-0,Low involvement centre forwards
Philippe Coutinho,Aston Villa,Premier League,2022,MF,"MF,FW",1329.0,MF-1,Advanced attacking midfielders
Tyrone Mings,Aston Villa,Premier League,2022,DF,DF,3189.0,DF-0,Deep central defenders
Bryan Mbeumo,Brentford,Premier League,2022,FW,FW,2905.0,FW-0,Low involvement centre forwards
Charlie Goode,Brentford,Premier League,2022,DF,DF,450.0,DF-1,Wide attacking defenders
Christian Eriksen,Brentford,Premier League,2022,MF,MF,939.0,MF-1,Advanced attacking midfielders
Christian Nørgaard,Brentford,Premier League,2022,MF,MF,3054.0,MF-0,Deep ball winning midfielders
Ethan Pinnock,Brentford,Premier League,2022,DF,DF,2694.0,DF-0,Deep central defenders
Frank Onyeka,Brentford,Premier League,2022,MF,MF,1045.0,MF-0,Deep ball winning midfielders
Ivan Toney,Brentford,Premier League,2022,FW,FW,2909.0,FW-0,Low involvement centre forwards
Kristoffer Ajer,Brentford,Premier League,2022,DF,DF,1995.0,DF-1,Wide attacking defenders
Mads Bech Sørensen,Brentford,Premier League,2022,DF,DF,835.0,DF-0,Deep central defenders
Mads Roerslev,Brentford,Premier League,2022,DF,DF,1240.0,DF-1,Wide attacking defenders
Mathias Jensen,Brentford,Premier League,2022,MF,MF,1601.0,MF-1,Advanced attacking midfielders
Mathias Jørgensen,Brentford,Premier League,2022,DF,DF,518.0,DF-0,Deep central defenders
Pontus Jansson,Brentford,Premier League,2022,DF,DF,3321.0,DF-0,Deep central defenders
Rico Henry,Brentford,Premier League,2022,DF,DF,2776.0,DF-1,Wide attacking defenders
Saman Ghoddos,Brentford,Premier League,2022,MF,"MF,DF",536.0,MF-1,Advanced attacking midfielders
Sergi Canós,Brentford,Premier League,2022,DF,"DF,FW",2083.0,DF-1,Wide attacking defenders
Shandon Baptiste,Brentford,Premier League,2022,MF,MF,910.0,MF-0,Deep ball winning midfielders
Vitaly Janelt,Brentford,Premier League,2022,MF,MF,2298.0,MF-0,Deep ball winning midfielders
Yoane Wissa,Brentford,Premier League,2022,FW,FW,1284.0,FW-0,Low involvement centre forwards
Adam Lallana,Brighton,Premier League,2022,MF,MF,1561.0,MF-0,Deep ball winning midfielders
Adam Webster,Brighton,Premier League,2022,DF,DF,1434.0,DF-0,Deep central defenders
Alexis Mac Allister,Brighton,Premier League,2022,MF,MF,2123.0,MF-0,Deep ball winning midfielders
Dan Burn,Brighton,Premier League,2022,DF,DF,1022.0,DF-0,Deep central defenders
Danny Welbeck,Brighton,Premier League,2022,FW,"FW,MF",1478.0,FW-0,Low involvement centre forwards
Enock Mwepu,Brighton,Premier League,2022,MF,MF,996.0,MF-1,Advanced attacking midfielders
Jakub Moder,Brighton,Premier League,2022,MF,MF,1701.0,MF-1,Advanced attacking midfielders
Joël Veltman,Brighton,Premier League,2022,DF,DF,2874.0,DF-0,Deep central defenders
Leandro Trossard,Brighton,Premier League,2022,FW,"FW,MF",2805.0,FW-1,Creating and carrying forwards
Lewis Dunk,Brighton,Premier League,2022,DF,DF,2573.0,DF-0,Deep central defenders
Marc Cucurella,Brighton,Premier League,2022,DF,DF,3089.0,DF-1,Wide attacking defenders
Moisés Caicedo,Brighton,Premier League,2022,MF,MF,660.0,MF-0,Deep ball winning midfielders
Neal Maupay,Brighton,Premier League,2022,FW,FW,2276.0,FW-0,Low involvement centre forwards
Pascal Groß,Brighton,Premier League,2022,MF,"MF,DF",2038.0,MF-1,Advanced attacking midfielders
Shane Duffy,Brighton,Premier League,2022,DF,DF,1436.0,DF-0,Deep central defenders
Solly March,Brighton,Premier League,2022,DF,"DF,MF",1746.0,DF-1,Wide attacking defenders
Tariq Lamptey,Brighton,Premier League,2022,DF,"DF,MF",1561.0,DF-1,Wide attacking defenders
Yves Bissouma,Brighton,Premier League,2022,MF,MF,2111.0,MF-0,Deep ball winning midfielders
Aaron Lennon,Burnley,Premier League,2022,MF,"MF,FW",1551.0,MF-1,Advanced attacking midfielders
Ashley Barnes,Burnley,Premier League,2022,FW,FW,808.0,FW-0,Low involvement centre forwards
Ashley Westwood,Burnley,Premier League,2022,MF,MF,2287.0,MF-0,Deep ball winning midfielders
Ben Mee,Burnley,Premier League,2022,DF,DF,1839.0,DF-0,Deep central defenders
Charlie Taylor,Burnley,Premier League,2022,DF,DF,2731.0,DF-1,Wide attacking defenders
Chris Wood,Burnley,Premier League,2022,FW,FW,1367.0,FW-0,Low involvement centre forwards
Connor Roberts,Burnley,Premier League,2022,DF,DF,1692.0,DF-1,Wide attacking defenders
Dwight McNeil,Burnley,Premier League,2022,MF,MF,3107.0,MF-1,Advanced attacking midfielders
Erik Pieters,Burnley,Premier League,2022,DF,DF,730.0,DF-1,Wide attacking defenders
Jack Cork,Burnley,Premier League,2022,MF,MF,1670.0,MF-0,Deep ball winning midfielders
James Tarkowski,Burnley,Premier League,2022,DF,DF,3106.0,DF-0,Deep central defenders
Jay Rodriguez,Burnley,Premier League,2022,FW,FW,1382.0,FW-0,Low involvement centre forwards
Josh Brownhill,Burnley,Premier League,2022,MF,MF,2955.0,MF-0,Deep ball winning midfielders
Jóhann Berg Guðmundsson,Burnley,Premier League,2022,MF,MF,1102.0,MF-1,Advanced attacking midfielders
Matthew Lowton,Burnley,Premier League,2022,DF,DF,1772.0,DF-1,Wide attacking defenders
Matěj Vydra,Burnley,Premier League,2022,FW,FW,679.0,FW-0,Low involvement centre forwards
Maxwel Cornet,Burnley,Premier League,2022,FW,"FW,MF",1766.0,FW-0,Low involvement centre forwards
Nathan Collins,Burnley,Premier League,2022,DF,DF,1670.0,DF-0,Deep central defenders
Wout Weghorst,Burnley,Premier League,2022,FW,FW,1450.0,FW-0,Low involvement centre forwards
Andreas Christensen,Chelsea,Premier League,2022,DF,DF,1496.0,DF-0,Deep central defenders
Antonio Rüdiger,Chelsea,Premier League,2022,DF,DF,3035.0,DF-0,Deep central defenders
Ben Chilwell,Chelsea,Premier League,2022,DF,DF,542.0,DF-1,Wide attacking defenders
Callum Hudson-Odoi,Chelsea,Premier League,2022,MF,"MF,FW",962.0,MF-1,Advanced attacking midfielders
Christian Pulisic,Chelsea,Premier League,2022,MF,"MF,FW",1290.0,MF-1,Advanced attacking midfielders
César Azpilicueta,Chelsea,Premier League,2022,DF,DF,2070.0,DF-1,Wide attacking defenders
Hakim Ziyech,Chelsea,Premier League,2022,MF,"MF,FW",1319.0,MF-1,Advanced attacking midfielders
Jorginho,Chelsea,Premier League,2022,MF,MF,2273.0,MF-0,Deep ball winning midfielders
Kai Havertz,Chelsea,Premier League,2022,FW,"FW,MF",1809.0,FW-0,Low involvement centre forwards
Malang Sarr,Chelsea,Premier League,2022,DF,DF,546.0,DF-0,Deep central defenders
Marcos Alonso,Chelsea,Premier League,2022,DF,DF,2167.0,DF-1,Wide attacking defenders
Mason Mount,Chelsea,Premier League,2022,MF,MF,2363.0,MF-1,Advanced attacking midfielders
Mateo Kovačić,Chelsea,Premier League,2022,MF,MF,1558.0,MF-0,Deep ball winning midfielders
N'Golo Kanté,Chelsea,Premier League,2022,MF,MF,1773.0,MF-0,Deep ball winning midfielders
Reece James,Chelsea,Premier League,2022,DF,DF,1864.0,DF-1,Wide attacking defenders
Romelu Lukaku,Chelsea,Premier League,2022,FW,FW,1589.0,FW-0,Low involvement centre forwards
Ruben Loftus-Cheek,Chelsea,Premier League,2022,MF,"MF,DF",1394.0,MF-0,Deep ball winning midfielders
Saúl Ñíguez,Chelsea,Premier League,2022,DF,"DF,MF",480.0,DF-1,Wide attacking defenders
Thiago Silva,Chelsea,Premier League,2022,DF,DF,2650.0,DF-0,Deep central defenders
Timo Werner,Chelsea,Premier League,2022,FW,"FW,MF",1283.0,FW-0,Low involvement centre forwards
Trevoh Chalobah,Chelsea,Premier League,2022,DF,DF,1449.0,DF-0,Deep central defenders
Cheikhou Kouyaté,Crystal Palace,Premier League,2022,MF,MF,1974.0,MF-0,Deep ball winning midfielders
Christian Benteke,Crystal Palace,Premier League,2022,FW,FW,1145.0,FW-0,Low involvement centre forwards
Conor Gallagher,Crystal Palace,Premier League,2022,MF,MF,2845.0,MF-1,Advanced attacking midfielders
Eberechi Eze,Crystal Palace,Premier League,2022,MF,"MF,FW",605.0,MF-1,Advanced attacking midfielders
James McArthur,Crystal Palace,Premier League,2022,MF,MF,1439.0,MF-0,Deep ball winning midfielders
James Tomkins,Crystal Palace,Premier League,2022,DF,DF,547.0,DF-0,Deep central defenders
Jean-Philippe Mateta,Crystal Palace,Premier League,2022,FW,FW,1145.0,FW-0,Low involvement centre forwards
Jeffrey Schlupp,Crystal Palace,Premier League,2022,MF,"MF,FW",1851.0,MF-0,Deep ball winning midfielders
Joachim Andersen,Crystal Palace,Premier League,2022,DF,DF,2916.0,DF-0,Deep central defenders
Joel Ward,Crystal Palace,Premier League,2022,DF,DF,2487.0,DF-0,Deep central defenders
Jordan Ayew,Crystal Palace,Premier League,2022,FW,"FW,MF",2019.0,FW-1,Creating and carrying forwards
Luka Milivojević,Crystal Palace,Premier League,2022,MF,MF,774.0,MF-0,Deep ball winning midfielders
Marc Guéhi,Crystal Palace,Premier League,2022,DF,DF,3222.0,DF-0,Deep central defenders
Michael Olise,Crystal Palace,Premier League,2022,FW,"FW,MF",1141.0,FW-1,Creating and carrying forwards
Nathaniel Clyne,Crystal Palace,Premier League,2022,DF,DF,1351.0,DF-0,Deep central defenders
Odsonne Édouard,Crystal Palace,Premier League,2022,FW,"FW,MF",1564.0,FW-0,Low involvement centre forwards
Tyrick Mitchell,Crystal Palace,Premier League,2022,DF,DF,3101.0,DF-1,Wide attacking defenders
Wilfried Zaha,Crystal Palace,Premier League,2022,FW,"FW,MF",2760.0,FW-1,Creating and carrying forwards
Will Hughes,Crystal Palace,Premier League,2022,MF,MF,1053.0,MF-0,Deep ball winning midfielders
Abdoulaye Doucouré,Everton,Premier League,2022,MF,MF,2537.0,MF-0,Deep ball winning midfielders
Alex Iwobi,Everton,Premier League,2022,MF,"MF,DF",2035.0,MF-1,Advanced attacking midfielders
Allan,Everton,Premier League,2022,MF,MF,2183.0,MF-0,Deep ball winning midfielders
Andros Townsend,Everton,Premier League,2022,MF,"MF,FW",1455.0,MF-1,Advanced attacking midfielders
André Gomes,Everton,Premier League,2022,MF,MF,619.0,MF-0,Deep ball winning midfielders
Anthony Gordon,Everton,Premier League,2022,MF,"MF,FW",2285.0,MF-1,Advanced attacking midfielders
Ben Godfrey,Everton,Premier League,2022,DF,DF,2029.0,DF-0,Deep central defenders
Demarai Gray,Everton,Premier League,2022,MF,"MF,FW",2338.0,MF-1,Advanced attacking midfielders
Dominic Calvert-Lewin,Everton,Premier League,2022,FW,FW,1283.0,FW-0,Low involvement centre forwards
Donny van de Beek,Everton,Premier League,2022,MF,MF,483.0,MF-0,Deep ball winning midfielders
Fabian Delph,Everton,Premier League,2022,MF,MF,662.0,MF-0,Deep ball winning midfielders
Jonjoe Kenny,Everton,Premier League,2022,DF,DF,1018.0,DF-1,Wide attacking defenders
Lucas Digne,Everton,Premier League,2022,DF,DF,1170.0,DF-1,Wide attacking defenders
Mason Holgate,Everton,Premier League,2022,DF,DF,2134.0,DF-0,Deep central defenders
Michael Keane,Everton,Premier League,2022,DF,DF,2792.0,DF-0,Deep central defenders
Richarlison,Everton,Premier League,2022,FW,"FW,MF",2523.0,FW-0,Low involvement centre forwards
Salomón Rondón,Everton,Premier League,2022,FW,FW,790.0,FW-0,Low involvement centre forwards
Séamus Coleman,Everton,Premier League,2022,DF,DF,2656.0,DF-1,Wide attacking defenders
Vitaliy Mykolenko,Everton,Premier League,2022,DF,DF,1055.0,DF-1,Wide attacking defenders
Yerry Mina,Everton,Premier League,2022,DF,DF,846.0,DF-0,Deep central defenders
Adam Forshaw,Leeds United,Premier League,2022,MF,MF,1530.0,MF-0,Deep ball winning midfielders
Daniel James,Leeds United,Premier League,2022,FW,"FW,MF",2366.0,FW-0,Low involvement centre forwards
Diego Llorente,Leeds United,Premier League,2022,DF,DF,2340.0,DF-0,Deep central defenders
Jack Harrison,Leeds United,Premier League,2022,MF,"MF,FW",2639.0,MF-1,Advanced attacking midfielders
Jamie Shackleton,Leeds United,Premier League,2022,DF,"DF,MF",709.0,DF-1,Wide attacking defenders
Joe Gelhardt,Leeds United,Premier League,2022,FW,"FW,MF",746.0,FW-0,Low involvement centre forwards
Junior Firpo,Leeds United,Premier League,2022,DF,"DF,MF",1711.0,DF-1,Wide attacking defenders
Kalvin Phillips,Leeds United,Premier League,2022,MF,MF,1596.0,MF-0,Deep ball winning midfielders
Liam Cooper,Leeds United,Premier League,2022,DF,DF,1814.0,DF-0,Deep central defenders
Luke Ayling,Leeds United,Premier League,2022,DF,DF,2272.0,DF-0,Deep central defenders
Mateusz Klich,Leeds United,Premier League,2022,MF,MF,2073.0,MF-1,Advanced attacking midfielders
Pascal Struijk,Leeds United,Premier League,2022,DF,"DF,MF",2055.0,DF-0,Deep central defenders
Patrick Bamford,Leeds United,Premier League,2022,FW,FW,559.0,FW-0,Low involvement centre forwards
Raphinha,Leeds United,Premier League,2022,MF,"MF,FW",2915.0,MF-1,Advanced attacking midfielders
Robin Koch,Leeds United,Premier League,2022,MF,"MF,DF",1574.0,MF-0,Deep ball winning midfielders
Rodrigo,Leeds United,Premier League,2022,MF,"MF,FW",2265.0,MF-1,Advanced attacking midfielders
Stuart Dallas,Leeds United,Premier League,2022,DF,"DF,MF",2919.0,DF-1,Wide attacking defenders
Tyler Roberts,Leeds United,Premier League,2022,MF,"MF,FW",987.0,MF-1,Advanced attacking midfielders
Ademola Lookman,Leicester City,Premier League,2022,MF,"MF,FW",1453.0,MF-1,Advanced attacking midfielders
Boubakary Soumaré,Leicester City,Premier League,2022,MF,MF,1102.0,MF-0,Deep ball winning midfielders
Daniel Amartey,Leicester City,Premier League,2022,DF,DF,2123.0,DF-0,Deep central defenders
Harvey Barnes,Leicester City,Premier League,2022,MF,"MF,FW",2101.0,MF-1,Advanced attacking midfielders
James Justin,Leicester City,Premier League,2022,DF,DF,998.0,DF-1,Wide attacking defenders
James Maddison,Leicester City,Premier League,2022,MF,"MF,FW",2459.0,MF-1,Advanced attacking midfielders
Jamie Vardy,Leicester City,Premier League,2022,FW,FW,1806.0,FW-0,Low involvement centre forwards
Jannik Vestergaard,Leicester City,Premier League,2022,DF,DF,567.0,DF-0,Deep central defenders
Jonny Evans,Leicester City,Premier League,2022,DF,DF,1348.0,DF-0,Deep central defenders
Kelechi Iheanacho,Leicester City,Premier League,2022,FW,FW,1264.0,FW-0,Low involvement centre forwards
Kiernan Dewsbury-Hall,Leicester City,Premier League,2022,MF,MF,2105.0,MF-0,Deep ball winning midfielders
Luke Thomas,Leicester City,Premier League,2022,DF,DF,1912.0,DF-1,Wide attacking defenders
Marc Albrighton,Leicester City,Premier League,2022,MF,"MF,DF",1132.0,MF-0,Deep ball winning midfielders
Nampalys Mendy,Leicester City,Premier League,2022,MF,MF,1032.0,MF-0,Deep ball winning midfielders
Patson Daka,Leicester City,Premier League,2022,FW,FW,1159.0,FW-0,Low involvement centre forwards
Ricardo Pereira,Leicester City,Premier League,2022,DF,DF,991.0,DF-1,Wide attacking defenders
Timothy Castagne,Leicester City,Premier League,2022,DF,DF,2127.0,DF-1,Wide attacking defenders
Wesley Fofana,Leicester City,Premier League,2022,DF,DF,630.0,DF-0,Deep central defenders
Wilfred Ndidi,Leicester City,Premier League,2022,MF,"MF,DF",1618.0,MF-0,Deep ball winning midfielders
Youri Tielemans,Leicester City,Premier League,2022,MF,MF,2631.0,MF-0,Deep ball winning midfielders
Çağlar Söyüncü,Leicester City,Premier League,2022,DF,DF,2497.0,DF-0,Deep central defenders
Alex Oxlade-Chamberlain,Liverpool,Premier League,2022,MF,"MF,FW",785.0,MF-1,Advanced attacking midfielders
Andrew Robertson,Liverpool,Premier League,2022,DF,DF,2537.0,DF-1,Wide attacking defenders
Curtis Jones,Liverpool,Premier League,2022,MF,MF,851.0,MF-1,Advanced attacking midfielders
Diogo Jota,Liverpool,Premier League,2022,FW,FW,2364.0,FW-1,Creating and carrying forwards
Fabinho,Liverpool,Premier League,2022,MF,MF,2314.0,MF-0,Deep ball winning midfielders
Ibrahima Konaté,Liverpool,Premier League,2022,DF,DF,990.0,DF-0,Deep central defenders
James Milner,Liverpool,Premier League,2022,MF,"MF,DF",853.0,MF-0,Deep ball winning midfielders
Jordan Henderson,Liverpool,Premier League,2022,MF,MF,2597.0,MF-0,Deep ball winning midfielders
Joël Matip,Liverpool,Premier League,2022,DF,DF,2790.0,DF-0,Deep central defenders
Kostas Tsimikas,Liverpool,Premier League,2022,DF,DF,877.0,DF-1,Wide attacking defenders
Luis Díaz,Liverpool,Premier League,2022,FW,FW,958.0,FW-1,Creating and carrying forwards
Mohamed Salah,Liverpool,Premier League,2022,FW,FW,2762.0,FW-1,Creating and carrying forwards
Naby Keïta,Liverpool,Premier League,2022,MF,MF,1173.0,MF-0,Deep ball winning midfielders
Roberto Firmino,Liverpool,Premier League,2022,FW,FW,990.0,FW-1,Creating and carrying forwards
Sadio Mané,Liverpool,Premier League,2022,FW,FW,2819.0,FW-1,Creating and carrying forwards
Thiago Alcántara,Liverpool,Premier League,2022,MF,MF,1534.0,MF-0,Deep ball winning midfielders
Trent Alexander-Arnold,Liverpool,Premier League,2022,DF,DF,2853.0,DF-1,Wide attacking defenders
Virgil van Dijk,Liverpool,Premier League,2022,DF,DF,3060.0,DF-0,Deep central defenders
Aymeric Laporte,Manchester City,Premier League,2022,DF,DF,2828.0,DF-0,Deep central defenders
Bernardo Silva,Manchester City,Premier League,2022,MF,"MF,FW",2857.0,MF-1,Advanced attacking midfielders
Fernandinho,Manchester City,Premier League,2022,MF,"MF,DF",964.0,MF-0,Deep ball winning midfielders
Gabriel Jesus,Manchester City,Premier League,2022,FW,FW,1877.0,FW-1,Creating and carrying forwards
Jack Grealish,Manchester City,Premier League,2022,FW,"FW,MF",1914.0,FW-1,Creating and carrying forwards
John Stones,Manchester City,Premier League,2022,DF,DF,1119.0,DF-0,Deep central defenders
João Cancelo,Manchester City,Premier League,2022,DF,DF,3227.0,DF-1,Wide attacking defenders
Kevin De Bruyne,Manchester City,Premier League,2022,MF,MF,2201.0,MF-1,Advanced attacking midfielders
Kyle Walker,Manchester City,Premier League,2022,DF,DF,1755.0,DF-1,Wide attacking defenders
Nathan Aké,Manchester City,Premier League,2022,DF,DF,923.0,DF-0,Deep central defenders
Oleksandr Zinchenko,Manchester City,Premier League,2022,DF,DF,1047.0,DF-1,Wide attacking defenders
Phil Foden,Manchester City,Premier League,2022,FW,"FW,MF",2128.0,FW-1,Creating and carrying forwards
Raheem Sterling,Manchester City,Premier League,2022,FW,"FW,MF",2128.0,FW-1,Creating and carrying forwards
Riyad Mahrez,Manchester City,Premier League,2022,FW,"FW,MF",1498.0,FW-1,Creating and carrying forwards
Rodri,Manchester City,Premier League,2022,MF,MF,2884.0,MF-0,Deep ball winning midfielders
Rúben Dias,Manchester City,Premier League,2022,DF,DF,2402.0,DF-0,Deep central defenders
İlkay Gündoğan,Manchester City,Premier League,2022,MF,MF,1857.0,MF-1,Advanced attacking midfielders
Aaron Wan-Bissaka,Manchester Utd,Premier League,2022,DF,DF,1793.0,DF-1,Wide attacking defenders
Alex Telles,Manchester Utd,Premier League,2022,DF,DF,1660.0,DF-1,Wide attacking defenders
Anthony Elanga,Manchester Utd,Premier League,2022,MF,"MF,FW",1214.0,MF-1,Advanced attacking midfielders
Bruno Fernandes,Manchester Utd,Premier League,2022,MF,MF,3111.0,MF-1,Advanced attacking midfielders
Cristiano Ronaldo,Manchester Utd,Premier League,2022,FW,FW,2456.0,FW-0,Low involvement centre forwards
Diogo Dalot,Manchester Utd,Premier League,2022,DF,DF,1801.0,DF-1,Wide attacking defenders
Edinson Cavani,Manchester Utd,Premier League,2022,FW,FW,766.0,FW-0,Low involvement centre forwards
Fred,Manchester Utd,Premier League,2022,MF,MF,2028.0,MF-0,Deep ball winning midfielders
Harry Maguire,Manchester Utd,Premier League,2022,DF,DF,2515.0,DF-0,Deep central defenders
Jadon Sancho,Manchester Utd,Premier League,2022,MF,"MF,FW",1900.0,MF-1,Advanced attacking midfielders
Luke Shaw,Manchester Utd,Premier League,2022,DF,DF,1601.0,DF-1,Wide attacking defenders
Marcus Rashford,Manchester Utd,Premier League,2022,MF,"MF,FW",1235.0,MF-1,Advanced attacking midfielders
Mason Greenwood,Manchester Utd,Premier League,2022,MF,"MF,FW",1271.0,MF-1,Advanced attacking midfielders
Nemanja Matić,Manchester Utd,Premier League,2022,MF,MF,1382.0,MF-0,Deep ball winning midfielders
Paul Pogba,Manchester Utd,Premier League,2022,MF,MF,1349.0,MF-1,Advanced attacking midfielders
Raphaël Varane,Manchester Utd,Premier League,2022,DF,DF,1831.0,DF-0,Deep central defenders
Scott McTominay,Manchester Utd,Premier League,2022,MF,MF,2387.0,MF-0,Deep ball winning midfielders
Victor Lindelöf,Manchester Utd,Premier League,2022,DF,DF,2355.0,DF-0,Deep central defenders
Allan Saint-Maximin,Newcastle Utd,Premier League,2022,FW,"FW,MF",2804.0,FW-1,Creating and carrying forwards
Bruno Guimarães,Newcastle Utd,Premier League,2022,MF,MF,1034.0,MF-0,Deep ball winning midfielders
Callum Wilson,Newcastle Utd,Premier League,2022,FW,FW,1386.0,FW-0,Low involvement centre forwards
Chris Wood,Newcastle Utd,Premier League,2022,FW,FW,1327.0,FW-0,Low involvement centre forwards
Ciaran Clark,Newcastle Utd,Premier League,2022,DF,DF,1014.0,DF-0,Deep central defenders
Dan Burn,Newcastle Utd,Premier League,2022,DF,DF,1440.0,DF-0,Deep central defenders
Emil Krafth,Newcastle Utd,Premier League,2022,DF,DF,1634.0,DF-0,Deep central defenders
Fabian Schär,Newcastle Utd,Premier League,2022,DF,DF,2158.0,DF-0,Deep central defenders
Federico Fernández,Newcastle Utd,Premier League,2022,DF,DF,523.0,DF-0,Deep central defenders
Isaac Hayden,Newcastle Utd,Premier League,2022,MF,"MF,DF",1002.0,MF-0,Deep ball winning midfielders
Jacob Murphy,Newcastle Utd,Premier League,2022,FW,"FW,DF",1473.0,FW-1,Creating and carrying forwards
Jamaal Lascelles,Newcastle Utd,Premier League,2022,DF,DF,2058.0,DF-0,Deep central defenders
Javier Manquillo,Newcastle Utd,Premier League,2022,DF,DF,1257.0,DF-1,Wide attacking defenders
Joe Willock,Newcastle Utd,Premier League,2022,MF,MF,2038.0,MF-0,Deep ball winning midfielders
Joelinton,Newcastle Utd,Premier League,2022,MF,"MF,FW",2558.0,MF-0,Deep ball winning midfielders
Jonjo Shelvey,Newcastle Utd,Premier League,2022,MF,MF,1983.0,MF-0,Deep ball winning midfielders
Matt Ritchie,Newcastle Utd,Premier League,2022,DF,DF,1337.0,DF-1,Wide attacking defenders
Matt Targett,Newcastle Utd,Premier League,2022,DF,DF,1440.0,DF-1,Wide attacking defenders
Miguel Almirón,Newcastle Utd,Premier League,2022,MF,"MF,FW",1716.0,MF-1,Advanced attacking midfielders
Ryan Fraser,Newcastle Utd,Premier League,2022,FW,"FW,MF",1465.0,FW-1,Creating and carrying forwards
Sean Longstaff,Newcastle Utd,Premier League,2022,MF,MF,1464.0,MF-0,Deep ball winning midfielders
Adam Idah,Norwich City,Premier League,2022,FW,"FW,MF",625.0,FW-0,Low involvement centre forwards
Ben Gibson,Norwich City,Premier League,2022,DF,DF,2494.0,DF-0,Deep central defenders
Billy Gilmour,Norwich City,Premier League,2022,MF,MF,1855.0,MF-0,Deep ball winning midfielders
Brandon Williams,Norwich City,Premier League,2022,DF,DF,2120.0,DF-1,Wide attacking defenders
Dimitris Giannoulis,Norwich City,Premier League,2022,DF,DF,1169.0,DF-1,Wide attacking defenders
Grant Hanley,Norwich City,Premier League,2022,DF,DF,2897.0,DF-0,Deep central defenders
Jakob Sørensen,Norwich City,Premier League,2022,MF,"MF,DF",604.0,MF-0,Deep ball winning midfielders
Josh Sargent,Norwich City,Premier League,2022,FW,"FW,MF",1572.0,FW-0,Low involvement centre forwards
Kenny McLean,Norwich City,Premier League,2022,MF,MF,2706.0,MF-0,Deep ball winning midfielders
Kieran Dowell,Norwich City,Premier League,2022,MF,MF,912.0,MF-1,Advanced attacking midfielders
Lukas Rupp,Norwich City,Premier League,2022,MF,MF,769.0,MF-0,Deep ball winning midfielders
Mathias Normann,Norwich City,Premier League,2022,MF,MF,1645.0,MF-0,Deep ball winning midfielders
Max Aarons,Norwich City,Premier League,2022,DF,DF,2881.0,DF-1,Wide attacking defenders
Milot Rashica,Norwich City,Premier League,2022,MF,"MF,FW",2229.0,MF-1,Advanced attacking midfielders
Ozan Kabak,Norwich City,Premier League,2022,DF,DF,922.0,DF-0,Deep central defenders
Pierre Lees-Melou,Norwich City,Premier League,2022,MF,MF,2265.0,MF-0,Deep ball winning midfielders
Przemysław Płacheta,Norwich City,Premier League,2022,MF,"MF,FW",504.0,MF-1,Advanced attacking midfielders
Sam Byram,Norwich City,Premier League,2022,DF,DF,1027.0,DF-0,Deep central defenders
Teemu Pukki,Norwich City,Premier League,2022,FW,FW,3253.0,FW-0,Low involvement centre forwards
Adam Armstrong,Southampton,Premier League,2022,FW,FW,1413.0,FW-0,Low involvement centre forwards
Armando Broja,Southampton,Premier League,2022,FW,FW,1975.0,FW-0,Low involvement centre forwards
Che Adams,Southampton,Premier League,2022,FW,FW,2039.0,FW-0,Low involvement centre forwards
Ibrahima Diallo,Southampton,Premier League,2022,MF,MF,1023.0,MF-0,Deep ball winning midfielders
Jack Stephens,Southampton,Premier League,2022,DF,DF,811.0,DF-0,Deep central defenders
James Ward-Prowse,Southampton,Premier League,2022,MF,MF,3215.0,MF-0,Deep ball winning midfielders
Jan Bednarek,Southampton,Premier League,2022,DF,DF,2629.0,DF-0,Deep central defenders
Kyle Walker-Peters,Southampton,Premier League,2022,DF,DF,2633.0,DF-1,Wide attacking defenders
Lyanco,Southampton,Premier League,2022,DF,DF,911.0,DF-0,Deep central defenders
Mohamed Elyounoussi,Southampton,Premier League,2022,MF,"MF,FW",2042.0,MF-1,Advanced attacking midfielders
Mohammed Salisu,Southampton,Premier League,2022,DF,DF,2972.0,DF-0,Deep central defenders
Moussa Djenepo,Southampton,Premier League,2022,MF,MF,457.0,MF-1,Advanced attacking midfielders
Nathan Redmond,Southampton,Premier League,2022,MF,"MF,FW",1833.0,MF-1,Advanced attacking midfielders
Nathan Tella,Southampton,Premier League,2022,MF,"MF,FW",804.0,MF-1,Advanced attacking midfielders
Oriol Romeu,Southampton,Premier League,2022,MF,MF,2889.0,MF-0,Deep ball winning midfielders
Romain Perraud,Southampton,Premier League,2022,DF,DF,1623.0,DF-1,Wide attacking defenders
Stuart Armstrong,Southampton,Premier League,2022,MF,MF,1473.0,MF-1,Advanced attacking midfielders
Valentino Livramento,Southampton,Premier League,2022,DF,DF,2202.0,DF-1,Wide attacking defenders
Ben Davies,Tottenham,Premier League,2022,DF,DF,2538.0,DF-0,Deep central defenders
Cristian Romero,Tottenham,Premier League,2022,DF,DF,1844.0,DF-0,Deep central defenders
Davinson Sánchez,Tottenham,Premier League,2022,DF,DF,1631.0,DF-0,Deep central defenders
Dejan Kulusevski,Tottenham,Premier League,2022,MF,"MF,FW",1261.0,MF-1,Advanced attacking midfielders
Dele Alli,Tottenham,Premier League,2022,MF,MF,657.0,MF-0,Deep ball winning midfielders
Emerson,Tottenham,Premier League,2022,DF,"DF,MF",2286.0,DF-1,Wide attacking defenders
Eric Dier,Tottenham,Premier League,2022,DF,DF,3071.0,DF-0,Deep central defenders
Harry Kane,Tottenham,Premier League,2022,FW,FW,3232.0,FW-0,Low involvement centre forwards
Harry Winks,Tottenham,Premier League,2022,MF,MF,912.0,MF-0,Deep ball winning midfielders
Japhet Tanganga,Tottenham,Premier League,2022,DF,DF,735.0,DF-1,Wide attacking defenders
Lucas Moura,Tottenham,Premier League,2022,MF,"MF,FW",1775.0,MF-1,Advanced attacking midfielders
Matt Doherty,Tottenham,Premier League,2022,DF,DF,875.0,DF-1,Wide attacking defenders
Oliver Skipp,Tottenham,Premier League,2022,MF,MF,1350.0,MF-0,Deep ball winning midfielders
Pierre Højbjerg,Tottenham,Premier League,2022,MF,MF,3196.0,MF-0,Deep ball winning midfielders
Rodrigo Bentancur,Tottenham,Premier League,2022,MF,MF,1361.0,MF-0,Deep ball winning midfielders
Ryan Sessegnon,Tottenham,Premier League,2022,DF,"DF,MF",1047.0,DF-1,Wide attacking defenders
Sergio Reguilón,Tottenham,Premier League,2022,DF,"DF,MF",1916.0,DF-1,Wide attacking defenders
Son Heung-min,Tottenham,Premier League,2022,MF,"MF,FW",3006.0,MF-1,Advanced attacking midfielders
Steven Bergwijn,Tottenham,Premier League,2022,FW,"FW,MF",565.0,FW-1,Creating and carrying forwards
Tanguy Ndombele,Tottenham,Premier League,2022,MF,MF,484.0,MF-1,Advanced attacking midfielders
Adam Masina,Watford,Premier League,2022,DF,DF,1077.0,DF-0,Deep central defenders
Christian Kabasele,Watford,Premier League,2022,DF,DF,1193.0,DF-0,Deep central defenders
Craig Cathcart,Watford,Premier League,2022,DF,DF,2396.0,DF-0,Deep central defenders
Cucho,Watford,Premier League,2022,MF,"MF,FW",1147.0,MF-1,Advanced attacking midfielders
Danny Rose,Watford,Premier League,2022,DF,DF,689.0,DF-1,Wide attacking defenders
Edo Kayembe,Watford,Premier League,2022,MF,MF,799.0,MF-0,Deep ball winning midfielders
Emmanuel Dennis,Watford,Premier League,2022,FW,"FW,MF",2581.0,FW-0,Low involvement centre forwards
Hassane Kamara,Watford,Premier League,2022,DF,DF,1623.0,DF-0,Deep central defenders
Imran Louza,Watford,Premier League,2022,MF,MF,1416.0,MF-0,Deep ball winning midfielders
Ismaila Sarr,Watford,Premier League,2022,MF,"MF,FW",1861.0,MF-1,Advanced attacking midfielders
Jeremy Ngakia,Watford,Premier League,2022,DF,DF,903.0,DF-1,Wide attacking defenders
Joshua King,Watford,Premier League,2022,FW,"FW,MF",2248.0,FW-0,Low involvement centre forwards
João Pedro,Watford,Premier League,2022,FW,"FW,MF",1644.0,FW-1,Creating and carrying forwards
Juraj Kucka,Watford,Premier League,2022,MF,MF,1920.0,MF-0,Deep ball winning midfielders
Ken Sema,Watford,Premier League,2022,MF,"MF,FW",852.0,MF-1,Advanced attacking midfielders
Kiko Femenía,Watford,Premier League,2022,DF,DF,2142.0,DF-1,Wide attacking defenders
Moussa Sissoko,Watford,Premier League,2022,MF,MF,3220.0,MF-0,Deep ball winning midfielders
Samir Santos,Watford,Premier League,2022,DF,DF,1673.0,DF-0,Deep central defenders
Tom Cleverley,Watford,Premier League,2022,MF,MF,1616.0,MF-0,Deep ball winning midfielders
William Troost-Ekong,Watford,Premier League,2022,DF,DF,1390.0,DF-0,Deep central defenders
Aaron Cresswell,West Ham,Premier League,2022,DF,DF,2726.0,DF-1,Wide attacking defenders
Angelo Ogbonna,West Ham,Premier League,2022,DF,DF,921.0,DF-0,Deep central defenders
Arthur Masuaku,West Ham,Premier League,2022,DF,"DF,MF",650.0,DF-1,Wide attacking defenders
Ben Johnson,West Ham,Premier League,2022,DF,DF,1397.0,DF-1,Wide attacking defenders
Craig Dawson,West Ham,Premier League,2022,DF,DF,2754.0,DF-0,Deep central defenders
Declan Rice,West Ham,Premier League,2022,MF,MF,3179.0,MF-0,Deep ball winning midfielders
Issa Diop,West Ham,Premier League,2022,DF,DF,963.0,DF-0,Deep central defenders
Jarrod Bowen,West Ham,Premier League,2022,MF,MF,2983.0,MF-1,Advanced attacking midfielders
Kurt Zouma,West Ham,Premier League,2022,DF,DF,2078.0,DF-0,Deep central defenders
Manuel Lanzini,West Ham,Premier League,2022,MF,MF,1786.0,MF-0,Deep ball winning midfielders
Michail Antonio,West Ham,Premier League,2022,FW,FW,2971.0,FW-0,Low involvement centre forwards
Nikola Vlašić,West Ham,Premier League,2022,MF,MF,560.0,MF-1,Advanced attacking midfielders
Pablo Fornals,West Ham,Premier League,2022,MF,MF,2795.0,MF-1,Advanced attacking midfielders
Saïd Benrahma,West Ham,Premier League,2022,MF,MF,2168.0,MF-1,Advanced attacking midfielders
Tomáš Souček,West Ham,Premier League,2022,MF,MF,3062.0,MF-0,Deep ball winning midfielders
Vladimír Coufal,West Ham,Premier League,2022,DF,DF,2209.0,DF-1,Wide attacking defenders
Adama Traoré,Wolves,Premier League,2022,FW,"FW,MF",1067.0,FW-1,Creating and carrying forwards
Conor Coady,Wolves,Premier League,2022,DF,DF,3361.0,DF-0,Deep central defenders
Daniel Podence,Wolves,Premier League,2022,FW,"FW,MF",1484.0,FW-1,Creating and carrying forwards
Fernando Marçal,Wolves,Premier League,2022,MF,"MF,DF",1449.0,MF-0,Deep ball winning midfielders
Francisco Trincão,Wolves,Premier League,2022,FW,"FW,MF",1336.0,FW-1,Creating and carrying forwards
Fábio Silva,Wolves,Premier League,2022,FW,FW,572.0,FW-0,Low involvement centre forwards
Hwang Hee-chan,Wolves,Premier League,2022,FW,"FW,MF",1816.0,FW-0,Low involvement centre forwards
Jonny Castro,Wolves,Premier League,2022,DF,DF,1024.0,DF-1,Wide attacking defenders
João Moutinho,Wolves,Premier League,2022,MF,MF,2970.0,MF-0,Deep ball winning midfielders
Leander Dendoncker,Wolves,Premier League,2022,MF,MF,1950.0,MF-0,Deep ball winning midfielders
Max Kilman,Wolves,Premier League,2022,DF,DF,2687.0,DF-0,Deep central defenders
Nélson Semedo,Wolves,Premier League,2022,MF,"MF,DF",2131.0,MF-0,Deep ball winning midfielders
Pedro Neto,Wolves,Premier League,2022,MF,"MF,FW",466.0,MF-1,Advanced attacking midfielders
Rayan Aït Nouri,Wolves,Premier League,2022,DF,"DF,MF",1828.0,DF-1,Wide attacking defenders
Raúl Jiménez,Wolves,Premier League,2022,FW,FW,2631.0,FW-0,Low involvement centre forwards
Romain Saïss,Wolves,Premier League,2022,DF,DF,2705.0,DF-0,Deep central defenders
Rúben Neves,Wolves,Premier League,2022,MF,MF,2661.0,MF-0,Deep ball winning midfielders
Willy Boly,Wolves,Premier League,2022,DF,DF,900.0,DF-0,Deep central defenders
Aleksei Miranchuk,Atalanta,Serie A,2022,MF,"MF,FW",772.0,MF-1,Advanced attacking midfielders
Berat Djimsiti,Atalanta,Serie A,2022,DF,DF,2256.0,DF-0,Deep central defenders
Davide Zappacosta,Atalanta,Serie A,2022,DF,DF,2345.0,DF-1,Wide attacking defenders
Duván Zapata,Atalanta,Serie A,2022,FW,FW,1722.0,FW-1,Creating and carrying forwards
Giorgio Scalvini,Atalanta,Serie A,2022,DF,"DF,MF",763.0,DF-1,Wide attacking defenders
Giuseppe Pezzella,Atalanta,Serie A,2022,DF,"DF,MF",1072.0,DF-1,Wide attacking defenders
Hans Hateboer,Atalanta,Serie A,2022,DF,"DF,MF",1386.0,DF-1,Wide attacking defenders
Jeremie Boga,Atalanta,Serie A,2022,MF,"MF,FW",764.0,MF-1,Advanced attacking midfielders
Joakim Mæhle,Atalanta,Serie A,2022,DF,"DF,MF",1471.0,DF-1,Wide attacking defenders
Josip Iličić,Atalanta,Serie A,2022,MF,"MF,FW",841.0,MF-1,Advanced attacking midfielders
José Luis Palomino,Atalanta,Serie A,2022,DF,DF,2672.0,DF-0,Deep central defenders
Luis Muriel,Atalanta,Serie A,2022,FW,"FW,MF",1539.0,FW-1,Creating and carrying forwards
Mario Pašalić,Atalanta,Serie A,2022,MF,"MF,FW",2002.0,MF-1,Advanced attacking midfielders
Marten de Roon,Atalanta,Serie A,2022,MF,"MF,DF",2548.0,MF-0,Deep ball winning midfielders
Matteo Pessina,Atalanta,Serie A,2022,MF,MF,1438.0,MF-1,Advanced attacking midfielders
Merih Demiral,Atalanta,Serie A,2022,DF,DF,1917.0,DF-0,Deep central defenders
Rafael Tolói,Atalanta,Serie A,2022,DF,DF,1438.0,DF-0,Deep central defenders
Remo Freuler,Atalanta,Serie A,2022,MF,MF,2369.0,MF-0,Deep ball winning midfielders
Robin Gosens,Atalanta,Serie A,2022,DF,DF,460.0,DF-1,Wide attacking defenders
Ruslan Malinovskyi,Atalanta,Serie A,2022,MF,"MF,FW",1592.0,MF-1,Advanced attacking midfielders
Teun Koopmeiners,Atalanta,Serie A,2022,MF,MF,2126.0,MF-0,Deep ball winning midfielders
Aaron Hickey,Bologna,Serie A,2022,DF,DF,2820.0,DF-1,Wide attacking defenders
Adama Soumaoro,Bologna,Serie A,2022,DF,DF,2266.0,DF-0,Deep central defenders
Andreas Skov Olsen,Bologna,Serie A,2022,DF,"DF,MF",747.0,DF-1,Wide attacking defenders
Arthur Theate,Bologna,Serie A,2022,DF,DF,2424.0,DF-0,Deep central defenders
Emanuel Vignato,Bologna,Serie A,2022,MF,"MF,DF",594.0,MF-1,Advanced attacking midfielders
Gary Medel,Bologna,Serie A,2022,DF,DF,2823.0,DF-0,Deep central defenders
Jerdy Schouten,Bologna,Serie A,2022,MF,MF,1392.0,MF-0,Deep ball winning midfielders
Kevin Bonifazi,Bologna,Serie A,2022,DF,DF,1210.0,DF-0,Deep central defenders
Lorenzo De Silvestri,Bologna,Serie A,2022,DF,DF,2294.0,DF-1,Wide attacking defenders
Luis Binks,Bologna,Serie A,2022,DF,DF,646.0,DF-0,Deep central defenders
Marko Arnautović,Bologna,Serie A,2022,FW,FW,2694.0,FW-0,Low involvement centre forwards
Mattias Svanberg,Bologna,Serie A,2022,MF,MF,2564.0,MF-0,Deep ball winning midfielders
Mitchell Dijks,Bologna,Serie A,2022,DF,"DF,FW",694.0,DF-1,Wide attacking defenders
Musa Barrow,Bologna,Serie A,2022,FW,"FW,MF",2134.0,FW-1,Creating and carrying forwards
Nicola Sansone,Bologna,Serie A,2022,MF,"MF,FW",896.0,MF-1,Advanced attacking midfielders
Nicolás Domínguez,Bologna,Serie A,2022,MF,MF,2015.0,MF-0,Deep ball winning midfielders
Riccardo Orsolini,Bologna,Serie A,2022,FW,"FW,MF",1785.0,FW-1,Creating and carrying forwards
Roberto Soriano,Bologna,Serie A,2022,MF,MF,2622.0,MF-1,Advanced attacking midfielders
Alberto Grassi,Cagliari,Serie A,2022,MF,MF,2174.0,MF-0,Deep ball winning midfielders
Alessandro Deiola,Cagliari,Serie A,2022,MF,MF,2129.0,MF-0,Deep ball winning midfielders
Andrea Carboni,Cagliari,Serie A,2022,DF,DF,2215.0,DF-0,Deep central defenders
Charalambos Lykogiannis,Cagliari,Serie A,2022,DF,"DF,FW",1817.0,DF-1,Wide attacking defenders
Dalbert Henrique,Cagliari,Serie A,2022,DF,"DF,MF",2081.0,DF-1,Wide attacking defenders
Diego Godín,Cagliari,Serie A,2022,DF,DF,818.0,DF-0,Deep central defenders
Edoardo Goldaniga,Cagliari,Serie A,2022,DF,DF,934.0,DF-0,Deep central defenders
Gabriele Zappa,Cagliari,Serie A,2022,DF,DF,1144.0,DF-1,Wide attacking defenders
Gastón Pereiro,Cagliari,Serie A,2022,FW,"FW,MF",975.0,FW-1,Creating and carrying forwards
Giorgio Altare,Cagliari,Serie A,2022,DF,DF,1466.0,DF-0,Deep central defenders
João Pedro,Cagliari,Serie A,2022,FW,FW,3323.0,FW-0,Low involvement centre forwards
Keita Baldé,Cagliari,Serie A,2022,FW,"FW,MF",1229.0,FW-0,Low involvement centre forwards
Kevin Strootman,Cagliari,Serie A,2022,MF,MF,640.0,MF-0,Deep ball winning midfielders
Leonardo Pavoletti,Cagliari,Serie A,2022,FW,FW,1518.0,FW-0,Low involvement centre forwards
Luca Ceppitelli,Cagliari,Serie A,2022,DF,DF,1445.0,DF-0,Deep central defenders
Martín Cáceres,Cagliari,Serie A,2022,DF,DF,832.0,DF-1,Wide attacking defenders
Matteo Lovato,Cagliari,Serie A,2022,DF,DF,1238.0,DF-0,Deep central defenders
Nahitan Nández,Cagliari,Serie A,2022,MF,"MF,DF",1523.0,MF-1,Advanced attacking midfielders
Raoul Bellanova,Cagliari,Serie A,2022,DF,DF,2496.0,DF-1,Wide attacking defenders
Răzvan Marin,Cagliari,Serie A,2022,MF,MF,2816.0,MF-1,Advanced attacking midfielders
Andrea La Mantia,Empoli,Serie A,2022,FW,"FW,MF",488.0,FW-0,Low involvement centre forwards
Andrea Pinamonti,Empoli,Serie A,2022,FW,FW,2869.0,FW-0,Low involvement centre forwards
Ardian Ismajli,Empoli,Serie A,2022,DF,DF,1272.0,DF-0,Deep central defenders
Fabiano Parisi,Empoli,Serie A,2022,DF,DF,1477.0,DF-1,Wide attacking defenders
Federico Di Francesco,Empoli,Serie A,2022,FW,"FW,MF",1367.0,FW-0,Low involvement centre forwards
Filippo Bandinelli,Empoli,Serie A,2022,MF,MF,1955.0,MF-1,Advanced attacking midfielders
Kristjan Asllani,Empoli,Serie A,2022,MF,MF,1353.0,MF-0,Deep ball winning midfielders
Leo Štulac,Empoli,Serie A,2022,MF,MF,833.0,MF-0,Deep ball winning midfielders
Liam Henderson,Empoli,Serie A,2022,MF,MF,2020.0,MF-1,Advanced attacking midfielders
Liberato Cacace,Empoli,Serie A,2022,DF,DF,466.0,DF-1,Wide attacking defenders
Lorenzo Tonelli,Empoli,Serie A,2022,DF,DF,870.0,DF-0,Deep central defenders
Mattia Viti,Empoli,Serie A,2022,DF,DF,1491.0,DF-0,Deep central defenders
Nedim Bajrami,Empoli,Serie A,2022,MF,"MF,FW",2054.0,MF-1,Advanced attacking midfielders
Nicolas Haas,Empoli,Serie A,2022,MF,MF,1001.0,MF-0,Deep ball winning midfielders
Patrick Cutrone,Empoli,Serie A,2022,FW,FW,1401.0,FW-0,Low involvement centre forwards
Petar Stojanović,Empoli,Serie A,2022,DF,DF,2735.0,DF-1,Wide attacking defenders
Riccardo Fiamozzi,Empoli,Serie A,2022,DF,DF,620.0,DF-1,Wide attacking defenders
Riccardo Marchizza,Empoli,Serie A,2022,DF,DF,1346.0,DF-1,Wide attacking defenders
Samuele Ricci,Empoli,Serie A,2022,MF,MF,1530.0,MF-0,Deep ball winning midfielders
Sebastiano Luperto,Empoli,Serie A,2022,DF,DF,1958.0,DF-0,Deep central defenders
Simone Romagnoli,Empoli,Serie A,2022,DF,DF,1497.0,DF-0,Deep central defenders
Szymon Żurkowski,Empoli,Serie A,2022,MF,MF,2307.0,MF-0,Deep ball winning midfielders
Alfred Duncan,Fiorentina,Serie A,2022,MF,MF,1931.0,MF-0,Deep ball winning midfielders
Arthur,Fiorentina,Serie A,2022,FW,FW,749.0,FW-0,Low involvement centre forwards
Cristiano Biraghi,Fiorentina,Serie A,2022,DF,DF,3153.0,DF-1,Wide attacking defenders
Dušan Vlahović,Fiorentina,Serie A,2022,FW,FW,1857.0,FW-0,Low involvement centre forwards
Gaetano Castrovilli,Fiorentina,Serie A,2022,MF,MF,1391.0,MF-1,Advanced attacking midfielders
Giacomo Bonaventura,Fiorentina,Serie A,2022,MF,MF,2266.0,MF-1,Advanced attacking midfielders
Igor,Fiorentina,Serie A,2022,DF,DF,2242.0,DF-0,Deep central defenders
Jonathan Ikone,Fiorentina,Serie A,2022,FW,FW,649.0,FW-1,Creating and carrying forwards
José Callejón,Fiorentina,Serie A,2022,FW,FW,1298.0,FW-1,Creating and carrying forwards
Krzysztof Piątek,Fiorentina,Serie A,2022,FW,FW,733.0,FW-0,Low involvement centre forwards
Lorenzo Venuti,Fiorentina,Serie A,2022,DF,DF,1571.0,DF-0,Deep central defenders
Lucas Martínez Quarta,Fiorentina,Serie A,2022,DF,DF,1431.0,DF-0,Deep central defenders
Lucas Torreira,Fiorentina,Serie A,2022,MF,MF,2195.0,MF-0,Deep ball winning midfielders
Nicolás González,Fiorentina,Serie A,2022,FW,FW,2357.0,FW-1,Creating and carrying forwards
Nikola Milenković,Fiorentina,Serie A,2022,DF,DF,2926.0,DF-0,Deep central defenders
Riccardo Saponara,Fiorentina,Serie A,2022,FW,FW,1284.0,FW-1,Creating and carrying forwards
Riccardo Sottil,Fiorentina,Serie A,2022,FW,FW,1239.0,FW-1,Creating and carrying forwards
Sofyan Amrabat,Fiorentina,Serie A,2022,MF,MF,944.0,MF-0,Deep ball winning midfielders
Youssef Maleh,Fiorentina,Serie A,2022,MF,MF,1019.0,MF-1,Advanced attacking midfielders
Álvaro Odriozola,Fiorentina,Serie A,2022,DF,DF,1733.0,DF-1,Wide attacking defenders
Albert Guðmundsson,Genoa,Serie A,2022,MF,MF,607.0,MF-1,Advanced attacking midfielders
Andrea Cambiaso,Genoa,Serie A,2022,DF,DF,1790.0,DF-1,Wide attacking defenders
Andrea Masiello,Genoa,Serie A,2022,DF,DF,515.0,DF-0,Deep central defenders
Caleb Ekuban,Genoa,Serie A,2022,FW,"FW,MF",1716.0,FW-0,Low involvement centre forwards
Davide Biraschi,Genoa,Serie A,2022,DF,DF,930.0,DF-0,Deep central defenders
Domenico Criscito,Genoa,Serie A,2022,DF,DF,1618.0,DF-0,Deep central defenders
Filippo Melegoni,Genoa,Serie A,2022,MF,MF,980.0,MF-1,Advanced attacking midfielders
Goran Pandev,Genoa,Serie A,2022,FW,"FW,MF",843.0,FW-0,Low involvement centre forwards
Hernani,Genoa,Serie A,2022,MF,"MF,FW",682.0,MF-0,Deep ball winning midfielders
Johan Vásquez,Genoa,Serie A,2022,DF,DF,2279.0,DF-0,Deep central defenders
Kelvin Yeboah,Genoa,Serie A,2022,FW,"FW,MF",850.0,FW-0,Low involvement centre forwards
Leo Skiri Østigård,Genoa,Serie A,2022,DF,DF,1172.0,DF-0,Deep central defenders
Manolo Portanova,Genoa,Serie A,2022,MF,MF,1322.0,MF-1,Advanced attacking midfielders
Mattia Bani,Genoa,Serie A,2022,DF,DF,1211.0,DF-0,Deep central defenders
Mattia Destro,Genoa,Serie A,2022,FW,FW,1744.0,FW-0,Low involvement centre forwards
Milan Badelj,Genoa,Serie A,2022,MF,MF,2844.0,MF-0,Deep ball winning midfielders
Mohamed Fares,Genoa,Serie A,2022,DF,"DF,MF",587.0,DF-1,Wide attacking defenders
Morten Frendrup,Genoa,Serie A,2022,DF,"DF,MF",695.0,DF-1,Wide attacking defenders
Nadiem Amiri,Genoa,Serie A,2022,MF,MF,683.0,MF-1,Advanced attacking midfielders
Nicolò Rovella,Genoa,Serie A,2022,MF,MF,1468.0,MF-0,Deep ball winning midfielders
Nikola Maksimović,Genoa,Serie A,2022,DF,DF,1115.0,DF-0,Deep central defenders
Pablo Galdames Millán,Genoa,Serie A,2022,MF,MF,1028.0,MF-0,Deep ball winning midfielders
Paolo Ghiglione,Genoa,Serie A,2022,DF,DF,603.0,DF-1,Wide attacking defenders
Silvan Hefti,Genoa,Serie A,2022,DF,DF,1288.0,DF-1,Wide attacking defenders
Stefano Sturaro,Genoa,Serie A,2022,MF,MF,1766.0,MF-0,Deep ball winning midfielders
Yayah Kallon,Genoa,Serie A,2022,MF,"MF,FW",636.0,MF-1,Advanced attacking midfielders
Zinho Vanheusden,Genoa,Serie A,2022,DF,DF,989.0,DF-0,Deep central defenders
Adrien Tameze,Hellas Verona,Serie A,2022,MF,"MF,DF",2574.0,MF-0,Deep ball winning midfielders
Antonín Barák,Hellas Verona,Serie A,2022,MF,"MF,FW",2340.0,MF-1,Advanced attacking midfielders
Bosko Sutalo,Hellas Verona,Serie A,2022,DF,DF,920.0,DF-0,Deep central defenders
Daniel Bessa,Hellas Verona,Serie A,2022,MF,MF,768.0,MF-0,Deep ball winning midfielders
Darko Lazović,Hellas Verona,Serie A,2022,DF,DF,2766.0,DF-1,Wide attacking defenders
Davide Faraoni,Hellas Verona,Serie A,2022,DF,DF,2572.0,DF-1,Wide attacking defenders
Fabio Depaoli,Hellas Verona,Serie A,2022,DF,DF,703.0,DF-1,Wide attacking defenders
Federico Ceccherini,Hellas Verona,Serie A,2022,DF,DF,2358.0,DF-0,Deep central defenders
Giangiacomo Magnani,Hellas Verona,Serie A,2022,DF,DF,530.0,DF-0,Deep central defenders
Gianluca Caprari,Hellas Verona,Serie A,2022,MF,"MF,FW",2739.0,MF-1,Advanced attacking midfielders
Giovanni Simeone,Hellas Verona,Serie A,2022,FW,FW,2653.0,FW-0,Low involvement centre forwards
Ivan Ilić,Hellas Verona,Serie A,2022,MF,MF,2526.0,MF-0,Deep ball winning midfielders
Kevin Lasagna,Hellas Verona,Serie A,2022,MF,"MF,FW",1184.0,MF-1,Advanced attacking midfielders
Koray Günter,Hellas Verona,Serie A,2022,DF,DF,2411.0,DF-0,Deep central defenders
Martin Hongla,Hellas Verona,Serie A,2022,MF,MF,651.0,MF-0,Deep ball winning midfielders
Miguel Veloso,Hellas Verona,Serie A,2022,MF,MF,1343.0,MF-0,Deep ball winning midfielders
Nicolò Casale,Hellas Verona,Serie A,2022,DF,DF,2586.0,DF-0,Deep central defenders
Paweł Dawidowicz,Hellas Verona,Serie A,2022,DF,DF,1198.0,DF-0,Deep central defenders
Alessandro Bastoni,Inter,Serie A,2022,DF,DF,2311.0,DF-0,Deep central defenders
Alexis Sánchez,Inter,Serie A,2022,FW,FW,881.0,FW-1,Creating and carrying forwards
Arturo Vidal,Inter,Serie A,2022,MF,MF,741.0,MF-0,Deep ball winning midfielders
Danilo D'Ambrosio,Inter,Serie A,2022,DF,DF,1000.0,DF-0,Deep central defenders
Denzel Dumfries,Inter,Serie A,2022,DF,DF,2028.0,DF-1,Wide attacking defenders
Edin Džeko,Inter,Serie A,2022,FW,FW,2469.0,FW-0,Low involvement centre forwards
Federico Dimarco,Inter,Serie A,2022,DF,DF,1430.0,DF-1,Wide attacking defenders
Hakan Çalhanoğlu,Inter,Serie A,2022,MF,MF,2480.0,MF-1,Advanced attacking midfielders
Ivan Perišić,Inter,Serie A,2022,DF,DF,2821.0,DF-1,Wide attacking defenders
Joaquín Correa,Inter,Serie A,2022,FW,FW,1025.0,FW-1,Creating and carrying forwards
Lautaro Martínez,Inter,Serie A,2022,FW,FW,2282.0,FW-0,Low involvement centre forwards
Marcelo Brozović,Inter,Serie A,2022,MF,MF,2937.0,MF-0,Deep ball winning midfielders
Matteo Darmian,Inter,Serie A,2022,DF,DF,1507.0,DF-1,Wide attacking defenders
Milan Škriniar,Inter,Serie A,2022,DF,DF,3150.0,DF-0,Deep central defenders
Nicolò Barella,Inter,Serie A,2022,MF,MF,2913.0,MF-1,Advanced attacking midfielders
Roberto Gagliardini,Inter,Serie A,2022,MF,MF,649.0,MF-0,Deep ball winning midfielders
Stefan de Vrij,Inter,Serie A,2022,DF,DF,2410.0,DF-0,Deep central defenders
Adrien Rabiot,Juventus,Serie A,2022,MF,MF,2285.0,MF-0,Deep ball winning midfielders
Alex Sandro,Juventus,Serie A,2022,DF,DF,1780.0,DF-1,Wide attacking defenders
Arthur Melo,Juventus,Serie A,2022,MF,MF,962.0,MF-0,Deep ball winning midfielders
Daniele Rugani,Juventus,Serie A,2022,DF,DF,879.0,DF-0,Deep central defenders
Danilo,Juventus,Serie A,2022,DF,"DF,MF",1893.0,DF-0,Deep central defenders
Dejan Kulusevski,Juventus,Serie A,2022,MF,"MF,FW",772.0,MF-1,Advanced attacking midfielders
Denis Zakaria,Juventus,Serie A,2022,MF,MF,597.0,MF-0,Deep ball winning midfielders
Dušan Vlahović,Juventus,Serie A,2022,FW,FW,1076.0,FW-0,Low involvement centre forwards
Federico Bernardeschi,Juventus,Serie A,2022,MF,"MF,FW",1475.0,MF-1,Advanced attacking midfielders
Federico Chiesa,Juventus,Serie A,2022,MF,"MF,FW",863.0,MF-1,Advanced attacking midfielders
Giorgio Chiellini,Juventus,Serie A,2022,DF,DF,1354.0,DF-0,Deep central defenders
Juan Cuadrado,Juventus,Serie A,2022,DF,"DF,MF",2487.0,DF-1,Wide attacking defenders
Leonardo Bonucci,Juventus,Serie A,2022,DF,DF,2005.0,DF-0,Deep central defenders
Luca Pellegrini,Juventus,Serie A,2022,DF,DF,1107.0,DF-1,Wide attacking defenders
Manuel Locatelli,Juventus,Serie A,2022,MF,MF,2160.0,MF-0,Deep ball winning midfielders
Matthijs de Ligt,Juventus,Serie A,2022,DF,DF,2674.0,DF-0,Deep central defenders
Mattia De Sciglio,Juventus,Serie A,2022,DF,DF,1168.0,DF-1,Wide attacking defenders
Moise Kean,Juventus,Serie A,2022,FW,FW,1098.0,FW-0,Low involvement centre forwards
Paulo Dybala,Juventus,Serie A,2022,FW,"FW,MF",2061.0,FW-1,Creating and carrying forwards
Rodrigo Bentancur,Juventus,Serie A,2022,MF,MF,1155.0,MF-0,Deep ball winning midfielders
Weston McKennie,Juventus,Serie A,2022,MF,MF,1369.0,MF-1,Advanced attacking midfielders
Álvaro Morata,Juventus,Serie A,2022,FW,FW,2302.0,FW-0,Low involvement centre forwards
Adam Marušić,Lazio,Serie A,2022,DF,DF,2721.0,DF-0,Deep central defenders
Ciro Immobile,Lazio,Serie A,2022,FW,FW,2711.0,FW-0,Low involvement centre forwards
Danilo Cataldi,Lazio,Serie A,2022,MF,MF,1707.0,MF-0,Deep ball winning midfielders
Elseid Hysaj,Lazio,Serie A,2022,DF,DF,2027.0,DF-1,Wide attacking defenders
Felipe Anderson,Lazio,Serie A,2022,FW,FW,2888.0,FW-1,Creating and carrying forwards
Francesco Acerbi,Lazio,Serie A,2022,DF,DF,2536.0,DF-0,Deep central defenders
Lucas Leiva,Lazio,Serie A,2022,MF,MF,1697.0,MF-0,Deep ball winning midfielders
Luis Alberto,Lazio,Serie A,2022,MF,MF,2353.0,MF-1,Advanced attacking midfielders
Luiz Felipe,Lazio,Serie A,2022,DF,DF,2491.0,DF-0,Deep central defenders
Manuel Lazzari,Lazio,Serie A,2022,DF,DF,1665.0,DF-1,Wide attacking defenders
Mattia Zaccagni,Lazio,Serie A,2022,FW,FW,1876.0,FW-1,Creating and carrying forwards
Patric,Lazio,Serie A,2022,DF,DF,1649.0,DF-0,Deep central defenders
Pedro,Lazio,Serie A,2022,FW,FW,2033.0,FW-1,Creating and carrying forwards
Sergej Milinković-Savić,Lazio,Serie A,2022,MF,MF,3100.0,MF-1,Advanced attacking midfielders
Toma Bašić,Lazio,Serie A,2022,MF,MF,982.0,MF-0,Deep ball winning midfielders
Ștefan Radu,Lazio,Serie A,2022,DF,DF,556.0,DF-0,Deep central defenders
Alessandro Florenzi,Milan,Serie A,2022,DF,"DF,MF",1152.0,DF-1,Wide attacking defenders
Alessio Romagnoli,Milan,Serie A,2022,DF,DF,1409.0,DF-0,Deep central defenders
Alexis Saelemaekers,Milan,Serie A,2022,MF,MF,1865.0,MF-1,Advanced attacking midfielders
Ante Rebić,Milan,Serie A,2022,MF,"MF,FW",891.0,MF-1,Advanced attacking midfielders
Brahim Díaz,Milan,Serie A,2022,MF,MF,1855.0,MF-1,Advanced attacking midfielders
Davide Calabria,Milan,Serie A,2022,DF,DF,2119.0,DF-1,Wide attacking defenders
Fikayo Tomori,Milan,Serie A,2022,DF,DF,2718.0,DF-0,Deep central defenders
Franck Kessié,Milan,Serie A,2022,MF,MF,2308.0,MF-0,Deep ball winning midfielders
Ismaël Bennacer,Milan,Serie A,2022,MF,MF,1525.0,MF-0,Deep ball winning midfielders
Junior Messias,Milan,Serie A,2022,MF,MF,1428.0,MF-1,Advanced attacking midfielders
Matteo Gabbia,Milan,Serie A,2022,DF,DF,537.0,DF-0,Deep central defenders
Olivier Giroud,Milan,Serie A,2022,FW,FW,1892.0,FW-0,Low involvement centre forwards
Pierre Kalulu,Milan,Serie A,2022,DF,DF,1944.0,DF-0,Deep central defenders
Rade Krunić,Milan,Serie A,2022,MF,MF,1416.0,MF-0,Deep ball winning midfielders
Rafael Leão,Milan,Serie A,2022,MF,MF,2605.0,MF-1,Advanced attacking midfielders
Sandro Tonali,Milan,Serie A,2022,MF,MF,2600.0,MF-0,Deep ball winning midfielders
Simon Kjær,Milan,Serie A,2022,DF,DF,802.0,DF-0,Deep central defenders
Theo Hernández,Milan,Serie A,2022,DF,DF,2711.0,DF-1,Wide attacking defenders
Tiemoué Bakayoko,Milan,Serie A,2022,MF,MF,501.0,MF-0,Deep ball winning midfielders
Zlatan Ibrahimović,Milan,Serie A,2022,FW,FW,1016.0,FW-1,Creating and carrying forwards
Alessandro Zanoli,Napoli,Serie A,2022,DF,DF,457.0,DF-1,Wide attacking defenders
Amir Rrahmani,Napoli,Serie A,2022,DF,DF,2927.0,DF-0,Deep central defenders
Andre-Frank Zambo Anguissa,Napoli,Serie A,2022,MF,MF,1926.0,MF-0,Deep ball winning midfielders
Andrea Petagna,Napoli,Serie A,2022,FW,FW,586.0,FW-0,Low involvement centre forwards
Diego Demme,Napoli,Serie A,2022,MF,MF,692.0,MF-0,Deep ball winning midfielders
Dries Mertens,Napoli,Serie A,2022,FW,"FW,MF",1384.0,FW-1,Creating and carrying forwards
Elif Elmas,Napoli,Serie A,2022,MF,"MF,FW",1620.0,MF-1,Advanced attacking midfielders
Fabián Ruiz Peña,Napoli,Serie A,2022,MF,MF,2384.0,MF-0,Deep ball winning midfielders
Giovanni Di Lorenzo,Napoli,Serie A,2022,DF,DF,2869.0,DF-1,Wide attacking defenders
Hirving Lozano,Napoli,Serie A,2022,MF,"MF,FW",1613.0,MF-1,Advanced attacking midfielders
Juan Jesus,Napoli,Serie A,2022,DF,DF,1278.0,DF-0,Deep central defenders
Kalidou Koulibaly,Napoli,Serie A,2022,DF,DF,2405.0,DF-0,Deep central defenders
Lorenzo Insigne,Napoli,Serie A,2022,MF,"MF,FW",2290.0,MF-1,Advanced attacking midfielders
Matteo Politano,Napoli,Serie A,2022,MF,"MF,FW",1650.0,MF-1,Advanced attacking midfielders
Mário Rui,Napoli,Serie A,2022,DF,DF,2992.0,DF-1,Wide attacking defenders
Piotr Zieliński,Napoli,Serie A,2022,MF,MF,2086.0,MF-1,Advanced attacking midfielders
Stanislav Lobotka,Napoli,Serie A,2022,MF,MF,1686.0,MF-0,Deep ball winning midfielders
Victor Osimhen,Napoli,Serie A,2022,FW,FW,1983.0,FW-0,Low involvement centre forwards
Ainsley Maitland-Niles,Roma,Serie A,2022,DF,DF,487.0,DF-1,Wide attacking defenders
Bryan Cristante,Roma,Serie A,2022,MF,MF,2678.0,MF-0,Deep ball winning midfielders
Carles Pérez,Roma,Serie A,2022,MF,"MF,DF",554.0,MF-1,Advanced attacking midfielders
Chris Smalling,Roma,Serie A,2022,DF,DF,2091.0,DF-0,Deep central defenders
Eldor Shomurodov,Roma,Serie A,2022,FW,"FW,MF",784.0,FW-1,Creating and carrying forwards
Felix Afena-Gyan,Roma,Serie A,2022,FW,"FW,MF",668.0,FW-0,Low involvement centre forwards
Gianluca Mancini,Roma,Serie A,2022,DF,DF,2878.0,DF-0,Deep central defenders
Henrikh Mkhitaryan,Roma,Serie A,2022,MF,MF,2495.0,MF-1,Advanced attacking midfielders
Jordan Veretout,Roma,Serie A,2022,MF,MF,2319.0,MF-0,Deep ball winning midfielders
Lorenzo Pellegrini,Roma,Serie A,2022,MF,MF,2289.0,MF-1,Advanced attacking midfielders
Marash Kumbulla,Roma,Serie A,2022,DF,DF,1025.0,DF-0,Deep central defenders
Matías Viña,Roma,Serie A,2022,DF,"DF,FW",1565.0,DF-1,Wide attacking defenders
Nicola Zalewski,Roma,Serie A,2022,DF,DF,793.0,DF-1,Wide attacking defenders
Nicolò Zaniolo,Roma,Serie A,2022,FW,"FW,MF",1971.0,FW-1,Creating and carrying forwards
Rick Karsdorp,Roma,Serie A,2022,DF,"DF,FW",2883.0,DF-1,Wide attacking defenders
Roger Ibanez,Roma,Serie A,2022,DF,DF,2889.0,DF-0,Deep central defenders
Stephan El Shaarawy,Roma,Serie A,2022,MF,"MF,FW",1055.0,MF-1,Advanced attacking midfielders
Sérgio Oliveira,Roma,Serie A,2022,MF,MF,892.0,MF-0,Deep ball winning midfielders
Tammy Abraham,Roma,Serie A,2022,FW,FW,3084.0,FW-0,Low involvement centre forwards
Andrea Schiavone,Salernitana,Serie A,2022,MF,MF,571.0,MF-0,Deep ball winning midfielders
Cedric Gondo,Salernitana,Serie A,2022,FW,FW,699.0,FW-0,Low involvement centre forwards
Emil Bohinen,Salernitana,Serie A,2022,MF,MF,699.0,MF-0,Deep ball winning midfielders
Federico Bonazzoli,Salernitana,Serie A,2022,FW,"FW,MF",1866.0,FW-0,Low involvement centre forwards
Federico Fazio,Salernitana,Serie A,2022,DF,DF,1434.0,DF-0,Deep central defenders
Francesco Di Tacchio,Salernitana,Serie A,2022,MF,MF,1255.0,MF-0,Deep ball winning midfielders
Franck Ribéry,Salernitana,Serie A,2022,MF,"MF,FW",1421.0,MF-1,Advanced attacking midfielders
Freddie Veseli,Salernitana,Serie A,2022,DF,DF,596.0,DF-0,Deep central defenders
Grigoris Kastanos,Salernitana,Serie A,2022,MF,MF,1348.0,MF-1,Advanced attacking midfielders
Ivan Radovanović,Salernitana,Serie A,2022,DF,"DF,MF",1053.0,DF-0,Deep central defenders
Joel Obi,Salernitana,Serie A,2022,MF,"MF,DF",1143.0,MF-0,Deep ball winning midfielders
Lassana Coulibaly,Salernitana,Serie A,2022,MF,MF,2332.0,MF-0,Deep ball winning midfielders
Luca Ranieri,Salernitana,Serie A,2022,DF,DF,2103.0,DF-1,Wide attacking defenders
Mamadou Coulibaly,Salernitana,Serie A,2022,MF,MF,808.0,MF-0,Deep ball winning midfielders
Matteo Ruggeri,Salernitana,Serie A,2022,DF,DF,676.0,DF-1,Wide attacking defenders
Milan Đurić,Salernitana,Serie A,2022,FW,FW,2165.0,FW-0,Low involvement centre forwards
Nadir Zortea,Salernitana,Serie A,2022,DF,"DF,MF",1410.0,DF-1,Wide attacking defenders
Norbert Gyömbér,Salernitana,Serie A,2022,DF,DF,2563.0,DF-0,Deep central defenders
Pasquale Mazzocchi,Salernitana,Serie A,2022,DF,DF,1269.0,DF-1,Wide attacking defenders
Paweł Jaroszyński,Salernitana,Serie A,2022,DF,DF,516.0,DF-1,Wide attacking defenders
Radu Drăgușin,Salernitana,Serie A,2022,DF,DF,488.0,DF-0,Deep central defenders
Riccardo Gagliolo,Salernitana,Serie A,2022,DF,DF,1138.0,DF-0,Deep central defenders
Simeon Nwankwo,Salernitana,Serie A,2022,FW,FW,842.0,FW-0,Low involvement centre forwards
Simone Verdi,Salernitana,Serie A,2022,MF,"MF,FW",829.0,MF-1,Advanced attacking midfielders
Stefan Strandberg,Salernitana,Serie A,2022,DF,DF,933.0,DF-0,Deep central defenders
Wajdi Kechrida,Salernitana,Serie A,2022,DF,"DF,MF",952.0,DF-1,Wide attacking defenders
Éderson,Salernitana,Serie A,2022,MF,MF,1147.0,MF-0,Deep ball winning midfielders
Abdelhamid Sabiri,Sampdoria,Serie A,2022,MF,"MF,FW",893.0,MF-1,Advanced attacking midfielders
Adrien Silva,Sampdoria,Serie A,2022,MF,MF,1083.0,MF-0,Deep ball winning midfielders
Albin Ekdal,Sampdoria,Serie A,2022,MF,MF,1637.0,MF-0,Deep ball winning midfielders
Alex Ferrari,Sampdoria,Serie A,2022,DF,DF,1643.0,DF-0,Deep central defenders
Antonio Candreva,Sampdoria,Serie A,2022,MF,MF,3119.0,MF-1,Advanced attacking midfielders
Bartosz Bereszyński,Sampdoria,Serie A,2022,DF,DF,2946.0,DF-1,Wide attacking defenders
Fabio Quagliarella,Sampdoria,Serie A,2022,FW,FW,1664.0,FW-0,Low involvement centre forwards
Francesco Caputo,Sampdoria,Serie A,2022,FW,FW,2790.0,FW-0,Low involvement centre forwards
Julian Chabot,Sampdoria,Serie A,2022,DF,DF,490.0,DF-0,Deep central defenders
Kristoffer Askildsen,Sampdoria,Serie A,2022,MF,MF,754.0,MF-0,Deep ball winning midfielders
Manolo Gabbiadini,Sampdoria,Serie A,2022,FW,"FW,MF",1140.0,FW-0,Low involvement centre forwards
Maya Yoshida,Sampdoria,Serie A,2022,DF,DF,1823.0,DF-0,Deep central defenders
Mikkel Damsgaard,Sampdoria,Serie A,2022,MF,MF,578.0,MF-1,Advanced attacking midfielders
Morten Thorsby,Sampdoria,Serie A,2022,MF,MF,2943.0,MF-0,Deep ball winning midfielders
Nicola Murru,Sampdoria,Serie A,2022,DF,DF,983.0,DF-1,Wide attacking defenders
Omar Colley,Sampdoria,Serie A,2022,DF,DF,2745.0,DF-0,Deep central defenders
Radu Drăgușin,Sampdoria,Serie A,2022,DF,DF,620.0,DF-0,Deep central defenders
Ronaldo Vieira,Sampdoria,Serie A,2022,MF,MF,495.0,MF-0,Deep ball winning midfielders
Stefano Sensi,Sampdoria,Serie A,2022,MF,"MF,FW",754.0,MF-1,Advanced attacking midfielders
Tommaso Augello,Sampdoria,Serie A,2022,DF,DF,2395.0,DF-1,Wide attacking defenders
Tomás Rincón,Sampdoria,Serie A,2022,MF,MF,1166.0,MF-0,Deep ball winning midfielders
Abdou Harroui,Sassuolo,Serie A,2022,MF,MF,452.0,MF-0,Deep ball winning midfielders
Davide Frattesi,Sassuolo,Serie A,2022,MF,MF,2854.0,MF-0,Deep ball winning midfielders
Domenico Berardi,Sassuolo,Serie A,2022,MF,"MF,FW",2819.0,MF-1,Advanced attacking midfielders
Filip Đuričić,Sassuolo,Serie A,2022,MF,MF,671.0,MF-1,Advanced attacking midfielders
Giacomo Raspadori,Sassuolo,Serie A,2022,MF,"MF,FW",2740.0,MF-1,Advanced attacking midfielders
Gian Marco Ferrari,Sassuolo,Serie A,2022,DF,DF,3124.0,DF-0,Deep central defenders
Gianluca Scamacca,Sassuolo,Serie A,2022,FW,FW,2146.0,FW-0,Low involvement centre forwards
Giorgos Kyriakopoulos,Sassuolo,Serie A,2022,DF,"DF,MF",1975.0,DF-1,Wide attacking defenders
Grégoire Defrel,Sassuolo,Serie A,2022,FW,"FW,MF",1362.0,FW-0,Low involvement centre forwards
Hamed Junior Traorè,Sassuolo,Serie A,2022,MF,MF,1775.0,MF-1,Advanced attacking midfielders
Jeremie Boga,Sassuolo,Serie A,2022,MF,"MF,FW",670.0,MF-1,Advanced attacking midfielders
Jeremy Toljan,Sassuolo,Serie A,2022,DF,DF,1399.0,DF-1,Wide attacking defenders
Kaan Ayhan,Sassuolo,Serie A,2022,DF,DF,1354.0,DF-0,Deep central defenders
Matheus Henrique,Sassuolo,Serie A,2022,MF,MF,1078.0,MF-0,Deep ball winning midfielders
Maxime Lopez,Sassuolo,Serie A,2022,MF,MF,2938.0,MF-0,Deep ball winning midfielders
Mert Müldür,Sassuolo,Serie A,2022,DF,DF,2046.0,DF-1,Wide attacking defenders
Rogério,Sassuolo,Serie A,2022,DF,DF,1729.0,DF-1,Wide attacking defenders
Vlad Chiricheș,Sassuolo,Serie A,2022,DF,DF,2300.0,DF-0,Deep central defenders
Arkadiusz Reca,Spezia,Serie A,2022,DF,DF,1772.0,DF-1,Wide attacking defenders
Daniele Verde,Spezia,Serie A,2022,MF,"MF,FW",1957.0,MF-1,Advanced attacking midfielders
Dimitris Nikolaou,Spezia,Serie A,2022,DF,DF,3240.0,DF-0,Deep central defenders
Dávid Strelec,Spezia,Serie A,2022,MF,"MF,FW",502.0,MF-1,Advanced attacking midfielders
Emmanuel Gyasi,Spezia,Serie A,2022,MF,"MF,FW",3035.0,MF-0,Deep ball winning midfielders
Giulio Maggiore,Spezia,Serie A,2022,MF,MF,2819.0,MF-0,Deep ball winning midfielders
Jacopo Sala,Spezia,Serie A,2022,MF,MF,880.0,MF-0,Deep ball winning midfielders
Jakub Kiwior,Spezia,Serie A,2022,MF,MF,1964.0,MF-0,Deep ball winning midfielders
Janis Antiste,Spezia,Serie A,2022,FW,"FW,MF",796.0,FW-0,Low involvement centre forwards
Kelvin Amian,Spezia,Serie A,2022,DF,DF,2646.0,DF-0,Deep central defenders
Kevin Agudelo,Spezia,Serie A,2022,MF,"MF,FW",1237.0,MF-1,Advanced attacking midfielders
M'Bala Nzola,Spezia,Serie A,2022,FW,FW,1068.0,FW-0,Low involvement centre forwards
Martin Erlic,Spezia,Serie A,2022,DF,DF,2576.0,DF-0,Deep central defenders
Petko Hristov,Spezia,Serie A,2022,DF,DF,1248.0,DF-0,Deep central defenders
Rey Manaj,Spezia,Serie A,2022,FW,FW,1768.0,FW-0,Low involvement centre forwards
Salvador Ferrer,Spezia,Serie A,2022,DF,"DF,MF",1495.0,DF-1,Wide attacking defenders
Simone Bastoni,Spezia,Serie A,2022,MF,"MF,DF",2288.0,MF-0,Deep ball winning midfielders
Viktor Kovalenko,Spezia,Serie A,2022,MF,MF,1325.0,MF-0,Deep ball winning midfielders
Alessandro Buongiorno,Torino,Serie A,2022,DF,DF,1181.0,DF-0,Deep central defenders
Andrea Belotti,Torino,Serie A,2022,FW,FW,1371.0,FW-0,Low involvement centre forwards
Antonio Sanabria,Torino,Serie A,2022,FW,FW,1803.0,FW-0,Low involvement centre forwards
Armando Izzo,Torino,Serie A,2022,DF,DF,526.0,DF-0,Deep central defenders
Cristian Ansaldi,Torino,Serie A,2022,DF,DF,691.0,DF-1,Wide attacking defenders
David Zima,Torino,Serie A,2022,DF,DF,1314.0,DF-0,Deep central defenders
Dennis Praet,Torino,Serie A,2022,MF,MF,1539.0,MF-1,Advanced attacking midfielders
Gleison Bremer,Torino,Serie A,2022,DF,DF,2890.0,DF-0,Deep central defenders
Josip Brekalo,Torino,Serie A,2022,MF,MF,2286.0,MF-1,Advanced attacking midfielders
Karol Linetty,Torino,Serie A,2022,MF,"MF,FW",896.0,MF-1,Advanced attacking midfielders
Koffi Djidji,Torino,Serie A,2022,DF,DF,1735.0,DF-0,Deep central defenders
Marko Pjaca,Torino,Serie A,2022,MF,MF,1149.0,MF-1,Advanced attacking midfielders
Mërgim Vojvoda,Torino,Serie A,2022,DF,DF,1976.0,DF-1,Wide attacking defenders
Ola Aina,Torino,Serie A,2022,DF,DF,1437.0,DF-1,Wide attacking defenders
Ricardo Rodríguez,Torino,Serie A,2022,DF,DF,2473.0,DF-0,Deep central defenders
Rolando Mandragora,Torino,Serie A,2022,MF,MF,1319.0,MF-0,Deep ball winning midfielders
Samuele Ricci,Torino,Serie A,2022,MF,MF,722.0,MF-0,Deep ball winning midfielders
Saša Lukić,Torino,Serie A,2022,MF,MF,2982.0,MF-0,Deep ball winning midfielders
Tommaso Pobega,Torino,Serie A,2022,MF,MF,2240.0,MF-0,Deep ball winning midfielders
Wilfried Singo,Torino,Serie A,2022,DF,DF,2607.0,DF-1,Wide attacking defenders
Beto,Udinese,Serie A,2022,FW,FW,2173.0,FW-0,Low involvement centre forwards
Bram Nuytinck,Udinese,Serie A,2022,DF,DF,2033.0,DF-0,Deep central defenders
Brandon Soppy,Udinese,Serie A,2022,DF,"DF,MF",777.0,DF-1,Wide attacking defenders
Gerard Deulofeu,Udinese,Serie A,2022,FW,"FW,MF",2616.0,FW-1,Creating and carrying forwards
Ignacio Pussetto,Udinese,Serie A,2022,FW,"FW,MF",1204.0,FW-0,Low involvement centre forwards
Isaac Success,Udinese,Serie A,2022,FW,"FW,MF",911.0,FW-0,Low involvement centre forwards
Iyenoma Udogie,Udinese,Serie A,2022,DF,DF,2477.0,DF-1,Wide attacking defenders
Jean-Victor Makengo,Udinese,Serie A,2022,MF,MF,2351.0,MF-0,Deep ball winning midfielders
Jens Stryger Larsen,Udinese,Serie A,2022,DF,DF,684.0,DF-1,Wide attacking defenders
Lazar Samardzic,Udinese,Serie A,2022,MF,MF,490.0,MF-1,Advanced attacking midfielders
Marvin Zeegelaar,Udinese,Serie A,2022,DF,DF,643.0,DF-0,Deep central defenders
Mato Jajalo,Udinese,Serie A,2022,MF,MF,629.0,MF-0,Deep ball winning midfielders
Nahuel Molina,Udinese,Serie A,2022,DF,DF,2638.0,DF-1,Wide attacking defenders
Nehuén Pérez,Udinese,Serie A,2022,DF,DF,1692.0,DF-0,Deep central defenders
Pablo Marí,Udinese,Serie A,2022,DF,DF,1341.0,DF-0,Deep central defenders
Roberto Pereyra,Udinese,Serie A,2022,MF,"MF,FW",1794.0,MF-1,Advanced attacking midfielders
Rodrigo Becão,Udinese,Serie A,2022,DF,DF,3130.0,DF-0,Deep central defenders
Samir Santos,Udinese,Serie A,2022,DF,DF,1421.0,DF-0,Deep central defenders
Tolgay Arslan,Udinese,Serie A,2022,MF,MF,1658.0,MF-0,Deep ball winning midfielders
Walace,Udinese,Serie A,2022,MF,MF,2970.0,MF-0,Deep ball winning midfielders
Aleš Matějů,Venezia,Serie A,2022,DF,DF,727.0,DF-1,Wide attacking defenders
Antonio Vacca,Venezia,Serie A,2022,MF,MF,1064.0,MF-0,Deep ball winning midfielders
Cristian Molinaro,Venezia,Serie A,2022,DF,DF,548.0,DF-1,Wide attacking defenders
David Okereke,Venezia,Serie A,2022,FW,"FW,MF",2053.0,FW-0,Low involvement centre forwards
Dennis Johnsen,Venezia,Serie A,2022,FW,"FW,MF",1445.0,FW-0,Low involvement centre forwards
Domen Črnigoj,Venezia,Serie A,2022,MF,MF,1881.0,MF-0,Deep ball winning midfielders
Dor Peretz,Venezia,Serie A,2022,MF,MF,585.0,MF-0,Deep ball winning midfielders
Ethan Ampadu,Venezia,Serie A,2022,MF,"MF,DF",2282.0,MF-0,Deep ball winning midfielders
Gianluca Busio,Venezia,Serie A,2022,MF,MF,1950.0,MF-0,Deep ball winning midfielders
Luca Fiordilino,Venezia,Serie A,2022,MF,MF,661.0,MF-0,Deep ball winning midfielders
Mattia Aramu,Venezia,Serie A,2022,MF,"MF,FW",2100.0,MF-1,Advanced attacking midfielders
Mattia Caldara,Venezia,Serie A,2022,DF,DF,2704.0,DF-0,Deep central defenders
Michael Svoboda,Venezia,Serie A,2022,DF,DF,1236.0,DF-0,Deep central defenders
Mickaël Cuisance,Venezia,Serie A,2022,MF,MF,918.0,MF-0,Deep ball winning midfielders
Pasquale Mazzocchi,Venezia,Serie A,2022,DF,DF,1243.0,DF-1,Wide attacking defenders
Pietro Ceccaroni,Venezia,Serie A,2022,DF,DF,3122.0,DF-0,Deep central defenders
Ridgeciano Haps,Venezia,Serie A,2022,DF,DF,2056.0,DF-1,Wide attacking defenders
Sofian Kiyine,Venezia,Serie A,2022,MF,"MF,FW",1239.0,MF-1,Advanced attacking midfielders
Tanner Tessmann,Venezia,Serie A,2022,MF,MF,680.0,MF-0,Deep ball winning midfielders
Thomas Henry,Venezia,Serie A,2022,FW,FW,2115.0,FW-0,Low involvement centre forwards
Tyronne Ebuehi,Venezia,Serie A,2022,DF,DF,1138.0,DF-1,Wide attacking defenders
